listing_id,positive_rate
11834,0.9166666666666666
12398,0.625
19965,0.6428571428571429
20587,0.8
20699,0.7352941176470589
21811,1.0
22573,0.5517241379310345
22930,1.0
25875,0.75
29606,0.4
48807,0.5454545454545454
49240,0.6666666666666666
50333,0.6666666666666666
50471,0.6585365853658537
53265,0.7
53322,0.5217391304347826
53325,0.6956521739130435
54991,0.0
55710,0.9428571428571428
56795,0.8
56801,1.0
57982,0.6666666666666666
58273,0.7058823529411765
59749,1.0
60300,0.7843137254901961
64683,0.5128205128205128
65104,0.5454545454545454
70477,0.5806451612903226
70621,0.6818181818181818
73235,0.5789473684210527
75474,1.0
77831,0.6875
80280,0.5483870967741935
80292,0.4
80612,0.25
84226,0.9
85857,0.4166666666666667
86187,0.8958333333333334
88428,0.75
90666,0.5769230769230769
91029,0.45454545454545453
93976,0.7857142857142857
94106,0.5882352941176471
95415,0.5
96351,1.0
96755,0.4230769230769231
99620,0.6666666666666666
103245,0.7924528301886793
103870,0.37254901960784315
108035,0.0
108039,0.6071428571428571
113590,0.4
116291,0.0
117251,0.9166666666666666
118803,0.55
124269,0.8
125484,0.8928571428571429
131221,0.7
135307,0.5217391304347826
137713,1.0
137724,0.6666666666666666
138192,0.6
139330,0.0
140801,0.65
141614,0.6666666666666666
141634,1.0
147381,0.36363636363636365
155179,0.631578947368421
156445,0.5789473684210527
163008,0.5625
166454,0.5573770491803278
166894,0.639344262295082
172334,1.0
175380,0.7142857142857143
181189,1.0
181747,0.8333333333333334
182862,0.6
183969,0.7391304347826086
186484,0.7333333333333333
191877,1.0
192859,1.0
194786,0.5
220921,0.5
223154,0.6153846153846154
226372,0.8823529411764706
228872,1.0
228911,0.8181818181818182
230555,1.0
231116,0.5833333333333334
231654,0.6666666666666666
234534,0.8125
234538,0.5555555555555556
234540,0.7
234542,0.75
234544,0.7058823529411765
235858,0.42857142857142855
239234,0.3684210526315789
239253,0.43243243243243246
239288,0.5625
239293,0.4857142857142857
247254,0.5294117647058824
255221,1.0
256695,0.8928571428571429
258330,0.5555555555555556
259075,0.7
262254,0.627906976744186
262313,0.6538461538461539
262876,0.6721311475409836
263658,0.5192307692307693
264679,0.6
266296,0.8064516129032258
269143,0.7567567567567568
271812,0.7407407407407407
273971,0.1
275213,0.5
275420,0.8214285714285714
277084,0.16666666666666666
280117,0.5
280198,0.7619047619047619
281629,0.75
282831,1.0
283620,0.5789473684210527
283699,0.8148148148148148
285564,1.0
289471,0.8
290388,0.5
291274,0.2631578947368421
293274,1.0
295715,0.6666666666666666
295755,0.0
298031,0.7575757575757576
299695,0.6
300848,0.35714285714285715
302154,0.6060606060606061
302157,0.4782608695652174
305009,0.0
305081,0.7037037037037037
307429,0.7272727272727273
307892,1.0
315264,0.45454545454545453
317380,0.9736842105263158
320025,1.0
322226,1.0
322298,1.0
323283,0.4
325175,0.8125
325252,0.6666666666666666
325961,0.8
326062,0.625
329646,0.23529411764705882
329669,0.16666666666666666
332616,1.0
332998,0.5
334323,0.7
339692,0.64
340097,0.6666666666666666
341703,1.0
354159,0.0
356046,0.6666666666666666
363364,1.0
366441,0.3333333333333333
370630,0.5
377095,0.36363636363636365
386625,1.0
387704,0.5714285714285714
392407,0.5
395813,0.0
399381,0.625
400826,1.0
407422,1.0
408154,0.375
409020,0.6666666666666666
409578,0.2727272727272727
409920,0.4444444444444444
410941,0.4791666666666667
411259,0.0
414211,0.3333333333333333
414444,0.3333333333333333
415254,0.7777777777777778
415705,0.8
417824,0.8571428571428571
419871,0.9032258064516129
421145,0.8
422410,0.6923076923076923
424531,1.0
426720,0.5
427190,0.5555555555555556
427481,0.375
427944,1.0
428414,0.7222222222222222
432720,0.5714285714285714
434341,0.3333333333333333
434512,0.39285714285714285
436480,0.5
440255,0.0
443404,1.0
444469,0.0
451971,0.6
452216,0.8
452376,1.0
457241,0.0
457302,0.41379310344827586
463691,1.0
464953,0.5909090909090909
467064,0.5652173913043478
468300,0.375
469145,0.5555555555555556
472700,0.8333333333333334
473825,0.5
475751,0.7027027027027027
482695,0.8333333333333334
484371,0.5909090909090909
490737,0.4375
500154,0.25
501912,0.75
512967,0.6666666666666666
527124,0.6666666666666666
527250,0.6428571428571429
531710,0.5185185185185185
532061,1.0
532077,0.6410256410256411
535946,0.0
539322,0.41935483870967744
539492,0.48
541240,0.5789473684210527
544843,0.5454545454545454
546203,0.4107142857142857
553026,1.0
553816,0.6666666666666666
560450,0.47368421052631576
561231,0.75
567563,0.4782608695652174
570448,0.37777777777777777
573109,0.16666666666666666
576496,0.7857142857142857
581723,0.0
588527,0.6190476190476191
590418,0.36363636363636365
592150,0.4
603234,0.6666666666666666
603558,0.9166666666666666
603639,0.6896551724137931
608586,0.21428571428571427
614621,0.425531914893617
618566,0.5466666666666666
619022,0.4
624562,0.7777777777777778
639627,0.8571428571428571
642001,0.8
645705,0.5
647163,1.0
647884,0.6
650151,0.5217391304347826
653570,0.3888888888888889
653881,1.0
654241,0.5
657412,0.5
662235,0.7105263157894737
667421,0.6153846153846154
672101,0.42857142857142855
674274,0.7741935483870968
679808,0.0
679886,0.16666666666666666
683861,0.6
686007,0.45454545454545453
690097,1.0
691189,0.6
691271,0.7272727272727273
691626,0.6307692307692307
692218,0.6708860759493671
692245,0.5087719298245614
693148,0.5161290322580645
693641,0.0
696277,0.9473684210526315
696777,0.6111111111111112
697070,0.4782608695652174
697853,0.5
698322,0.3333333333333333
698925,0.4791666666666667
704162,0.5454545454545454
705322,0.0
706782,0.6486486486486487
711563,0.7894736842105263
711649,0.3333333333333333
712160,0.5625
712185,0.8333333333333334
723197,0.0
723544,0.9
724038,0.8048780487804879
724050,0.5185185185185185
730032,1.0
732058,0.7931034482758621
735417,1.0
737165,0.75
739341,0.45454545454545453
744651,0.918918918918919
750042,0.3333333333333333
750055,0.0
750472,0.5
756083,0.5714285714285714
758874,0.7142857142857143
759644,0.8409090909090909
766424,0.3333333333333333
770099,1.0
771124,0.7
773473,0.9090909090909091
773478,0.46153846153846156
773978,0.8333333333333334
775658,0.3333333333333333
778012,0.6206896551724138
780791,0.72
781445,0.5
782198,0.6333333333333333
782316,0.7073170731707317
783263,0.0
783986,0.7142857142857143
784311,0.0
790785,0.5
792474,0.6153846153846154
794009,0.8378378378378378
794880,0.6
795513,1.0
797400,0.5483870967741935
797406,0.5666666666666667
800145,0.0
801311,1.0
806822,0.8095238095238095
808450,0.9411764705882353
811973,0.7916666666666666
812342,0.5
812387,0.8
818616,0.8333333333333334
818839,0.40476190476190477
820686,0.5
825299,0.8673469387755102
825367,0.6727272727272727
827269,0.7169811320754716
834023,0.8918918918918919
836133,0.41025641025641024
838023,0.53125
841633,0.7575757575757576
843160,0.6666666666666666
843518,0.6307692307692307
844558,0.5
844662,0.7884615384615384
844967,0.6
847691,0.7222222222222222
848506,0.7727272727272727
850630,0.5
852680,0.6170212765957447
852799,0.4444444444444444
855707,1.0
857405,0.6666666666666666
857445,1.0
859685,0.6666666666666666
861697,0.8918918918918919
866666,0.8461538461538461
866871,0.7068965517241379
870905,0.7818181818181819
871542,0.7
876289,1.0
878385,0.5714285714285714
880092,0.5238095238095238
882945,0.7777777777777778
886953,0.7073170731707317
888645,0.5
896524,0.4666666666666667
897047,1.0
897360,0.8148148148148148
900368,0.6666666666666666
901668,0.6666666666666666
906915,0.6065573770491803
909292,0.7272727272727273
914466,0.4
917861,0.6507936507936508
920132,0.5
922888,0.7551020408163265
925502,0.8064516129032258
928448,0.0
928606,0.8
930540,1.0
930655,0.8717948717948718
932380,1.0
935007,0.5
935188,0.5
935231,0.8387096774193549
936100,0.631578947368421
937861,0.5714285714285714
944491,0.6666666666666666
944620,0.6666666666666666
946643,0.6086956521739131
951498,0.6984126984126984
954590,1.0
954760,0.8
956475,0.38461538461538464
956558,0.6666666666666666
958119,0.2
958253,0.7352941176470589
963429,0.7192982456140351
965158,0.41025641025641024
965942,0.7727272727272727
968004,1.0
969018,0.8571428571428571
969606,0.5925925925925926
969865,0.6666666666666666
971894,1.0
971905,0.7564102564102564
976389,0.375
982623,0.5
983127,0.21739130434782608
983997,0.4444444444444444
984119,0.25
984327,0.8448275862068966
984559,0.6086956521739131
984729,0.6521739130434783
988524,0.78
988700,0.4166666666666667
990139,0.5862068965517241
993609,0.7692307692307693
994966,0.4
995129,0.5555555555555556
995829,0.5
998048,0.7142857142857143
998427,0.6666666666666666
1000039,0.8571428571428571
1002897,0.6923076923076923
1003046,0.75
1003392,1.0
1004844,1.0
1006879,0.6764705882352942
1008155,0.3333333333333333
1008848,0.75
1013370,0.0
1014376,0.0
1015224,0.0
1019643,0.875
1040846,0.8
1041693,0.75
1042725,1.0
1045646,0.6666666666666666
1047490,0.6111111111111112
1047661,0.5
1049639,0.864406779661017
1049640,0.7721518987341772
1049890,0.88
1050056,0.5416666666666666
1051382,0.3333333333333333
1054445,0.8571428571428571
1054864,0.5
1058802,0.4
1067728,0.75
1069884,1.0
1072962,0.7708333333333334
1082840,0.3333333333333333
1082841,0.625
1084634,0.2608695652173913
1085980,0.4
1086785,0.7647058823529411
1093514,1.0
1093536,0.5
1098701,0.0
1099890,0.25
1108531,0.6764705882352942
1113395,0.9583333333333334
1114163,1.0
1116417,0.5263157894736842
1125570,1.0
1126422,1.0
1127071,0.6792452830188679
1136511,0.2222222222222222
1136842,0.5
1137487,0.6666666666666666
1140116,0.8125
1147091,0.5384615384615384
1147741,0.7
1153507,0.68
1156028,0.9545454545454546
1157936,0.6521739130434783
1165064,0.4
1165204,1.0
1170571,0.6956521739130435
1172635,1.0
1176688,1.0
1189026,0.7209302325581395
1190619,0.5
1193247,0.6666666666666666
1213068,0.5263157894736842
1221610,0.9230769230769231
1222414,0.5
1224305,0.6666666666666666
1224367,0.0
1231282,0.4
1234346,0.6923076923076923
1242019,0.5737704918032787
1245631,0.5652173913043478
1247378,0.25
1247379,0.5
1248307,0.7333333333333333
1248462,0.5
1250526,0.8333333333333334
1255470,1.0
1255945,0.2916666666666667
1259613,0.3333333333333333
1262834,0.8309859154929577
1265506,0.47619047619047616
1269648,1.0
1272359,0.5915492957746479
1275095,0.5454545454545454
1279489,0.46875
1279847,0.4418604651162791
1284276,0.5
1286346,0.4
1290984,0.5925925925925926
1295484,0.0
1314863,1.0
1315692,0.4
1318455,0.45454545454545453
1325114,0.0
1325870,0.6666666666666666
1333040,0.6857142857142857
1333060,0.8846153846153846
1336228,1.0
1338292,0.32
1338414,0.5
1338805,0.75
1346899,0.0
1350044,0.125
1355670,0.6428571428571429
1356223,0.3409090909090909
1359051,1.0
1359379,0.3333333333333333
1361769,0.8409090909090909
1362127,0.3333333333333333
1362672,0.5
1366699,0.25
1367990,0.5
1373696,0.6865671641791045
1375848,1.0
1379166,0.5348837209302325
1379683,0.40540540540540543
1380573,0.875
1383520,1.0
1384971,0.4375
1385250,0.5945945945945946
1395729,0.3333333333333333
1396390,1.0
1405707,0.47368421052631576
1409935,0.6857142857142857
1410746,0.42857142857142855
1429891,0.5
1441028,0.8333333333333334
1442379,0.75
1444489,0.8979591836734694
1457239,0.5517241379310345
1457339,0.45
1478063,0.8125
1478654,0.78125
1480512,1.0
1498555,0.5
1505964,0.16129032258064516
1512093,0.35714285714285715
1516877,1.0
1527233,0.631578947368421
1527384,0.6363636363636364
1542173,0.5
1555602,0.8311688311688312
1558235,0.0
1569644,0.6666666666666666
1569923,0.3333333333333333
1577160,0.65
1585548,1.0
1591237,0.5555555555555556
1591238,0.6274509803921569
1603038,1.0
1605462,0.6521739130434783
1628927,0.8
1639457,0.8666666666666667
1642397,1.0
1649869,0.6595744680851063
1659241,0.7692307692307693
1660134,1.0
1663034,0.5423728813559322
1680544,0.5
1680601,0.8260869565217391
1684889,0.6666666666666666
1685119,0.875
1685835,0.8571428571428571
1685977,0.8214285714285714
1686289,0.75
1690544,0.6551724137931034
1694320,0.8461538461538461
1695277,0.7666666666666667
1698263,0.6071428571428571
1698381,0.47619047619047616
1711129,0.0
1712162,0.84
1719412,0.5
1720861,0.5714285714285714
1722794,0.375
1724948,0.6666666666666666
1726378,0.5
1727003,0.5833333333333334
1727047,0.8035714285714286
1728482,0.4827586206896552
1737656,0.8181818181818182
1738926,0.6363636363636364
1742087,0.5555555555555556
1745265,0.7916666666666666
1749720,0.6333333333333333
1750382,0.9655172413793104
1760382,0.43478260869565216
1760943,0.6176470588235294
1771104,0.6666666666666666
1772830,0.39285714285714285
1773055,0.8181818181818182
1777173,0.6764705882352942
1780721,0.9285714285714286
1782572,0.6666666666666666
1788527,0.5
1794758,0.42857142857142855
1794852,0.43333333333333335
1799281,0.41379310344827586
1810132,0.5
1816578,0.5111111111111111
1817663,0.9
1818221,0.35
1820891,0.4857142857142857
1821487,0.5666666666666667
1825004,0.625
1829956,1.0
1834527,0.4722222222222222
1836484,0.7894736842105263
1837102,0.8
1837156,0.6666666666666666
1842308,0.7777777777777778
1845427,0.0
1846106,0.5365853658536586
1852546,0.6818181818181818
1858199,0.9166666666666666
1859296,0.0
1869326,1.0
1873235,0.8571428571428571
1883835,0.8181818181818182
1884342,1.0
1899664,1.0
1903889,0.6
1915870,0.847457627118644
1927584,0.6964285714285714
1938051,0.7692307692307693
1954356,0.9090909090909091
1967945,0.7222222222222222
1973270,0.5384615384615384
1977079,0.0
1987761,0.6567164179104478
1991186,0.4444444444444444
1992391,0.6666666666666666
1994079,0.3333333333333333
1996805,0.7391304347826086
1997075,0.4931506849315068
2005365,0.5967741935483871
2005424,0.7
2005557,0.5606060606060606
2009275,0.48717948717948717
2013581,0.47058823529411764
2014061,0.5892857142857143
2014374,0.5555555555555556
2015008,0.625
2015913,0.90625
2021994,1.0
2032532,1.0
2040244,0.5263157894736842
2044150,0.7368421052631579
2044585,0.7
2045155,0.6829268292682927
2048737,1.0
2050603,1.0
2052808,0.6111111111111112
2052858,0.5789473684210527
2052914,0.6153846153846154
2053893,0.11764705882352941
2059443,0.5
2060459,0.5
2063590,0.5238095238095238
2070912,0.4
2071346,1.0
2077017,0.9310344827586207
2080532,0.5
2081501,0.9333333333333333
2085571,0.5581395348837209
2087982,1.0
2096246,0.6818181818181818
2104609,0.7142857142857143
2106558,0.9565217391304348
2113046,0.3333333333333333
2113077,0.9090909090909091
2113668,0.0
2113739,0.8
2121721,0.7647058823529411
2125934,0.625
2131315,0.5066666666666667
2134276,0.45454545454545453
2137890,0.6153846153846154
2138011,0.4
2144078,0.0
2144496,0.5555555555555556
2149094,0.6779661016949152
2150629,0.5
2152593,0.7857142857142857
2153298,0.8
2157401,0.8823529411764706
2157476,0.5
2164809,0.0
2174421,0.4166666666666667
2184669,0.0
2191664,1.0
2192963,1.0
2193487,0.8135593220338984
2194996,1.0
2195366,0.8888888888888888
2199581,0.5
2201384,0.8214285714285714
2208668,0.6666666666666666
2212712,0.6923076923076923
2224701,0.2
2225558,0.24242424242424243
2229649,0.5
2230708,1.0
2237338,0.5
2238996,0.5
2253422,0.5882352941176471
2255434,0.4444444444444444
2259850,0.6666666666666666
2265424,0.4166666666666667
2265519,0.9
2271281,1.0
2280866,0.6190476190476191
2288739,0.4117647058823529
2290363,0.5
2299901,0.47058823529411764
2300468,0.5555555555555556
2310315,1.0
2311857,0.6666666666666666
2319281,0.6274509803921569
2319535,0.6538461538461539
2323982,0.4230769230769231
2324288,0.6
2324446,1.0
2343740,0.7419354838709677
2353237,0.7272727272727273
2355175,0.8
2356284,0.9382716049382716
2365459,0.7719298245614035
2383522,0.625
2391119,0.8181818181818182
2395610,0.5
2399029,0.43529411764705883
2408410,0.8108108108108109
2410477,0.0
2410561,1.0
2417280,0.8
2421199,0.7
2422885,0.5
2425818,0.8333333333333334
2427939,0.3333333333333333
2428415,0.7083333333333334
2433568,0.7321428571428571
2433934,0.5384615384615384
2435037,0.6
2439905,0.6923076923076923
2439958,0.0
2442771,0.0
2445327,0.7272727272727273
2453185,0.6086956521739131
2458301,1.0
2462730,0.0
2462814,0.42857142857142855
2468876,0.5
2469521,0.3783783783783784
2470123,0.5
2470215,0.5
2475396,0.0
2475441,0.2777777777777778
2492783,1.0
2492969,0.0
2493261,0.8378378378378378
2494323,0.5714285714285714
2498245,1.0
2499626,0.5333333333333333
2510816,0.45
2513092,0.88
2524647,0.7213114754098361
2526455,0.7142857142857143
2531491,1.0
2534848,0.5
2539461,0.4444444444444444
2548796,0.4666666666666667
2549358,1.0
2553006,0.46
2556028,0.896551724137931
2565637,0.3870967741935484
2575115,0.5
2577235,0.3333333333333333
2577252,0.4444444444444444
2579927,1.0
2580813,0.5
2590401,0.5714285714285714
2598895,0.6
2604914,0.0
2607190,0.5
2609687,0.4482758620689655
2610082,0.8421052631578947
2612979,0.5185185185185185
2615497,0.4
2615971,1.0
2616929,1.0
2624500,0.6666666666666666
2638759,0.6666666666666666
2639655,0.8947368421052632
2640966,0.3783783783783784
2648226,0.35294117647058826
2648436,0.7777777777777778
2648539,0.3333333333333333
2651544,0.5853658536585366
2661482,0.7368421052631579
2674658,0.4090909090909091
2678004,0.8
2679706,0.5531914893617021
2682112,0.0
2689680,0.5294117647058824
2700877,1.0
2701057,0.75
2701366,0.7916666666666666
2705057,0.75
2706974,0.4222222222222222
2707485,0.36666666666666664
2709785,0.3939393939393939
2711634,1.0
2712727,0.6153846153846154
2718882,0.7
2720634,1.0
2724072,0.5
2727038,0.25
2732540,0.45
2737907,0.52
2741867,0.8181818181818182
2742847,0.6296296296296297
2749437,0.7692307692307693
2751075,0.7272727272727273
2760105,0.5
2761331,0.5
2763430,0.46153846153846156
2765445,0.7272727272727273
2767100,0.8333333333333334
2768625,0.3695652173913043
2774666,0.0
2781111,0.5
2789722,0.8181818181818182
2791444,0.7407407407407407
2796750,1.0
2798139,0.8181818181818182
2799528,0.375
2801581,0.8867924528301887
2805039,0.5
2812859,1.0
2816136,0.9230769230769231
2820069,0.8
2824652,0.6
2829321,0.7941176470588235
2843367,0.9838709677419355
2844337,0.75
2846542,0.7906976744186046
2851749,0.5
2853395,0.5
2854368,0.25
2855389,0.25
2860039,0.6666666666666666
2860517,0.56
2860546,0.8518518518518519
2861965,0.38461538461538464
2870299,0.5
2878063,0.4666666666666667
2879451,0.42857142857142855
2883861,0.5
2894068,0.0
2903980,0.75
2906271,0.6
2913898,1.0
2920603,0.0
2942031,0.6142857142857143
2955737,0.9090909090909091
2957453,0.75
2958563,0.8333333333333334
2965095,0.5
2967552,0.9333333333333333
2968564,1.0
2971339,0.8809523809523809
2972552,0.4
2972793,0.6
2975375,0.7575757575757576
2975833,0.7391304347826086
2979035,0.5116279069767442
2982459,0.7352941176470589
3001593,0.4117647058823529
3013955,0.5
3023652,0.8571428571428571
3025966,0.37254901960784315
3026120,0.45098039215686275
3028770,0.4
3047392,0.55
3051474,0.5357142857142857
3051803,0.36363636363636365
3070426,1.0
3077879,0.6
3083211,0.6470588235294118
3085923,0.17647058823529413
3087091,0.6666666666666666
3087610,0.0
3090323,0.5208333333333334
3097048,0.2222222222222222
3107379,0.8095238095238095
3108044,0.0
3116695,1.0
3119601,0.25
3120647,0.3076923076923077
3122008,0.5
3124067,0.4782608695652174
3124351,0.5588235294117647
3126889,1.0
3130679,0.8412698412698413
3133261,0.2857142857142857
3150897,1.0
3160365,0.8333333333333334
3165424,0.625
3178636,0.8461538461538461
3179444,1.0
3216584,1.0
3234696,0.6666666666666666
3235283,0.0
3242656,0.3076923076923077
3242915,0.6875
3245800,0.5
3251734,0.35
3254154,0.8181818181818182
3256219,0.3333333333333333
3259583,0.5
3260174,0.65
3281148,1.0
3289612,0.5
3298643,0.6666666666666666
3306859,0.22727272727272727
3308489,1.0
3308548,0.8958333333333334
3316028,0.6296296296296297
3325268,0.6666666666666666
3338098,0.15
3338580,0.2608695652173913
3346444,0.6451612903225806
3349816,0.7948717948717948
3358269,0.7741935483870968
3377405,0.0
3388629,0.42105263157894735
3404484,0.8888888888888888
3406498,0.8
3411148,1.0
3412386,0.547945205479452
3414280,0.3181818181818182
3428852,0.40476190476190477
3432169,0.36363636363636365
3440089,0.7272727272727273
3440208,0.6666666666666666
3440803,0.5714285714285714
3444030,0.3333333333333333
3445181,0.6470588235294118
3446829,0.65625
3462305,0.42857142857142855
3465987,0.9411764705882353
3466575,0.41509433962264153
3469740,0.6585365853658537
3472204,0.7777777777777778
3488974,0.5625
3503419,1.0
3511488,0.75
3516857,0.8679245283018868
3521799,0.75
3541008,1.0
3558560,0.7380952380952381
3558678,1.0
3561794,0.7692307692307693
3564438,0.4
3566590,0.6
3571924,0.0
3575936,0.3
3577722,0.6590909090909091
3587882,0.6153846153846154
3591704,0.6666666666666666
3625852,0.6666666666666666
3634518,0.6976744186046512
3641747,0.0
3643188,0.5
3665515,0.5428571428571428
3665783,0.38461538461538464
3666753,0.7142857142857143
3666913,0.7
3668781,0.5
3674523,0.9130434782608695
3674909,0.7866666666666666
3677589,0.5333333333333333
3685610,0.8513513513513513
3693148,0.5357142857142857
3696994,0.9137931034482759
3699014,0.42857142857142855
3700412,0.42857142857142855
3721910,0.65
3722918,0.5
3724503,0.5714285714285714
3728737,0.475
3734506,1.0
3741096,0.7333333333333333
3750012,0.6363636363636364
3772428,0.6666666666666666
3772731,0.5178571428571429
3780547,0.55
3784455,0.4230769230769231
3784829,1.0
3787486,1.0
3813675,1.0
3816254,0.7407407407407407
3822200,0.3958333333333333
3823512,1.0
3835178,0.5
3838698,0.5
3855068,0.36363636363636365
3856030,0.5
3861403,0.7
3865409,0.3333333333333333
3870814,0.5
3872531,0.4444444444444444
3885942,0.627906976744186
3899402,0.3333333333333333
3899882,0.7777777777777778
3908348,0.0
3918529,0.5227272727272727
3920579,0.5121951219512195
3935237,0.9615384615384616
3949303,0.5
3949322,0.4
3949776,0.42857142857142855
3958885,0.75
3965453,0.45454545454545453
3965485,0.8913043478260869
3973282,0.625
3975306,0.3333333333333333
3981944,1.0
3983908,1.0
3992318,0.35294117647058826
3993040,1.0
4001052,0.6296296296296297
4012756,0.7391304347826086
4020383,0.72
4027705,0.5384615384615384
4028951,0.38095238095238093
4029035,0.7368421052631579
4040683,0.44
4044107,0.5
4050017,0.4166666666666667
4050526,0.6666666666666666
4064505,0.6296296296296297
4064649,0.2727272727272727
4066215,0.0
4066588,0.6111111111111112
4066717,1.0
4066748,0.25
4067717,0.7878787878787878
4074986,0.6
4078688,1.0
4079926,0.8571428571428571
4083516,0.8888888888888888
4087627,0.5789473684210527
4089511,0.55
4090316,0.7142857142857143
4090524,0.5
4096339,0.9047619047619048
4096857,0.6666666666666666
4098406,0.8888888888888888
4098928,0.6
4107208,0.7948717948717948
4116493,0.3
4118140,0.9302325581395349
4118272,0.868421052631579
4123584,0.6363636363636364
4128308,0.8524590163934426
4129041,0.8076923076923077
4132262,1.0
4132405,0.5
4132914,0.6
4133997,0.8
4135723,0.5833333333333334
4138667,1.0
4138848,0.7727272727272727
4153471,0.0
4155221,0.7333333333333333
4161380,0.375
4167902,0.7538461538461538
4177868,1.0
4178057,0.5
4178063,0.7419354838709677
4184962,1.0
4187651,0.6
4188425,1.0
4189136,0.5
4192396,0.7272727272727273
4192814,0.9090909090909091
4193034,0.5
4194969,0.5333333333333333
4196414,0.75
4197130,0.76
4197769,0.6491228070175439
4201837,0.0
4207735,0.5
4219733,0.6792452830188679
4219874,0.3333333333333333
4220539,0.0
4222374,0.5
4222430,0.5263157894736842
4223067,0.6956521739130435
4223659,0.6363636363636364
4225596,0.8611111111111112
4228434,0.8095238095238095
4234075,0.3333333333333333
4240746,0.4666666666666667
4254066,1.0
4260449,0.5
4260997,0.5625
4261041,0.75
4261792,0.7368421052631579
4262426,0.5555555555555556
4265853,0.6
4267408,0.0
4272608,0.9072164948453608
4275950,0.7692307692307693
4277497,0.8
4282903,0.8333333333333334
4283157,0.0
4283473,1.0
4286276,0.7307692307692307
4286444,0.75
4289442,0.9347826086956522
4293219,1.0
4295195,0.75
4306755,0.6
4308167,0.6666666666666666
4313701,0.6153846153846154
4327464,0.75
4327911,0.75
4332220,0.6666666666666666
4343351,0.6923076923076923
4345295,0.2909090909090909
4346744,0.8125
4356179,1.0
4356619,0.7692307692307693
4365111,0.3333333333333333
4370350,0.5384615384615384
4374340,0.7166666666666667
4375225,0.46153846153846156
4378733,1.0
4383631,0.6
4383912,0.5714285714285714
4396329,0.35
4419254,0.8333333333333334
4419278,0.5
4421234,0.7037037037037037
4427558,0.6666666666666666
4434042,0.8363636363636363
4438051,0.7
4451665,0.65625
4460269,1.0
4461282,1.0
4471851,0.6125
4478764,0.3333333333333333
4480304,0.7866666666666666
4487470,0.0
4499189,0.42857142857142855
4506007,0.55
4515105,0.8070175438596491
4515572,0.7692307692307693
4516688,0.7272727272727273
4517304,1.0
4522462,0.8
4524903,0.7142857142857143
4534022,0.5
4555058,0.0
4561478,0.8125
4562078,0.8695652173913043
4562535,1.0
4569009,1.0
4569137,1.0
4569233,0.7352941176470589
4572351,0.8333333333333334
4573045,0.0
4580981,0.5
4591389,0.7391304347826086
4592309,0.5882352941176471
4594116,0.7619047619047619
4595406,0.6
4601562,1.0
4611682,0.7333333333333333
4613845,1.0
4614766,0.5
4625827,0.6666666666666666
4634280,0.4
4642827,0.7714285714285715
4655008,0.5833333333333334
4655877,0.9259259259259259
4658454,0.7209302325581395
4658507,0.9285714285714286
4666747,1.0
4673917,0.8333333333333334
4676654,0.42424242424242425
4677168,0.7323943661971831
4677940,0.5555555555555556
4683821,0.3695652173913043
4689784,0.4
4691296,0.5833333333333334
4701964,0.0
4702535,0.24
4714148,0.8214285714285714
4715768,0.4782608695652174
4722478,0.4
4723638,0.7285714285714285
4727057,0.8571428571428571
4731931,1.0
4732407,0.7
4733277,1.0
4734135,0.25925925925925924
4741915,0.625
4741950,1.0
4741990,0.6666666666666666
4742352,0.8333333333333334
4747216,0.6666666666666666
4749586,0.4117647058823529
4751426,0.59375
4752753,0.3333333333333333
4763897,0.6666666666666666
4775426,0.36363636363636365
4779061,0.6666666666666666
4780195,0.5
4781052,0.35714285714285715
4781559,0.47058823529411764
4781968,0.0
4791227,0.9090909090909091
4797547,0.49019607843137253
4798880,0.25
4798995,1.0
4818991,0.8571428571428571
4820194,0.75
4821276,0.8125
4832132,0.5
4832350,0.9411764705882353
4837200,0.5405405405405406
4837267,0.75
4839326,0.14285714285714285
4839493,0.5
4839518,0.48
4844085,1.0
4844951,0.7083333333333334
4847015,1.0
4848224,0.9583333333333334
4854730,0.7777777777777778
4854822,0.8837209302325582
4861018,0.0
4861251,0.0
4864930,0.7142857142857143
4874236,0.35135135135135137
4876034,0.0
4876179,0.43478260869565216
4876575,0.0
4879498,1.0
4880653,1.0
4885872,0.6176470588235294
4900306,0.5185185185185185
4900323,0.7142857142857143
4905802,0.9523809523809523
4908914,0.9069767441860465
4910267,0.5
4912018,0.14285714285714285
4919727,0.0
4941517,0.6923076923076923
4953830,0.875
4962720,0.8
4963028,1.0
4979661,0.0
4984599,0.8
4991568,0.6666666666666666
4993090,0.0
4995870,1.0
5008189,0.8
5017591,0.9310344827586207
5019214,0.0
5032776,0.8666666666666667
5033954,0.4
5036702,1.0
5037678,0.3333333333333333
5040208,0.6666666666666666
5044536,0.40298507462686567
5066535,0.5
5073109,0.7959183673469388
5074547,0.8
5075604,0.6666666666666666
5081047,0.775
5082409,0.875
5083261,0.24
5089965,0.9
5100875,1.0
5101408,0.5
5102155,0.0
5105201,0.6607142857142857
5120833,0.45454545454545453
5139932,0.4473684210526316
5148218,0.6451612903225806
5148306,0.6379310344827587
5151323,0.7560975609756098
5165321,0.5
5169932,0.55
5178014,0.8055555555555556
5178700,0.25
5179204,0.5952380952380952
5180614,1.0
5181919,0.5263157894736842
5182775,0.7926829268292683
5189599,0.6888888888888889
5190142,0.703125
5198121,0.4166666666666667
5198534,0.7936507936507936
5198572,0.0
5199532,0.0
5208300,0.6
5209064,0.5
5209281,0.6538461538461539
5215417,0.7142857142857143
5226638,0.5952380952380952
5233296,0.8095238095238095
5235992,0.3333333333333333
5236981,0.8888888888888888
5240192,0.5
5256976,0.5961538461538461
5259283,0.8
5264318,0.8863636363636364
5273650,1.0
5277705,0.7142857142857143
5290140,0.8095238095238095
5296333,0.6666666666666666
5297331,0.5357142857142857
5303079,0.7142857142857143
5314251,0.3333333333333333
5325308,0.3888888888888889
5327064,0.6666666666666666
5333398,0.5111111111111111
5334602,0.9047619047619048
5342976,0.4473684210526316
5343224,0.5862068965517241
5343508,0.5714285714285714
5346587,1.0
5351801,0.6666666666666666
5356148,0.2857142857142857
5358011,0.6666666666666666
5366596,0.3
5366751,0.4375
5367330,0.5
5367519,0.46153846153846156
5367553,0.7058823529411765
5369192,1.0
5371224,1.0
5376841,1.0
5382221,0.3333333333333333
5391311,0.75
5428306,0.5
5429145,0.5
5444523,0.5
5449262,0.8260869565217391
5452011,0.8928571428571429
5462296,0.8333333333333334
5465320,0.7777777777777778
5466190,0.46153846153846156
5469624,0.7
5472147,0.78125
5472199,0.625
5472388,1.0
5473072,0.7435897435897436
5473411,0.75
5482815,0.7894736842105263
5506291,0.3382352941176471
5507118,0.5
5518406,0.0
5518839,0.6607142857142857
5522525,0.0
5527462,0.875
5534126,0.873015873015873
5545630,0.7142857142857143
5566714,0.5
5566958,0.8666666666666667
5573277,0.4
5573689,0.47619047619047616
5576216,0.8333333333333334
5586201,0.6875
5588555,0.6515151515151515
5589418,0.35294117647058826
5590988,0.7407407407407407
5591606,0.6666666666666666
5595073,0.6666666666666666
5605096,0.7
5606293,0.0
5610673,0.0
5611294,0.5
5617252,0.7
5617780,0.75
5624060,1.0
5633666,0.6363636363636364
5639167,0.45714285714285713
5643946,0.25
5664376,1.0
5667289,0.5869565217391305
5676172,0.8333333333333334
5680377,0.2857142857142857
5684256,0.6206896551724138
5689625,0.8181818181818182
5690903,1.0
5691502,0.0
5694023,1.0
5702283,0.5333333333333333
5707895,0.5
5722925,0.75
5724947,0.84
5729182,0.9166666666666666
5731430,0.5348837209302325
5731911,0.23076923076923078
5735849,0.475
5741672,0.625
5742426,0.6097560975609756
5744283,0.3333333333333333
5745029,0.0
5751653,0.6666666666666666
5757308,0.46
5757704,0.4117647058823529
5758617,0.2857142857142857
5762049,0.0
5769261,0.5
5779107,1.0
5779720,0.4186046511627907
5779961,0.5769230769230769
5787473,0.8461538461538461
5791838,0.7432432432432432
5792808,0.8490566037735849
5794730,0.5
5798538,0.38461538461538464
5804156,0.75
5808264,0.4074074074074074
5809901,1.0
5810956,0.5740740740740741
5812021,0.4
5814915,0.9285714285714286
5817690,0.5
5821293,0.7536231884057971
5821610,1.0
5821722,0.0
5822334,0.6
5828699,0.3918918918918919
5829207,1.0
5833304,0.5833333333333334
5841406,0.6666666666666666
5853379,0.7115384615384616
5857873,0.5384615384615384
5858331,0.0
5858500,0.42857142857142855
5860607,1.0
5868083,0.5277777777777778
5870795,1.0
5876669,0.8490566037735849
5877442,1.0
5896843,0.0
5899088,0.8461538461538461
5899845,0.3333333333333333
5907610,0.5121951219512195
5912558,0.8648648648648649
5927729,0.5
5927860,0.5666666666666667
5936879,0.6666666666666666
5940463,0.8
5941956,0.75
5942474,0.84
5945384,0.5
5953485,0.5625
5957300,0.6
5961770,0.0
5962252,0.47619047619047616
5966857,0.4
5968401,0.7924528301886793
5969225,0.7878787878787878
5972862,0.75
5976390,0.2857142857142857
5977261,0.6666666666666666
5979076,0.6075949367088608
5984821,0.3333333333333333
5993869,1.0
5999140,0.7333333333333333
6003256,0.625
6011954,0.375
6012403,0.5
6015816,0.65625
6021925,0.47058823529411764
6023854,0.5957446808510638
6026340,0.7142857142857143
6026863,0.6774193548387096
6030006,0.42857142857142855
6035725,0.38461538461538464
6036863,0.8235294117647058
6037970,0.5
6042538,0.6428571428571429
6047572,0.6
6049659,0.5
6060241,0.8181818181818182
6073355,0.9285714285714286
6074552,0.5166666666666667
6076078,0.8846153846153846
6076504,0.0
6085805,0.4782608695652174
6086473,0.75
6099207,0.75
6102816,0.5882352941176471
6111194,0.3157894736842105
6111885,0.59375
6119552,0.5777777777777777
6128750,0.4444444444444444
6130296,0.7142857142857143
6132629,0.5961538461538461
6137619,1.0
6151970,0.6666666666666666
6153079,0.4
6155333,0.7872340425531915
6160941,0.4230769230769231
6168219,0.3333333333333333
6174384,0.6792452830188679
6174453,0.5
6188266,0.9090909090909091
6203745,0.7777777777777778
6205009,0.5833333333333334
6205277,0.47058823529411764
6207219,0.8666666666666667
6214023,0.631578947368421
6217368,0.875
6235402,0.6444444444444445
6236624,0.5
6242515,0.3684210526315789
6243224,0.5185185185185185
6243306,0.8048780487804879
6243418,0.3684210526315789
6243722,0.42857142857142855
6252526,0.6
6255549,0.5588235294117647
6257364,0.375
6260427,0.6111111111111112
6268481,1.0
6268720,0.5
6269556,0.6666666666666666
6270732,0.84
6275871,0.463768115942029
6279241,0.5714285714285714
6283574,0.8939393939393939
6289290,0.4
6295170,0.7368421052631579
6307398,0.6
6307504,0.35714285714285715
6308192,0.8
6319182,0.6935483870967742
6319434,0.68
6320724,0.4375
6325580,0.23076923076923078
6340204,0.43243243243243246
6357709,0.6363636363636364
6359029,0.7
6361710,0.5
6361954,0.3
6361979,0.5333333333333333
6367456,0.0
6371601,0.72
6372096,0.8615384615384616
6375406,0.6666666666666666
6382463,0.625
6384972,0.5714285714285714
6387543,0.0
6387577,0.5357142857142857
6394238,0.23076923076923078
6397493,0.8095238095238095
6398498,0.8260869565217391
6398702,0.0
6405105,0.5454545454545454
6411256,1.0
6420435,0.6875
6430187,1.0
6444585,0.8108108108108109
6449914,1.0
6454084,0.5208333333333334
6463828,0.6666666666666666
6470037,0.6216216216216216
6479605,0.3333333333333333
6495996,0.42857142857142855
6497548,0.5616438356164384
6497561,0.3333333333333333
6500176,0.7272727272727273
6507021,0.7777777777777778
6518723,0.45
6520649,0.5
6524240,1.0
6526181,0.7857142857142857
6532538,0.782608695652174
6533631,0.5909090909090909
6535601,1.0
6535941,1.0
6541233,0.8518518518518519
6542071,0.7674418604651163
6547423,0.0
6551478,0.25
6583881,0.0
6584268,0.2777777777777778
6593038,0.0
6600578,0.6956521739130435
6605220,0.875
6606409,1.0
6610056,0.6829268292682927
6623187,0.5
6643683,0.6923076923076923
6652005,0.32558139534883723
6675644,0.7619047619047619
6676268,0.84
6679786,0.47368421052631576
6690321,1.0
6696072,0.8363636363636363
6701393,0.375
6703211,0.46938775510204084
6703530,1.0
6707951,0.4634146341463415
6739396,0.5
6740140,0.4358974358974359
6753888,0.6428571428571429
6770834,0.6666666666666666
6777236,0.8095238095238095
6779725,0.6933333333333334
6782856,0.5
6790641,1.0
6797746,1.0
6802292,0.8666666666666667
6815268,1.0
6816898,0.7272727272727273
6832506,0.676056338028169
6847265,1.0
6847560,0.8108108108108109
6856550,0.43902439024390244
6856600,1.0
6862070,0.6363636363636364
6864348,0.7428571428571429
6864811,0.8666666666666667
6871623,0.7931034482758621
6891023,0.5
6893838,0.6666666666666666
6907915,0.5370370370370371
6916791,0.7647058823529411
6920097,0.2857142857142857
6923671,0.5
6928118,0.9583333333333334
6929735,0.7222222222222222
6929868,0.6363636363636364
6933061,0.0
6936962,0.5555555555555556
6942436,0.0
6942817,1.0
6952744,0.75
6954347,1.0
6960506,0.3333333333333333
6966816,0.4791666666666667
6967068,0.4444444444444444
6968346,0.5806451612903226
6983407,0.8333333333333334
6988007,0.8421052631578947
6995479,0.6363636363636364
7008298,0.7391304347826086
7013471,0.9024390243902439
7031479,0.6097560975609756
7031786,0.18181818181818182
7041569,0.4186046511627907
7042302,0.4444444444444444
7046129,0.5
7079495,0.2727272727272727
7083766,0.5573770491803278
7098525,0.7407407407407407
7104290,0.6153846153846154
7114147,0.625
7119381,0.23076923076923078
7121110,0.0
7121185,0.39285714285714285
7121872,0.6
7124337,0.5142857142857142
7131992,0.2
7140696,0.3333333333333333
7156758,0.0
7177319,0.3333333333333333
7192918,1.0
7195675,0.5
7209798,0.3
7212550,0.0
7230159,0.8947368421052632
7230737,0.5483870967741935
7230785,0.6
7268146,0.9210526315789473
7268901,0.3333333333333333
7271654,0.8333333333333334
7272869,0.5555555555555556
7274312,0.25
7316568,0.375
7319070,0.5303030303030303
7319074,0.0
7325433,0.8809523809523809
7338875,0.3684210526315789
7352781,0.4
7359501,0.5
7360543,0.6086956521739131
7365461,0.52
7381624,1.0
7391846,0.35294117647058826
7396956,0.0
7397728,0.5142857142857142
7402084,1.0
7406325,0.5
7427686,0.4827586206896552
7428727,0.0
7447526,0.8461538461538461
7448364,0.7647058823529411
7449496,0.5
7450493,0.3333333333333333
7454469,1.0
7454553,0.8723404255319149
7455295,1.0
7472380,0.6486486486486487
7478792,0.75
7481731,0.6
7487753,0.6538461538461539
7489737,0.6571428571428571
7493159,0.8269230769230769
7494083,0.7777777777777778
7508488,0.8
7508514,1.0
7515812,0.4
7522739,0.0
7523721,0.5333333333333333
7524076,0.8627450980392157
7526955,0.0
7528345,0.8
7529134,0.926829268292683
7529704,0.868421052631579
7533500,1.0
7553165,0.5
7557388,0.6111111111111112
7568630,0.5
7588059,0.25
7592572,0.95
7592935,1.0
7595906,1.0
7598228,0.6
7599508,0.7894736842105263
7599595,0.5555555555555556
7600190,0.36363636363636365
7600411,0.8536585365853658
7602362,0.3333333333333333
7605476,1.0
7605705,0.0
7605966,1.0
7605979,0.75
7606753,0.4166666666666667
7610713,0.4444444444444444
7614856,0.5121951219512195
7627676,0.7021276595744681
7627958,0.875
7630727,0.375
7630876,0.8636363636363636
7632547,0.0
7640685,0.5357142857142857
7642731,0.5333333333333333
7653833,0.5660377358490566
7654408,0.0
7658266,1.0
7658748,0.4074074074074074
7660372,0.5294117647058824
7672701,0.7407407407407407
7685102,0.5833333333333334
7695643,1.0
7702459,0.7619047619047619
7703457,0.8571428571428571
7706198,0.9375
7706994,0.35714285714285715
7712829,0.4
7736781,0.38235294117647056
7737697,0.6071428571428571
7738074,0.8148148148148148
7740446,1.0
7742505,0.7636363636363637
7747145,0.6
7771854,0.5
7781191,0.8571428571428571
7788461,0.42105263157894735
7791401,0.2222222222222222
7793730,0.4
7802290,1.0
7817876,0.696969696969697
7818606,0.55
7818815,0.6818181818181818
7819490,0.0
7831245,0.25
7835892,0.43478260869565216
7846344,0.5769230769230769
7848039,0.7142857142857143
7851292,0.5454545454545454
7891842,0.6666666666666666
7897097,0.3333333333333333
7897369,0.5454545454545454
7904813,0.5454545454545454
7922856,1.0
7929277,0.48936170212765956
7930633,0.6097560975609756
7954511,1.0
7964697,0.6851851851851852
7982038,0.8571428571428571
7982426,0.5454545454545454
8004787,0.6285714285714286
8007335,0.7142857142857143
8027158,0.6949152542372882
8043903,0.6944444444444444
8076095,1.0
8096872,0.5789473684210527
8098827,0.7857142857142857
8115548,0.7
8135719,0.7073170731707317
8138188,0.625
8138861,0.896551724137931
8139867,0.8235294117647058
8140547,1.0
8157737,0.0
8177415,1.0
8180090,0.875
8181991,0.5217391304347826
8183515,0.0
8199179,1.0
8199994,0.6896551724137931
8203939,0.2
8208849,0.7536231884057971
8209118,0.7567567567567568
8210583,0.875
8214264,0.41379310344827586
8222326,0.4117647058823529
8223533,1.0
8226300,1.0
8233133,0.5
8235702,0.37209302325581395
8244687,0.9130434782608695
8246639,0.5
8246798,0.6
8246958,0.625
8260926,0.7872340425531915
8261265,0.5769230769230769
8264088,0.5952380952380952
8265640,0.6
8273372,0.0
8279485,0.8421052631578947
8285598,0.3055555555555556
8286186,0.0
8287446,0.45454545454545453
8288267,0.0
8299428,0.5882352941176471
8301306,0.8636363636363636
8316060,0.6666666666666666
8316111,0.0
8323971,0.0
8345467,0.5151515151515151
8347337,0.3333333333333333
8348267,0.4666666666666667
8351458,0.3333333333333333
8365516,0.75
8366510,0.6428571428571429
8368682,0.2857142857142857
8384415,0.5714285714285714
8400205,0.4444444444444444
8401978,0.8
8413204,1.0
8418797,0.7647058823529411
8418840,0.7142857142857143
8419294,1.0
8420162,0.2
8437113,0.5
8439029,0.5416666666666666
8451197,0.47368421052631576
8457981,0.6666666666666666
8459292,0.6190476190476191
8460877,0.6666666666666666
8463521,0.9523809523809523
8463908,0.7142857142857143
8467388,0.7777777777777778
8471052,1.0
8471811,0.5
8472198,0.8
8474977,0.47619047619047616
8484415,0.7962962962962963
8486064,0.375
8486087,0.6428571428571429
8491069,0.5925925925925926
8496598,0.0
8496859,0.55
8503312,0.5833333333333334
8513382,0.4583333333333333
8515644,0.42857142857142855
8528176,0.48936170212765956
8528960,0.25
8529685,0.5
8530066,0.3770491803278688
8533428,0.6333333333333333
8536458,0.0
8546363,0.21428571428571427
8546712,0.75
8547707,0.0
8558643,0.8181818181818182
8559427,0.3125
8577905,0.7857142857142857
8577938,0.6666666666666666
8578965,0.8
8580554,0.8846153846153846
8588695,0.2
8589279,0.7222222222222222
8589338,0.47619047619047616
8589875,0.6458333333333334
8590853,0.625
8591342,1.0
8603570,0.8666666666666667
8619339,0.4794520547945205
8625521,0.34615384615384615
8641299,0.4090909090909091
8658925,0.8636363636363636
8666100,0.3333333333333333
8666214,0.6551724137931034
8682187,0.7647058823529411
8693190,0.5666666666666667
8695726,0.6296296296296297
8696655,0.7857142857142857
8706837,0.42857142857142855
8707021,0.3888888888888889
8709049,0.3103448275862069
8712687,1.0
8714311,0.6875
8729241,0.6790123456790124
8748619,0.5
8753191,0.5
8753785,0.5
8755903,0.6666666666666666
8765134,0.7222222222222222
8765683,0.5
8768530,0.75
8774344,0.75
8775640,0.6904761904761905
8775668,0.5454545454545454
8775806,0.5652173913043478
8781114,1.0
8785537,0.5
8786967,0.5
8792412,0.8823529411764706
8794347,0.7272727272727273
8795587,0.5686274509803921
8804010,0.7931034482758621
8807261,0.8571428571428571
8809633,0.6923076923076923
8810744,0.7936507936507936
8820568,0.5
8821942,0.225
8834758,0.7435897435897436
8840140,0.5967741935483871
8852355,0.6323529411764706
8873610,0.5714285714285714
8874288,1.0
8876302,0.7307692307692307
8882640,0.6206896551724138
8882724,0.5882352941176471
8893754,1.0
8900135,0.5652173913043478
8904526,0.75
8914489,0.5
8914553,0.5
8915759,0.5294117647058824
8917162,1.0
8921290,0.625
8958913,0.782608695652174
8960060,0.5
8964674,1.0
8966619,0.8
8969729,0.5555555555555556
8970719,0.6428571428571429
8989505,0.625
8997240,0.7647058823529411
8998658,0.5
9016814,1.0
9020665,0.6666666666666666
9023220,0.5
9024490,0.7272727272727273
9025074,0.8333333333333334
9037292,0.21428571428571427
9041081,0.9
9044657,0.0
9054690,0.4745762711864407
9069788,0.8095238095238095
9072680,0.5555555555555556
9074532,0.375
9079048,0.5128205128205128
9081632,1.0
9093125,0.6875
9094897,0.6666666666666666
9099649,0.72
9101524,0.75
9102407,0.4
9108014,0.5
9109032,1.0
9112422,1.0
9120654,0.7142857142857143
9121319,0.6829268292682927
9125272,0.2222222222222222
9139922,0.8
9141210,0.42857142857142855
9145973,0.4
9146651,0.9642857142857143
9150885,0.9333333333333333
9152297,0.625
9159886,0.625
9163409,0.0
9163658,0.4
9163789,0.7647058823529411
9166170,0.5
9166960,0.3333333333333333
9167349,0.2727272727272727
9171257,0.6666666666666666
9181353,0.8333333333333334
9204645,0.4146341463414634
9205104,0.48333333333333334
9222289,0.5555555555555556
9223486,0.8571428571428571
9223513,0.15384615384615385
9242629,0.25
9244618,0.3333333333333333
9256627,0.3375
9258089,0.6363636363636364
9273908,0.7941176470588235
9288007,0.25
9298793,0.6666666666666666
9325433,0.42105263157894735
9325851,0.3125
9328516,0.0
9341679,0.6666666666666666
9342445,0.0
9346111,0.53125
9347433,0.673469387755102
9347772,0.5
9348710,0.5925925925925926
9364718,0.6071428571428571
9379464,1.0
9380626,0.25
9398069,0.8
9398332,0.8333333333333334
9398939,1.0
9399896,0.6428571428571429
9405127,0.6444444444444445
9406869,1.0
9421833,0.8125
9455259,1.0
9459141,0.5555555555555556
9461818,0.7916666666666666
9466653,0.7692307692307693
9469817,0.6333333333333333
9473021,0.3333333333333333
9486876,0.5
9490297,0.8461538461538461
9504442,0.5
9504776,0.4146341463414634
9510754,1.0
9517580,0.5
9518158,0.16666666666666666
9556330,0.7450980392156863
9562760,0.7142857142857143
9571620,0.6444444444444445
9573762,0.6
9574323,0.5263157894736842
9574465,0.44680851063829785
9576861,0.5737704918032787
9581590,0.46153846153846156
9587470,0.6
9594328,0.375
9608623,0.6896551724137931
9613237,0.631578947368421
9620410,0.8571428571428571
9620896,1.0
9621475,0.0
9623238,1.0
9623480,0.6666666666666666
9623908,0.48148148148148145
9623912,0.7777777777777778
9627037,0.55
9630586,0.7777777777777778
9637559,0.2
9642237,0.4857142857142857
9644424,0.5517241379310345
9645210,0.5294117647058824
9659089,0.5
9661388,0.56
9667300,0.6666666666666666
9671751,0.6666666666666666
9671847,1.0
9672255,0.4523809523809524
9673391,0.3333333333333333
9674027,0.3333333333333333
9677348,0.9210526315789473
9677715,1.0
9678179,0.3333333333333333
9700193,0.4666666666666667
9704548,0.2777777777777778
9710193,0.5
9710209,1.0
9710224,0.0
9712154,0.6756756756756757
9720050,0.29411764705882354
9730800,0.6428571428571429
9743518,0.8653846153846154
9745020,0.5135135135135135
9745274,0.6666666666666666
9747744,0.4
9750158,0.5348837209302325
9756201,0.45454545454545453
9763574,0.5238095238095238
9765636,0.425
9765993,0.37209302325581395
9766171,0.35555555555555557
9768300,0.7209302325581395
9770391,0.5128205128205128
9772444,0.5555555555555556
9772664,0.9056603773584906
9773591,0.5
9773840,0.6666666666666666
9782851,1.0
9786019,0.0
9788844,0.9375
9790218,0.6756756756756757
9792463,0.3157894736842105
9801074,0.625
9806066,0.6666666666666666
9810845,0.16666666666666666
9815511,0.926829268292683
9816067,0.631578947368421
9837755,0.5
9842748,0.5
9843050,0.25
9848234,0.5
9852689,1.0
9855641,0.37037037037037035
9856000,0.9090909090909091
9856065,0.3333333333333333
9862612,0.6923076923076923
9870898,0.7659574468085106
9872259,0.0
9872348,0.0
9872365,0.8157894736842105
9893154,0.5172413793103449
9894555,0.5833333333333334
9897368,0.9069767441860465
9898084,0.8333333333333334
9899108,0.6666666666666666
9899275,1.0
9904914,0.6666666666666666
9912130,0.5
9913343,0.5555555555555556
9913536,0.6666666666666666
9916111,0.5
9949028,0.4375
9950970,0.7027027027027027
9952950,0.6455696202531646
9954800,0.9090909090909091
9963075,0.0
9963337,0.6666666666666666
9964662,0.7741935483870968
9970013,0.13333333333333333
9979751,0.7735849056603774
9983342,0.8055555555555556
10002834,0.4117647058823529
10005065,0.6
10008132,0.6153846153846154
10009569,0.0
10015593,0.7105263157894737
10031508,0.38095238095238093
10036819,0.7735849056603774
10039212,0.7142857142857143
10045947,0.25806451612903225
10048894,0.375
10050843,0.5
10051665,1.0
10052431,0.7
10056203,0.6
10069114,0.5625
10071881,0.5
10074684,1.0
10094598,0.6666666666666666
10114880,0.45
10117320,0.5714285714285714
10126176,0.875
10144946,0.5
10145926,0.0
10159335,0.6666666666666666
10159589,1.0
10173472,0.4444444444444444
10174092,0.6
10174501,0.2222222222222222
10190267,0.4772727272727273
10223494,0.5636363636363636
10227427,0.7608695652173914
10240902,0.3333333333333333
10241372,0.8285714285714286
10245738,1.0
10257456,0.5
10261325,0.0
10266798,0.4642857142857143
10269129,0.3684210526315789
10274495,0.0
10274635,1.0
10275624,0.5588235294117647
10275643,0.6428571428571429
10277520,0.3333333333333333
10304048,0.8604651162790697
10306762,0.5294117647058824
10329752,0.0
10330227,0.9302325581395349
10331930,0.8666666666666667
10349066,0.30303030303030304
10354251,0.8
10357341,1.0
10358936,0.8372093023255814
10371502,1.0
10371607,0.38461538461538464
10385223,0.5
10386887,0.3333333333333333
10397636,1.0
10399235,0.59375
10406833,0.6666666666666666
10411284,0.6206896551724138
10417577,0.64
10419572,0.5
10422124,0.35294117647058826
10427122,0.4782608695652174
10467574,0.8627450980392157
10482386,0.6
10485568,0.5384615384615384
10493958,1.0
10509572,0.47619047619047616
10543007,0.6666666666666666
10547700,0.7586206896551724
10577871,0.4838709677419355
10581677,1.0
10591698,0.6
10607682,0.625
10611654,0.8888888888888888
10622102,0.9523809523809523
10664307,0.75
10664859,0.76
10665213,0.8333333333333334
10669776,0.5666666666666667
10682214,0.7222222222222222
10684240,0.47058823529411764
10695820,0.8103448275862069
10700775,0.9411764705882353
10716703,0.0
10719987,0.391304347826087
10720978,0.4537037037037037
10736750,0.95
10741779,0.5897435897435898
10742482,0.55
10759265,0.9130434782608695
10767114,0.43478260869565216
10776944,1.0
10778131,1.0
10798172,0.8076923076923077
10798212,0.3333333333333333
10806823,0.0
10815957,0.7
10825315,0.2
10833682,0.8809523809523809
10834150,0.5897435897435898
10844467,1.0
10845035,1.0
10868634,0.7317073170731707
10872933,0.5853658536585366
10873042,1.0
10874472,0.5882352941176471
10875798,0.375
10881268,0.43478260869565216
10884374,0.5
10890701,0.36363636363636365
10910203,0.7037037037037037
10912865,0.8076923076923077
10920946,0.8947368421052632
10938807,0.5428571428571428
10950910,1.0
10961012,0.6428571428571429
10975280,0.8181818181818182
10976229,0.5
10980286,0.6206896551724138
10981189,0.9264705882352942
10987552,1.0
10990903,0.4
11011343,0.4772727272727273
11011761,0.3684210526315789
11025704,0.631578947368421
11031026,0.5
11037666,0.9090909090909091
11050647,0.35294117647058826
11058479,0.6923076923076923
11076587,0.2857142857142857
11078446,0.25
11079040,0.5172413793103449
11079139,0.0
11080017,0.36363636363636365
11080338,0.2857142857142857
11086474,0.625
11094750,0.6363636363636364
11097946,0.3387096774193548
11116631,0.75
11117061,0.5
11122512,0.5581395348837209
11123667,0.1388888888888889
11123682,0.3333333333333333
11123872,0.4444444444444444
11134354,0.5142857142857142
11142853,0.56
11152612,0.7368421052631579
11152726,0.6153846153846154
11153265,0.0
11153859,0.5
11158845,0.6060606060606061
11160931,0.3548387096774194
11173334,0.0
11175777,0.2631578947368421
11176448,0.75
11176650,0.7142857142857143
11183508,0.45161290322580644
11192573,0.45
11194959,0.49019607843137253
11197428,0.64
11203141,0.8181818181818182
11217740,0.0
11218359,0.7441860465116279
11241825,0.2
11244926,0.8333333333333334
11246520,0.7272727272727273
11252803,0.9375
11269480,0.6071428571428571
11273020,0.0
11276383,0.5
11296194,0.23809523809523808
11312032,0.5
11318011,0.5
11331877,0.5
11332668,0.0
11332922,1.0
11334415,0.5869565217391305
11335360,0.0
11338328,0.7142857142857143
11349788,0.8
11354882,0.5
11365151,1.0
11367850,0.5
11373676,0.8181818181818182
11409752,0.7368421052631579
11425499,0.74
11428391,0.9230769230769231
11432641,0.20689655172413793
11450699,0.6363636363636364
11452051,0.7555555555555555
11452606,0.75
11468252,1.0
11470044,0.5714285714285714
11471140,0.6923076923076923
11472006,0.46153846153846156
11472656,0.3333333333333333
11486926,0.0
11489162,0.6486486486486487
11500866,0.16666666666666666
11501130,0.5217391304347826
11501637,0.8333333333333334
11502024,0.6666666666666666
11505292,0.48484848484848486
11529620,0.6818181818181818
11537035,0.75
11538938,0.48484848484848486
11541020,1.0
11541751,0.3333333333333333
11543713,0.55
11558320,0.875
11563521,0.5
11564787,0.0
11565085,0.46153846153846156
11566495,0.6666666666666666
11581447,0.6666666666666666
11584659,0.9
11585754,1.0
11602099,0.7142857142857143
11618458,0.4666666666666667
11618546,0.6578947368421053
11619140,1.0
11620664,0.6153846153846154
11629362,0.7692307692307693
11645692,0.42424242424242425
11646721,0.875
11652513,0.0
11654436,0.3333333333333333
11662420,1.0
11665547,1.0
11668980,0.7419354838709677
11689806,1.0
11692792,0.8947368421052632
11714928,0.0
11716229,0.6153846153846154
11723019,0.4444444444444444
11725646,0.5789473684210527
11729484,0.625
11732847,0.627906976744186
11756453,0.625
11773329,1.0
11775650,0.5517241379310345
11788657,0.5
11811544,0.65
11811836,0.75
11816090,0.475
11817331,0.58
11822001,0.6363636363636364
11835337,0.6666666666666666
11837280,1.0
11855551,0.6363636363636364
11858670,0.3333333333333333
11861319,0.9166666666666666
11861640,1.0
11864514,0.4444444444444444
11867714,0.4583333333333333
11868367,0.6981132075471698
11880011,0.8
11882713,0.2702702702702703
11888267,0.6666666666666666
11898911,1.0
11900357,0.6666666666666666
11901589,1.0
11902329,0.0
11904781,0.6153846153846154
11917147,0.5161290322580645
11919725,0.7666666666666667
11921588,0.5294117647058824
11932035,0.8
11933721,1.0
11936679,0.3333333333333333
11946137,0.64
11970110,0.0
11984112,0.8181818181818182
11999794,0.75
12002783,0.3793103448275862
12003458,0.5405405405405406
12005845,0.8333333333333334
12007781,0.41379310344827586
12029926,0.6666666666666666
12032722,0.8235294117647058
12032742,1.0
12039415,0.5238095238095238
12048865,0.5
12048867,0.625
12059457,1.0
12060965,0.5102040816326531
12065882,0.75
12070382,0.0
12074907,0.6111111111111112
12075607,0.0
12079971,0.3076923076923077
12085555,0.25
12088896,0.8484848484848485
12111642,0.5882352941176471
12116820,0.6071428571428571
12118393,0.75
12133869,0.35
12139181,0.6086956521739131
12139936,0.7105263157894737
12140456,0.4482758620689655
12144143,0.43478260869565216
12149293,0.48
12150283,0.4
12160916,0.5833333333333334
12160967,0.6666666666666666
12166642,0.7857142857142857
12184633,0.6153846153846154
12187559,0.45454545454545453
12199203,0.4
12213674,0.6363636363636364
12220711,0.43478260869565216
12225025,1.0
12228546,0.5
12230111,0.4722222222222222
12238072,0.5319148936170213
12238666,0.5217391304347826
12242279,1.0
12243911,0.3584905660377358
12244107,0.5365853658536586
12244221,0.28125
12244418,0.5
12246277,0.4090909090909091
12258699,0.5
12259797,0.8857142857142857
12261227,1.0
12262083,0.25
12262785,0.6
12263029,0.4838709677419355
12266006,0.6363636363636364
12268844,0.35714285714285715
12283387,0.0
12297456,0.9166666666666666
12298558,0.6938775510204082
12300209,0.8979591836734694
12301761,0.75
12303464,0.6
12303629,0.5517241379310345
12303840,0.6904761904761905
12304848,0.5714285714285714
12309558,0.5
12320816,0.8048780487804879
12333169,0.4666666666666667
12339855,0.5897435897435898
12357200,0.46808510638297873
12363802,0.8076923076923077
12365270,0.45454545454545453
12366450,0.0
12370510,0.7142857142857143
12372187,0.2
12383343,0.8333333333333334
12392170,0.9565217391304348
12403526,0.5
12414618,0.625
12415545,0.3333333333333333
12425825,0.7857142857142857
12440211,0.7727272727272727
12441209,0.75
12447664,0.6
12453420,0.6
12461886,0.4117647058823529
12463528,0.44642857142857145
12468972,0.5
12477904,0.7111111111111111
12481199,0.5
12499920,0.2857142857142857
12502787,0.23809523809523808
12503519,0.43478260869565216
12504925,0.7254901960784313
12507976,0.8214285714285714
12510014,0.7142857142857143
12529214,1.0
12529438,0.7142857142857143
12529488,0.6909090909090909
12554179,1.0
12555582,0.75
12558208,0.5555555555555556
12566683,0.6153846153846154
12580380,0.36363636363636365
12591034,0.75
12595887,1.0
12598563,0.7692307692307693
12601668,0.4807692307692308
12616227,0.9322033898305084
12616677,0.6666666666666666
12621610,0.625
12648395,0.7272727272727273
12673678,0.0
12679300,0.0
12709462,0.8
12743793,1.0
12746403,0.8108108108108109
12746971,0.8421052631578947
12756638,0.8333333333333334
12768182,0.23529411764705882
12769033,0.8620689655172413
12776285,0.6
12786585,0.4
12787592,0.6153846153846154
12788911,0.5
12790645,0.75
12798411,0.47619047619047616
12803084,0.0
12805439,0.967741935483871
12805494,0.32653061224489793
12807043,0.5428571428571428
12807543,0.6607142857142857
12820052,0.8
12822525,0.5303030303030303
12839010,0.4782608695652174
12841205,1.0
12842545,0.42857142857142855
12842913,0.36507936507936506
12866064,0.6097560975609756
12871257,0.8125
12884264,0.46
12894768,0.5294117647058824
12896531,0.42424242424242425
12897104,0.5972222222222222
12899923,0.5384615384615384
12913021,0.37037037037037035
12914938,0.5
12924035,0.8
12929497,0.5
12941137,0.8717948717948718
12948769,0.6666666666666666
12953708,0.5
12977539,0.6136363636363636
12979456,0.875
12994318,0.2571428571428571
12998982,0.6428571428571429
13025995,0.5849056603773585
13035008,0.2857142857142857
13039931,0.775
13039963,0.35714285714285715
13040311,0.875
13041661,0.5
13042909,0.42857142857142855
13048617,0.5833333333333334
13068029,0.6190476190476191
13068409,0.53125
13077287,0.9090909090909091
13078531,0.8181818181818182
13094025,0.5483870967741935
13095290,1.0
13103830,0.5
13108092,0.34285714285714286
13111518,1.0
13112368,0.6428571428571429
13119711,1.0
13121609,0.75
13121797,0.475
13121894,0.36666666666666664
13124418,0.30434782608695654
13124469,0.6666666666666666
13144360,0.34615384615384615
13159648,1.0
13168282,0.5111111111111111
13168328,0.5833333333333334
13168347,0.5
13179090,0.3793103448275862
13179926,0.6515151515151515
13180939,0.6666666666666666
13182399,0.42857142857142855
13187951,0.2857142857142857
13194514,0.42857142857142855
13195556,0.9166666666666666
13202172,0.5
13221754,0.625
13231573,1.0
13236012,0.39473684210526316
13243839,1.0
13245084,0.7727272727272727
13246446,0.5384615384615384
13268790,0.8
13270537,0.75
13270622,0.0
13270751,0.7142857142857143
13280045,0.8
13288348,0.7272727272727273
13296470,0.7692307692307693
13298740,0.8125
13307377,0.4166666666666667
13307723,0.4166666666666667
13311024,0.0
13311241,0.9523809523809523
13320592,0.14285714285714285
13328853,0.5111111111111111
13329014,0.5945945945945946
13329136,0.6666666666666666
13336990,0.5882352941176471
13355613,0.6111111111111112
13356667,0.6764705882352942
13357296,0.07142857142857142
13364440,0.5
13365304,0.6818181818181818
13368492,0.7142857142857143
13371336,0.7777777777777778
13381359,0.5833333333333334
13384071,0.5692307692307692
13392720,1.0
13394871,0.6666666666666666
13403880,0.59375
13405069,0.0
13418966,0.0
13422544,0.3333333333333333
13430344,0.7777777777777778
13439007,0.8148148148148148
13459723,0.8076923076923077
13461040,0.2857142857142857
13488041,0.4166666666666667
13499230,0.935064935064935
13526809,0.8780487804878049
13537410,0.8666666666666667
13540708,0.631578947368421
13546544,0.6818181818181818
13546840,0.8
13551727,0.4418604651162791
13568468,0.6037735849056604
13576016,0.9152542372881356
13584652,0.6923076923076923
13584662,0.6666666666666666
13586354,1.0
13586992,1.0
13588354,0.8
13612099,0.5416666666666666
13612718,0.8421052631578947
13613924,0.8333333333333334
13615449,1.0
13617745,0.9523809523809523
13621439,0.6585365853658537
13630913,0.8148148148148148
13632970,1.0
13636223,0.9333333333333333
13636386,0.6923076923076923
13656242,0.3389830508474576
13663339,0.7142857142857143
13670197,0.4634146341463415
13681502,0.6896551724137931
13683517,0.6296296296296297
13691930,0.5151515151515151
13700490,0.25
13704631,0.47619047619047616
13709722,0.25
13709899,0.5161290322580645
13725809,0.7608695652173914
13736389,0.6363636363636364
13740023,0.6
13749590,0.3
13756034,0.5714285714285714
13759775,0.9285714285714286
13760282,0.6458333333333334
13761619,0.75
13762181,0.25
13781162,0.4838709677419355
13797375,0.6216216216216216
13806199,0.0
13807152,1.0
13816868,0.6
13820644,0.9285714285714286
13837782,0.9076923076923077
13841347,0.25
13841421,0.68
13854881,0.4583333333333333
13872316,0.3333333333333333
13872532,0.0
13876513,0.5185185185185185
13882423,0.9259259259259259
13893323,0.5769230769230769
13896668,0.3333333333333333
13897655,0.6363636363636364
13917074,0.4782608695652174
13920294,0.21428571428571427
13927111,0.22058823529411764
13948200,0.42857142857142855
13948299,0.5
13953627,1.0
13957796,0.5757575757575758
13971260,0.5
13973305,0.36538461538461536
13991086,0.45
13996664,0.631578947368421
14000800,0.36363636363636365
14001467,1.0
14003855,0.7272727272727273
14007040,0.4418604651162791
14009154,0.8292682926829268
14009552,0.35714285714285715
14010283,0.4117647058823529
14010875,0.875
14024883,0.36046511627906974
14033700,0.8260869565217391
14034898,0.574468085106383
14035666,0.5
14040202,0.3953488372093023
14043928,0.4
14095402,0.9387755102040817
14106049,0.0
14113698,0.4473684210526316
14114247,0.782051282051282
14117859,1.0
14118382,0.5
14125344,0.5833333333333334
14137766,1.0
14151088,0.6842105263157895
14156721,0.25
14159837,0.6956521739130435
14178881,0.65
14179754,0.0
14182500,0.5
14184214,0.75
14188741,0.8
14192688,0.4444444444444444
14199193,0.5555555555555556
14207293,0.4594594594594595
14211479,0.734375
14224735,1.0
14225777,0.8333333333333334
14230947,0.6818181818181818
14231208,0.3333333333333333
14242209,0.5
14245785,0.8333333333333334
14257870,0.717948717948718
14258076,0.9
14258226,0.38461538461538464
14262116,0.8125
14269905,0.7058823529411765
14270714,0.2857142857142857
14272569,0.3
14273447,0.8285714285714286
14276832,0.7704918032786885
14277691,0.7
14278341,0.5833333333333334
14285219,0.5555555555555556
14290915,0.6724137931034483
14293819,0.0
14310562,0.5862068965517241
14316972,0.0
14328797,0.7567567567567568
14329269,0.9473684210526315
14330117,0.5128205128205128
14367880,0.875
14368819,0.3333333333333333
14384078,0.8620689655172413
14384919,0.48936170212765956
14391525,0.5
14392321,0.4523809523809524
14400015,0.7916666666666666
14412564,0.6
14417573,0.7857142857142857
14423769,0.5882352941176471
14437052,0.4090909090909091
14439444,0.0
14463690,0.8
14466098,0.8
14468977,0.5428571428571428
14477809,1.0
14480437,0.0
14480478,0.0
14492079,0.5555555555555556
14497884,1.0
14506448,0.4782608695652174
14551425,0.7241379310344828
14572316,0.7083333333333334
14582644,0.0
14588845,0.7894736842105263
14605694,0.6071428571428571
14621577,0.5
14622071,0.8536585365853658
14626243,0.8
14647048,0.8085106382978723
14652759,0.0
14658601,0.25
14660164,0.8301886792452831
14676874,0.5106382978723404
14677405,0.38461538461538464
14678020,0.75
14680841,0.7027027027027027
14687854,0.5909090909090909
14687885,0.4090909090909091
14701340,0.5
14705273,0.6078431372549019
14753251,0.5925925925925926
14759035,0.5
14768240,0.9629629629629629
14770795,0.45454545454545453
14781090,0.525
14781817,0.509090909090909
14811894,0.6785714285714286
14813434,0.375
14815977,0.6956521739130435
14818275,1.0
14822472,0.6666666666666666
14827988,0.6
14829416,0.6511627906976745
14838958,0.625
14839494,0.4716981132075472
14840613,0.3333333333333333
14840623,0.15384615384615385
14841005,0.2413793103448276
14852944,0.7428571428571429
14862344,1.0
14875420,0.0
14894036,0.5588235294117647
14903986,1.0
14912658,0.7083333333333334
14922029,0.46875
14927534,1.0
14931788,0.4
14945340,0.5
14954521,0.5
14962870,0.6842105263157895
14984731,0.5454545454545454
14985601,0.0
14986202,0.7307692307692307
14988394,0.5384615384615384
15002579,0.375
15006422,0.25
15006862,0.0
15021117,0.75
15051921,0.875
15091137,0.27586206896551724
15107526,0.46153846153846156
15119502,0.625
15153828,0.726027397260274
15162521,0.6304347826086957
15169661,0.5294117647058824
15177565,0.7380952380952381
15177596,0.5333333333333333
15183755,0.8305084745762712
15186003,0.1
15188143,0.25925925925925924
15194637,0.5625
15201803,0.5
15213142,0.5151515151515151
15220975,0.6538461538461539
15223127,0.45714285714285713
15228393,0.7017543859649122
15228883,0.5576923076923077
15240543,0.6666666666666666
15242139,0.2
15246526,1.0
15246579,1.0
15248924,0.7560975609756098
15250365,0.6666666666666666
15254596,0.5
15255151,0.42857142857142855
15262055,0.8
15268550,0.42857142857142855
15276569,0.6
15284689,0.29411764705882354
15290907,0.6666666666666666
15293019,1.0
15295239,0.8571428571428571
15309969,0.6582278481012658
15315118,0.48717948717948717
15318064,0.0
15320189,0.8285714285714286
15320675,0.7837837837837838
15321945,0.46153846153846156
15327607,0.6607142857142857
15334125,0.7058823529411765
15337283,0.4583333333333333
15347305,0.42857142857142855
15348261,0.5
15353507,0.7222222222222222
15365760,0.425
15369291,1.0
15371632,0.9090909090909091
15404129,1.0
15407131,0.36666666666666664
15416418,0.0
15440289,0.6153846153846154
15443289,0.0
15461382,0.42857142857142855
15476414,0.5
15493058,0.5454545454545454
15496409,0.6363636363636364
15506621,0.4090909090909091
15521731,0.8484848484848485
15529126,0.775
15544007,0.4444444444444444
15554445,0.8
15555157,0.9285714285714286
15560259,0.5454545454545454
15564895,0.5
15565463,0.7037037037037037
15565536,0.6307692307692307
15579107,0.3333333333333333
15584425,0.37142857142857144
15595997,0.8
15598087,0.6181818181818182
15599241,0.96875
15607569,0.88
15611812,0.3333333333333333
15627288,1.0
15627816,0.6818181818181818
15629111,1.0
15642810,0.7777777777777778
15658201,0.22727272727272727
15658445,1.0
15694941,0.7333333333333333
15695287,0.3333333333333333
15698429,0.5
15702055,0.7083333333333334
15703775,0.4
15704246,0.8235294117647058
15726659,0.9230769230769231
15728405,0.926829268292683
15754497,0.7058823529411765
15756109,0.0
15756501,0.9444444444444444
15777933,0.36363636363636365
15784950,0.2222222222222222
15793366,0.7333333333333333
15796383,0.46153846153846156
15796448,0.45
15800487,0.7037037037037037
15802658,0.5666666666666667
15810119,0.6666666666666666
15812369,0.7222222222222222
15813728,0.8717948717948718
15813982,0.6
15814621,0.7115384615384616
15819632,0.7
15825534,0.6666666666666666
15842070,0.4230769230769231
15863264,0.6521739130434783
15882195,0.7692307692307693
15883716,0.2857142857142857
15889977,0.2
15891163,0.7647058823529411
15901137,1.0
15908536,0.5
15921995,0.5
15923521,0.5675675675675675
15934851,0.15
15936230,0.5555555555555556
15941004,0.6
15941746,0.6181818181818182
15949142,0.5
15953678,0.45714285714285713
15960091,1.0
15960114,0.8723404255319149
15981987,0.49230769230769234
15993165,0.6842105263157895
15997799,0.0
15998236,0.2
16021657,0.7222222222222222
16028868,0.45454545454545453
16028976,0.6666666666666666
16035500,0.9
16037353,0.7580645161290323
16037882,0.425
16038095,1.0
16038840,0.5
16044316,0.3333333333333333
16066184,0.6
16079800,0.1875
16084492,0.2857142857142857
16098388,0.5
16105839,0.37209302325581395
16106548,0.42105263157894735
16108155,0.625
16117189,0.6363636363636364
16117263,0.75
16129857,1.0
16141450,0.3333333333333333
16143691,0.8461538461538461
16155301,1.0
16162810,0.6818181818181818
16171126,0.9298245614035088
16183601,0.84
16187766,0.55
16198108,0.7857142857142857
16200489,1.0
16213149,0.4375
16228856,0.6
16242291,0.5882352941176471
16251196,0.5
16267096,0.6666666666666666
16268200,0.5
16269158,0.8541666666666666
16296701,0.851063829787234
16298724,0.0
16304359,1.0
16305052,0.5
16308967,0.7105263157894737
16316321,1.0
16319225,0.0
16322187,0.5806451612903226
16327609,0.7692307692307693
16332080,0.7333333333333333
16342959,0.0
16346946,0.6363636363636364
16356340,0.8181818181818182
16357799,0.875
16360810,0.75
16366452,0.8888888888888888
16371385,0.8
16376804,0.6666666666666666
16377630,1.0
16384532,0.42857142857142855
16387067,0.4642857142857143
16397745,0.4482758620689655
16412054,0.8285714285714286
16420901,0.7391304347826086
16426042,0.34782608695652173
16437081,0.7
16448360,0.0
16448756,0.45454545454545453
16451542,0.0
16460416,0.5862068965517241
16462609,0.42857142857142855
16464133,0.5
16465483,0.85
16478413,1.0
16487116,0.6
16493177,0.5
16494281,0.625
16496531,0.0
16513163,0.47619047619047616
16516320,0.07692307692307693
16519157,0.5
16523564,0.6666666666666666
16527529,0.4
16532675,0.5370370370370371
16542166,0.0
16544585,0.5454545454545454
16552938,0.5
16553866,0.64
16563043,1.0
16563210,0.5
16564826,0.28125
16567886,0.3333333333333333
16568450,1.0
16570093,0.7808219178082192
16570107,0.3333333333333333
16581106,0.5
16584085,0.6111111111111112
16590152,0.8888888888888888
16599073,0.6666666666666666
16610687,0.29411764705882354
16611435,0.5862068965517241
16612091,0.5
16612220,0.7857142857142857
16614799,0.7948717948717948
16621757,0.5
16622337,0.0
16622944,0.3333333333333333
16631044,0.75
16644656,1.0
16668416,0.5
16671597,0.6
16681480,0.75
16687956,0.4772727272727273
16689426,0.75
16713759,0.6551724137931034
16714927,0.0
16718726,1.0
16719220,0.8333333333333334
16719339,0.3684210526315789
16737970,0.6428571428571429
16738179,1.0
16745417,0.75
16750381,0.875
16752315,0.7619047619047619
16753041,0.625
16753954,0.625
16763957,0.0
16776372,0.75
16790047,1.0
16801928,0.7777777777777778
16805720,0.9285714285714286
16820447,0.39285714285714285
16821356,0.8709677419354839
16822519,0.2857142857142857
16822851,0.6666666666666666
16824713,0.5
16825363,0.475
16834969,0.17857142857142858
16835085,0.19047619047619047
16839658,0.7
16842614,0.7272727272727273
16852474,0.3333333333333333
16852931,0.5
16864826,0.5121951219512195
16865737,0.6129032258064516
16865958,1.0
16869445,0.0
16881347,0.5454545454545454
16882702,0.5454545454545454
16882944,0.6285714285714286
16891542,0.0
16892337,0.6666666666666666
16906052,0.5454545454545454
16907127,0.7857142857142857
16907285,0.7
16908038,0.5454545454545454
16918841,0.5
16921600,1.0
16922040,0.42857142857142855
16925031,0.5
16930530,0.22727272727272727
16941161,0.0
16943593,0.56
16951301,1.0
16963089,0.5
16977120,0.9411764705882353
16991524,0.625
16995148,0.6857142857142857
17003754,0.75
17006035,0.6470588235294118
17017904,0.5
17020384,0.6
17023320,0.9090909090909091
17024708,0.5
17025005,0.47368421052631576
17025161,1.0
17025866,0.6428571428571429
17034859,0.5416666666666666
17042084,0.7291666666666666
17051107,0.20833333333333334
17069721,1.0
17071616,1.0
17075807,0.6666666666666666
17094164,0.75
17099087,0.6507936507936508
17116794,0.6071428571428571
17130437,0.5714285714285714
17146247,0.4473684210526316
17149297,0.0
17151105,0.8181818181818182
17157280,0.7307692307692307
17183851,0.8181818181818182
17208090,0.8
17214949,0.75
17216494,0.5555555555555556
17216769,0.4375
17244197,0.8292682926829268
17246972,0.8333333333333334
17247383,0.9166666666666666
17252653,0.6296296296296297
17268495,0.5714285714285714
17278799,0.6521739130434783
17279422,0.5576923076923077
17279794,0.6666666666666666
17299720,0.3333333333333333
17317706,0.8712871287128713
17325099,0.5
17329482,0.42857142857142855
17330038,0.5
17353586,0.9411764705882353
17356520,0.7777777777777778
17356916,0.5384615384615384
17358676,0.6504854368932039
17360143,0.8333333333333334
17360642,1.0
17365995,0.5384615384615384
17386216,0.76
17390379,0.71
17415451,1.0
17417862,0.2608695652173913
17431547,0.6470588235294118
17431964,0.0
17432210,0.5652173913043478
17445602,0.0
17446225,0.8181818181818182
17460062,0.6923076923076923
17468670,0.9
17477332,0.8461538461538461
17486911,0.5454545454545454
17493857,0.8
17494802,0.5
17503300,0.696969696969697
17518938,0.5283018867924528
17527349,0.7708333333333334
17530724,0.6
17542110,0.5238095238095238
17543557,0.5365853658536586
17549646,0.0
17554104,0.8095238095238095
17561932,0.7846153846153846
17562064,0.56
17565255,0.7435897435897436
17571013,0.559322033898305
17578251,0.9047619047619048
17584822,0.5454545454545454
17585435,0.6666666666666666
17585785,1.0
17587748,0.4
17589044,0.30434782608695654
17597230,0.6071428571428571
17602323,1.0
17606907,0.3333333333333333
17615803,0.5454545454545454
17616329,0.6578947368421053
17631880,0.4782608695652174
17635687,0.5238095238095238
17647621,0.7910447761194029
17648988,0.48
17650885,0.6071428571428571
17658911,0.6363636363636364
17669959,0.5517241379310345
17673846,0.35714285714285715
17678821,0.0
17680115,0.9090909090909091
17689634,0.9166666666666666
17691951,0.3333333333333333
17693127,1.0
17704459,0.9722222222222222
17729258,1.0
17730483,0.4186046511627907
17739503,0.8714285714285714
17742762,0.5833333333333334
17746755,0.7105263157894737
17747433,1.0
17749251,0.6428571428571429
17756864,0.45454545454545453
17756961,0.4827586206896552
17769078,0.4375
17792345,0.5238095238095238
17809281,0.4375
17817801,0.43137254901960786
17818892,0.6440677966101694
17819241,0.6617647058823529
17820214,1.0
17821467,0.90625
17821625,0.6222222222222222
17822236,0.5681818181818182
17823583,0.375
17823804,0.8888888888888888
17828204,0.9545454545454546
17856702,0.8163265306122449
17889028,0.6666666666666666
17890811,0.75
17898997,0.46153846153846156
17905825,0.9230769230769231
17912520,0.5
17914500,0.7
17932014,0.5645161290322581
17934201,0.3898305084745763
17938464,0.65
17950487,0.15384615384615385
17950966,1.0
17951719,0.803030303030303
17952278,0.9230769230769231
17957244,0.78
17967371,0.5
17989723,0.75
18001678,0.7391304347826086
18002930,0.5862068965517241
18007745,0.5
18027614,0.0
18030503,0.2857142857142857
18030702,0.8571428571428571
18039909,0.42857142857142855
18046166,0.34210526315789475
18047883,0.0
18049545,0.16666666666666666
18051632,0.6666666666666666
18055101,1.0
18057545,0.5
18066792,0.7714285714285715
18072686,0.2222222222222222
18081182,1.0
18081702,0.6
18083388,0.5
18084293,0.5
18089818,0.5
18090451,0.7608695652173914
18090864,0.6923076923076923
18105794,0.23333333333333334
18133505,0.3333333333333333
18174091,0.4
18177011,0.5185185185185185
18179136,0.41935483870967744
18183753,0.7083333333333334
18184962,0.5172413793103449
18190229,0.6451612903225806
18201883,0.8333333333333334
18209719,0.47619047619047616
18220762,0.6222222222222222
18221687,0.4117647058823529
18222511,0.4
18230786,0.3939393939393939
18236662,0.5
18240147,0.8888888888888888
18250490,0.6666666666666666
18251791,0.3157894736842105
18264438,0.7441860465116279
18280765,0.56
18282887,1.0
18284343,0.64
18284760,0.7419354838709677
18285691,0.5
18286556,0.6818181818181818
18300943,1.0
18305704,0.0
18310888,1.0
18315318,0.9215686274509803
18317881,0.6666666666666666
18318263,0.6666666666666666
18319715,0.4
18341498,0.4777777777777778
18352321,0.5
18357325,0.0
18357582,0.0
18365443,0.696969696969697
18410825,0.48
18431024,0.6666666666666666
18437294,0.5
18437378,0.16666666666666666
18442987,0.625
18446771,0.0
18447160,0.5
18458898,0.6111111111111112
18461022,0.3684210526315789
18479127,0.7777777777777778
18479224,1.0
18487411,0.3333333333333333
18488106,0.8421052631578947
18494808,0.2857142857142857
18502546,1.0
18503201,0.8333333333333334
18514326,0.5714285714285714
18517281,0.7413793103448276
18517569,0.45161290322580644
18519351,0.3
18524038,1.0
18524044,1.0
18531291,0.7142857142857143
18540743,0.0
18542216,0.6136363636363636
18543989,0.5714285714285714
18565311,0.8
18574034,0.0
18574545,0.7333333333333333
18588616,0.5
18590777,0.5686274509803921
18592447,0.7142857142857143
18596186,0.6666666666666666
18599299,0.4
18608047,0.5853658536585366
18608686,0.5416666666666666
18610767,0.8076923076923077
18620018,0.47368421052631576
18621506,0.7014925373134329
18624674,0.6666666666666666
18641998,0.8
18644176,0.3269230769230769
18645586,0.5
18646021,0.6666666666666666
18660952,0.4375
18661592,0.7746478873239436
18662279,0.3333333333333333
18677954,0.7777777777777778
18685263,0.4
18688995,0.7
18696641,0.3333333333333333
18698546,0.7692307692307693
18700720,0.4444444444444444
18700924,0.4107142857142857
18702626,0.39285714285714285
18702982,0.4375
18704831,0.47368421052631576
18711008,0.0
18713446,0.75
18713631,0.925
18727134,1.0
18729775,1.0
18733870,0.5686274509803921
18740273,0.4642857142857143
18740493,0.7692307692307693
18740535,0.75
18740607,0.53125
18740879,0.6619718309859155
18742653,0.4
18745799,0.5
18749533,0.5333333333333333
18800967,0.6052631578947368
18801503,0.3333333333333333
18802826,0.5
18804527,0.5
18805998,0.36363636363636365
18817728,0.4074074074074074
18821398,0.5
18824866,0.5555555555555556
18836668,0.23728813559322035
18845130,0.6666666666666666
18851882,0.2
18863405,0.5
18868669,0.75
18871111,1.0
18881338,0.4
18881988,0.14285714285714285
18882546,0.5416666666666666
18893386,0.2
18907494,1.0
18910269,0.5714285714285714
18910408,0.5833333333333334
18913550,0.8717948717948718
18918889,0.8333333333333334
18943842,1.0
18944002,0.4444444444444444
18967371,1.0
18970569,0.0
18991246,0.6666666666666666
19009304,1.0
19021645,0.4166666666666667
19021999,0.3125
19025495,1.0
19033816,0.38461538461538464
19066406,0.5555555555555556
19068720,0.8333333333333334
19069258,0.5901639344262295
19111841,0.0
19112326,0.6666666666666666
19116251,1.0
19129884,0.9411764705882353
19139623,0.2631578947368421
19152648,0.5555555555555556
19152828,0.4
19159946,0.48148148148148145
19169098,0.5
19173687,0.1724137931034483
19174060,0.8478260869565217
19184756,0.6458333333333334
19204602,0.6944444444444444
19219025,0.5652173913043478
19219491,0.42857142857142855
19232294,0.2
19233139,0.9333333333333333
19242320,0.6666666666666666
19279614,0.18181818181818182
19280038,0.4634146341463415
19303492,0.3
19309730,0.6666666666666666
19323694,1.0
19326727,0.4426229508196721
19328604,1.0
19351113,0.0
19359750,0.5306122448979592
19369398,0.34146341463414637
19376400,0.358974358974359
19378131,1.0
19393408,0.41935483870967744
19394813,0.5294117647058824
19396870,0.0
19397825,0.40625
19409831,0.2647058823529412
19418941,0.2
19419276,0.8571428571428571
19420226,0.9574468085106383
19421401,1.0
19422638,0.8064516129032258
19443910,0.6
19460973,0.37209302325581395
19462780,0.8
19466486,1.0
19471097,0.358974358974359
19473312,0.48936170212765956
19486886,0.8571428571428571
19488621,0.7
19493349,0.5
19494021,0.8529411764705882
19496774,0.7619047619047619
19497249,0.5833333333333334
19497363,0.5454545454545454
19520999,0.9696969696969697
19521865,0.7894736842105263
19523680,0.875
19524769,0.0
19551796,0.41935483870967744
19557058,0.4666666666666667
19565694,0.24
19590598,0.8148148148148148
19592705,0.3333333333333333
19607151,0.581081081081081
19608560,0.9473684210526315
19615331,0.4
19627729,0.6037735849056604
19636495,0.5238095238095238
19667717,0.7333333333333333
19684230,0.5483870967741935
19687490,1.0
19688577,0.6
19692336,0.2
19694723,1.0
19706274,0.7692307692307693
19713670,1.0
19724697,1.0
19725947,0.3235294117647059
19730241,0.5
19730803,0.2916666666666667
19740759,0.6
19740926,0.5087719298245614
19743924,0.0
19754022,0.5
19766297,0.52
19774295,0.8
19777790,0.6428571428571429
19780854,0.2
19797905,0.3333333333333333
19811311,1.0
19815346,0.42857142857142855
19815894,0.4166666666666667
19834302,0.4523809523809524
19840400,0.6666666666666666
19850172,1.0
19850392,1.0
19859481,0.5
19889124,0.6
19896319,0.7931034482758621
19904014,0.3333333333333333
19906505,0.5454545454545454
19912378,0.0
19922006,0.6666666666666666
19944237,0.74
19949306,0.42105263157894735
19967706,0.8928571428571429
19975077,1.0
19979732,0.5833333333333334
19992118,0.8235294117647058
19992806,0.8055555555555556
20009770,0.8103448275862069
20013073,0.7027027027027027
20014250,0.896551724137931
20025971,1.0
20026722,0.2
20026974,0.0
20033979,0.45161290322580644
20039841,0.0
20040362,0.6363636363636364
20041337,0.375
20047771,1.0
20053402,0.9411764705882353
20061670,0.2903225806451613
20062692,0.3684210526315789
20075552,1.0
20084389,0.8571428571428571
20084729,0.5
20087318,0.6
20090018,0.5319148936170213
20098343,0.9090909090909091
20100509,0.7575757575757576
20132726,0.25
20160040,0.8571428571428571
20162843,0.42857142857142855
20166871,0.2857142857142857
20186214,0.7
20205913,0.5416666666666666
20221187,0.74
20222631,0.4
20226210,0.5555555555555556
20237468,0.6
20241490,0.5
20243847,0.6666666666666666
20244885,0.42857142857142855
20247826,0.7931034482758621
20250830,0.4318181818181818
20252516,0.5833333333333334
20253277,0.5753424657534246
20258145,0.5517241379310345
20262177,0.3333333333333333
20272762,0.5
20278771,0.5208333333333334
20283789,0.6129032258064516
20290043,0.6956521739130435
20293613,0.8148148148148148
20294434,0.8
20299213,0.5576923076923077
20327845,1.0
20346660,0.2222222222222222
20357075,0.625
20361700,0.75
20372615,1.0
20385708,1.0
20390611,0.5
20402913,0.6923076923076923
20405748,0.4605263157894737
20407690,0.4888888888888889
20417194,1.0
20436183,0.48
20439192,0.0
20489312,0.5833333333333334
20492579,0.5609756097560976
20495273,0.5555555555555556
20513560,0.5483870967741935
20518008,0.65
20530516,1.0
20531842,0.7209302325581395
20534776,0.2727272727272727
20535728,0.0
20576856,0.65625
20593923,0.5
20594518,0.76
20597157,0.625
20598476,0.75
20598851,1.0
20621032,0.5
20647614,0.5
20652795,0.4
20660796,0.6818181818181818
20666501,0.29411764705882354
20666663,0.45714285714285713
20678969,0.75
20681649,0.4
20682281,0.6578947368421053
20702236,0.75
20703972,0.8181818181818182
20708071,0.5
20735948,0.5
20756083,0.6666666666666666
20760639,0.6428571428571429
20764986,0.3333333333333333
20770972,0.5172413793103449
20781881,0.75
20786175,0.39285714285714285
20796228,0.3783783783783784
20805781,0.3333333333333333
20809620,0.43478260869565216
20816755,1.0
20824516,0.36
20824977,0.4864864864864865
20839620,1.0
20840448,0.7142857142857143
20856363,0.0
20856599,0.5
20878368,0.3333333333333333
20879453,0.75
20900676,0.8666666666666667
20902492,0.42857142857142855
20911459,0.0
20915582,1.0
20925211,0.6595744680851063
20926143,1.0
20951269,0.5932203389830508
20951750,0.7884615384615384
20953496,0.37037037037037035
20956913,0.5384615384615384
20966382,0.0
20977770,1.0
20978719,0.42857142857142855
20985156,0.5
20985953,0.47058823529411764
20991270,0.5
20993518,0.6666666666666666
21003756,0.8947368421052632
21033195,0.19047619047619047
21037652,0.6666666666666666
21048231,0.5
21051817,0.5
21067429,0.5
21071872,0.0
21080298,0.5833333333333334
21085710,0.8571428571428571
21087294,0.7647058823529411
21100583,0.3448275862068966
21108628,0.3333333333333333
21143504,0.5869565217391305
21145054,0.6296296296296297
21148507,0.8297872340425532
21170049,0.7666666666666667
21180750,0.4897959183673469
21185871,0.43636363636363634
21187691,0.5428571428571428
21201434,0.3103448275862069
21204225,0.3048780487804878
21209185,0.8571428571428571
21215607,0.9230769230769231
21221615,1.0
21236872,0.0
21240641,0.7666666666666667
21240721,0.32432432432432434
21241335,0.275
21249809,0.5862068965517241
21250701,0.5263157894736842
21257666,0.52
21258427,0.5384615384615384
21274581,0.38461538461538464
21294573,0.6666666666666666
21305971,0.5
21315541,0.42857142857142855
21319322,0.64
21331611,0.75
21352620,0.875
21352752,0.6296296296296297
21354034,0.0
21360555,0.717948717948718
21361451,1.0
21362579,0.48
21363049,0.4090909090909091
21372668,0.6363636363636364
21417298,0.3
21417966,0.4
21422648,0.4666666666666667
21425904,0.3333333333333333
21426131,0.47368421052631576
21433063,1.0
21442175,0.64
21447694,0.6153846153846154
21465651,0.0
21469163,0.5555555555555556
21469759,0.2222222222222222
21479577,1.0
21482420,1.0
21483009,0.9130434782608695
21483823,0.0
21495341,0.35714285714285715
21496189,0.0
21499265,0.75
21506137,0.3333333333333333
21508125,0.7142857142857143
21511933,1.0
21537729,0.5
21538375,0.3333333333333333
21554287,0.5806451612903226
21555879,0.4166666666666667
21561350,0.8421052631578947
21570005,0.7142857142857143
21571767,0.6976744186046512
21580691,0.7906976744186046
21589685,0.6666666666666666
21601540,0.6551724137931034
21602848,0.5483870967741935
21603156,0.25
21604173,0.6666666666666666
21615062,0.39473684210526316
21621019,0.0
21622522,0.0
21622750,0.3333333333333333
21629684,0.3333333333333333
21638709,0.8392857142857143
21652666,0.4583333333333333
21656160,0.4666666666666667
21661961,1.0
21662626,0.0
21664993,0.5384615384615384
21669730,1.0
21679197,0.0
21690511,0.875
21694258,0.7777777777777778
21704823,0.6875
21709503,0.9464285714285714
21709788,1.0
21712767,0.5
21712894,0.8181818181818182
21719929,0.5
21726418,0.45
21731153,0.0
21734685,0.7083333333333334
21746817,0.5
21747097,0.25
21748315,0.6029411764705882
21752300,0.38461538461538464
21756582,0.6666666666666666
21763654,0.6451612903225806
21767458,0.7
21775963,0.8421052631578947
21794365,0.5
21796266,0.4727272727272727
21796535,0.2857142857142857
21796854,0.4166666666666667
21800108,0.453125
21807504,0.5384615384615384
21807920,0.7142857142857143
21809564,0.125
21809755,1.0
21810952,0.896551724137931
21811108,0.5074626865671642
21811922,0.25
21813874,0.5
21814706,0.6363636363636364
21835005,0.5
21842574,0.5172413793103449
21854477,0.7894736842105263
21861997,0.3333333333333333
21871020,0.25
21872444,0.8888888888888888
21878613,0.5714285714285714
21879041,0.6538461538461539
21892527,0.847457627118644
21899167,0.3448275862068966
21905535,0.6666666666666666
21905658,0.5714285714285714
21907721,0.0
21908725,0.7352941176470589
21923583,0.7843137254901961
21940367,0.675
21957759,0.8333333333333334
21959354,0.5
21962614,1.0
21975974,0.42857142857142855
21977345,0.0
21988855,0.25
21991649,0.8823529411764706
21992397,0.47368421052631576
22004221,1.0
22013111,0.48148148148148145
22021717,0.5333333333333333
22024959,0.8148148148148148
22044509,0.7142857142857143
22045598,0.6
22047363,0.6
22054501,0.5384615384615384
22070383,0.45652173913043476
22076704,0.9642857142857143
22077610,0.7307692307692307
22095813,0.7222222222222222
22100694,0.6296296296296297
22111444,0.7096774193548387
22113935,0.46875
22115443,0.6862745098039216
22122037,0.36363636363636365
22144316,0.0
22159912,0.4
22160824,0.6363636363636364
22160843,1.0
22164623,0.6190476190476191
22169361,0.4
22187883,0.6
22190712,0.5
22198520,0.6666666666666666
22199463,0.9545454545454546
22202231,0.6956521739130435
22203280,0.6721311475409836
22203290,0.5172413793103449
22203909,0.5862068965517241
22204955,0.42857142857142855
22205463,0.8333333333333334
22219081,0.3333333333333333
22219083,0.3333333333333333
22219088,0.6190476190476191
22219612,0.2
22221113,0.5263157894736842
22237162,0.9032258064516129
22243453,0.875
22243758,0.7727272727272727
22261100,0.44
22273900,0.7142857142857143
22288798,0.8
22302369,0.75
22302432,0.6842105263157895
22304383,0.4666666666666667
22320389,0.2727272727272727
22331018,0.9444444444444444
22336917,0.4
22349952,1.0
22353694,0.9361702127659575
22356796,0.5
22365936,0.45161290322580644
22370366,1.0
22374139,0.45
22380801,0.7857142857142857
22381687,0.7333333333333333
22415861,0.7857142857142857
22416251,0.65
22418132,0.625
22420854,0.5
22428520,0.5
22456964,0.55
22458638,0.5714285714285714
22496015,1.0
22509385,1.0
22529501,0.5769230769230769
22541079,0.5833333333333334
22556145,0.6
22556152,0.0
22556153,0.5
22556765,0.3333333333333333
22563202,0.8333333333333334
22570633,0.15384615384615385
22583352,0.3333333333333333
22595801,1.0
22604194,0.3684210526315789
22605772,0.41379310344827586
22607838,0.4507042253521127
22610109,0.6666666666666666
22612310,0.3333333333333333
22620981,0.0
22623415,0.6363636363636364
22626199,0.5
22629486,0.0
22631591,1.0
22631780,0.0
22632070,0.5384615384615384
22641461,0.5333333333333333
22648872,0.45454545454545453
22660119,0.6666666666666666
22660863,0.8928571428571429
22663746,0.7619047619047619
22679482,0.6111111111111112
22679645,0.6071428571428571
22680941,0.0
22681993,0.6
22682113,0.7142857142857143
22682246,0.5
22682345,0.7
22682431,0.3333333333333333
22682541,0.3157894736842105
22695017,0.6666666666666666
22697963,0.3
22700332,0.8372093023255814
22712551,0.6122448979591837
22731337,0.8125
22737380,0.5769230769230769
22746106,0.3958333333333333
22746761,0.6
22758787,0.75
22771369,0.7142857142857143
22777099,0.8
22779862,1.0
22782293,0.3333333333333333
22789044,0.6666666666666666
22794822,0.9302325581395349
22799710,0.6
22804555,0.7692307692307693
22808443,0.8032786885245902
22823134,0.16666666666666666
22823230,0.7
22824065,0.3
22845832,0.0
22852304,0.46808510638297873
22852372,0.6
22855918,0.96
22856929,0.5
22879662,0.0
22892352,0.34285714285714286
22894399,0.34210526315789475
22919691,1.0
22921853,0.4
22922003,0.5454545454545454
22934221,0.6666666666666666
22936931,0.5789473684210527
22947971,0.2222222222222222
22949464,0.90625
22949606,0.7142857142857143
22950214,0.6666666666666666
22954302,0.34782608695652173
22954733,0.4166666666666667
22961476,0.6666666666666666
22964301,0.55
22980019,0.6785714285714286
22991017,0.5
22993253,0.3333333333333333
22994920,0.4117647058823529
22997776,0.8620689655172413
22999546,0.4
23010148,0.4
23015930,0.4
23035228,0.6170212765957447
23037276,0.72
23039270,0.8157894736842105
23040787,0.7222222222222222
23052121,0.5324675324675324
23054174,0.8085106382978723
23066213,1.0
23070393,0.0
23071094,1.0
23072532,1.0
23081620,0.42857142857142855
23083427,0.75
23083866,0.4074074074074074
23084502,0.6428571428571429
23085669,0.0
23086853,0.4827586206896552
23106088,0.6785714285714286
23114966,0.5
23120002,0.7948717948717948
23124017,0.6875
23133968,0.3684210526315789
23135573,0.5
23136925,0.625
23145345,0.2857142857142857
23145564,0.7777777777777778
23154737,0.4716981132075472
23160299,0.42105263157894735
23160420,0.0
23176852,0.3333333333333333
23178522,0.42857142857142855
23193714,0.5714285714285714
23196166,0.7142857142857143
23196433,0.4
23196962,0.42857142857142855
23217474,0.75
23230580,0.8333333333333334
23241909,0.6176470588235294
23244803,0.6666666666666666
23250290,0.7017543859649122
23261408,0.8571428571428571
23264086,1.0
23268542,0.5
23269160,0.5
23281292,0.5428571428571428
23308271,0.0
23317044,0.5
23317243,0.42857142857142855
23318511,0.9302325581395349
23320681,0.14285714285714285
23320775,1.0
23321351,0.7142857142857143
23321567,0.5909090909090909
23323089,0.6190476190476191
23326348,0.75
23329477,0.59375
23332857,0.3333333333333333
23335192,0.8333333333333334
23335465,0.6825396825396826
23337706,0.25
23347429,0.5
23347579,0.625
23349892,1.0
23350735,0.5
23352560,0.6
23367515,0.8378378378378378
23368884,0.6
23373451,0.8181818181818182
23389081,0.625
23390041,0.5483870967741935
23391437,0.45454545454545453
23402896,0.3333333333333333
23410950,1.0
23429285,0.3333333333333333
23434773,0.2857142857142857
23440455,0.36363636363636365
23443122,0.5789473684210527
23443822,0.8
23447723,0.7777777777777778
23462418,0.25
23465654,0.3
23465905,0.40476190476190477
23467735,0.8085106382978723
23478774,0.5833333333333334
23479895,1.0
23483888,0.25
23493912,1.0
23499525,0.4523809523809524
23509439,0.5
23516890,0.42857142857142855
23553792,0.7727272727272727
23554183,1.0
23557443,0.5
23571710,1.0
23572420,0.625
23575479,0.42857142857142855
23577122,1.0
23586456,1.0
23605836,0.8709677419354839
23611094,0.6666666666666666
23613352,1.0
23625630,1.0
23637200,0.4
23640992,0.9166666666666666
23642434,1.0
23643325,0.3333333333333333
23655641,0.8387096774193549
23663012,1.0
23679594,0.9428571428571428
23700516,0.5833333333333334
23707019,0.5161290322580645
23707564,1.0
23715056,0.6428571428571429
23721270,0.0
23726256,0.4838709677419355
23728070,0.9111111111111111
23738652,0.6612903225806451
23755439,0.0
23757573,0.8387096774193549
23760989,0.5
23764051,0.8518518518518519
23765098,0.7419354838709677
23767532,0.0
23769542,0.0
23771046,1.0
23786451,0.6428571428571429
23794726,0.5
23796746,0.972972972972973
23799108,0.6428571428571429
23819865,0.5217391304347826
23819993,0.4666666666666667
23831793,0.6
23836626,0.7
23845769,0.6666666666666666
23851937,0.5
23852126,0.7272727272727273
23869448,1.0
23871389,0.4166666666666667
23871461,0.3333333333333333
23871522,0.3793103448275862
23871562,0.0
23871778,0.4482758620689655
23874960,0.7045454545454546
23879399,0.6666666666666666
23880958,0.8415841584158416
23890918,0.6
23892801,0.4
23893660,0.696969696969697
23909159,0.5
23910283,0.84375
23913825,0.6
23930420,1.0
23939953,0.6666666666666666
23943944,0.8269230769230769
23955090,0.3333333333333333
23971749,0.9636363636363636
23972978,0.5
23974532,0.8378378378378378
23984178,0.6666666666666666
23984738,0.85
23993689,0.0
24006254,0.8461538461538461
24008881,0.0
24010612,0.6571428571428571
24012480,0.5517241379310345
24026960,0.6666666666666666
24027937,0.5
24052365,0.3333333333333333
24055590,0.8260869565217391
24060385,0.9315068493150684
24068896,0.3684210526315789
24070145,0.5
24071423,0.6363636363636364
24072465,0.5
24073001,0.8095238095238095
24073602,0.7083333333333334
24075985,0.0
24078846,0.7346938775510204
24082388,0.5135135135135135
24083310,0.54
24088804,0.4
24090563,0.78125
24093478,0.4
24107993,0.6666666666666666
24178037,0.6041666666666666
24192907,0.5882352941176471
24201651,0.5
24202152,0.6666666666666666
24214874,0.5
24239356,1.0
24254219,0.35714285714285715
24278943,0.68
24297761,0.7333333333333333
24307718,1.0
24308245,0.21428571428571427
24316432,0.6
24318593,0.8571428571428571
24323565,0.64
24323920,0.875
24325687,0.4
24326556,0.0
24328617,1.0
24330438,0.391304347826087
24332089,0.3333333333333333
24348934,0.4
24362100,0.0
24363466,1.0
24367853,1.0
24367974,0.875
24381349,0.6129032258064516
24386358,0.0
24387331,0.0
24387527,0.5849056603773585
24388351,1.0
24393711,0.3333333333333333
24405118,0.7419354838709677
24409266,0.75
24416997,0.3125
24419985,0.6666666666666666
24421450,0.14285714285714285
24421753,0.5882352941176471
24423591,0.45454545454545453
24423944,0.0
24438461,0.5
24438802,0.6607142857142857
24444856,0.85
24459422,0.5789473684210527
24459622,0.6666666666666666
24460316,0.7205882352941176
24464233,1.0
24467063,0.8846153846153846
24473617,0.625
24486839,0.4594594594594595
24487793,0.5714285714285714
24489119,0.25
24508121,0.0
24511424,0.6086956521739131
24529908,0.4318181818181818
24530095,0.453125
24534065,0.2127659574468085
24555072,1.0
24555584,0.5869565217391305
24574308,0.0
24574969,1.0
24588226,0.8260869565217391
24592629,0.7272727272727273
24599182,0.5
24603733,0.4
24639768,0.8
24640678,0.2
24645034,0.6470588235294118
24647648,0.6896551724137931
24650396,0.5
24663173,0.3181818181818182
24664035,0.5
24665092,0.0
24667200,0.3888888888888889
24667900,0.92
24669568,0.5217391304347826
24672783,0.9285714285714286
24675604,0.3888888888888889
24686167,0.625
24692150,0.4782608695652174
24695464,0.684931506849315
24724929,0.7241379310344828
24744202,1.0
24748923,0.8695652173913043
24749007,0.7
24752585,0.7962962962962963
24758279,0.5128205128205128
24785044,0.6842105263157895
24790948,0.8688524590163934
24791561,0.36363636363636365
24814252,0.8387096774193549
24815457,0.0
24815698,0.49019607843137253
24815808,0.5833333333333334
24817793,0.7142857142857143
24819423,0.4642857142857143
24819682,0.45161290322580644
24824079,1.0
24829066,0.765625
24843877,0.5106382978723404
24847748,0.2894736842105263
24850432,0.7037037037037037
24852805,0.7058823529411765
24853572,0.76
24873562,0.6981132075471698
24879057,0.5192307692307693
24883678,0.7272727272727273
24888965,0.875
24889521,0.8
24890130,0.8409090909090909
24928754,0.90625
24941903,0.3333333333333333
24953726,0.8214285714285714
24975006,0.4444444444444444
24976201,0.4
24985124,0.7209302325581395
24990311,0.0
25006991,0.5116279069767442
25008922,0.625
25018013,0.49122807017543857
25024559,0.5
25045146,0.25
25045215,0.8076923076923077
25045662,0.3333333333333333
25052341,0.703125
25053574,0.9230769230769231
25067235,1.0
25071445,0.5
25080639,0.4444444444444444
25117316,0.5925925925925926
25121422,0.75
25148442,0.8780487804878049
25154610,0.2
25156218,0.7931034482758621
25173200,1.0
25173277,0.5
25175372,0.78
25177222,0.6363636363636364
25179983,0.8863636363636364
25195397,0.4
25196380,0.2
25201194,0.3333333333333333
25228949,0.5
25243102,0.6538461538461539
25282045,0.4939759036144578
25282360,0.2608695652173913
25282834,0.6666666666666666
25304798,0.5714285714285714
25308754,0.647887323943662
25310844,0.0
25315401,0.0
25331400,0.8888888888888888
25335323,0.8571428571428571
25343938,0.5
25347604,0.78125
25358756,0.7209302325581395
25364492,0.5405405405405406
25394238,0.5
25397489,0.6551724137931034
25417095,0.6666666666666666
25422059,0.3939393939393939
25434936,0.6
25438937,0.7142857142857143
25442532,0.8888888888888888
25444169,0.9629629629629629
25465815,0.6
25466269,0.7619047619047619
25467832,0.7428571428571429
25468332,1.0
25471835,0.5
25498779,0.5
25502411,0.45454545454545453
25507638,0.8
25526572,0.35714285714285715
25533537,0.875
25534637,0.5
25537128,1.0
25566938,0.6923076923076923
25567471,0.4807692307692308
25571080,0.7391304347826086
25572164,0.575
25577884,1.0
25613048,0.6956521739130435
25628393,0.2857142857142857
25648336,0.375
25649571,0.5294117647058824
25655320,0.5
25656836,0.6363636363636364
25693793,0.375
25704899,0.875
25710302,0.0
25711195,0.25
25713305,0.5
25717359,0.5526315789473685
25733194,0.8780487804878049
25758715,0.7058823529411765
25760711,0.8831168831168831
25767851,0.78
25768444,0.0
25768601,0.5526315789473685
25791615,0.6
25792160,0.0
25792224,0.7790697674418605
25797467,0.625
25805373,0.625
25824433,1.0
25825959,0.0
25830977,0.5
25831019,0.6
25831423,0.5
25838827,0.36363636363636365
25852156,0.5555555555555556
25853159,0.6666666666666666
25860349,0.6666666666666666
25866067,0.6129032258064516
25877925,0.47058823529411764
25887796,0.7647058823529411
25898408,0.5
25902162,0.6153846153846154
25934118,0.48
25937205,0.3333333333333333
25942866,0.2
25957337,0.7894736842105263
25957461,0.49230769230769234
25965185,0.6739130434782609
25965861,0.9142857142857143
25966558,0.6666666666666666
25999731,0.6060606060606061
26002069,1.0
26002164,0.39473684210526316
26016939,0.7142857142857143
26022870,0.5
26032049,0.0
26053994,0.3333333333333333
26054257,1.0
26055515,0.4
26056743,0.18181818181818182
26058959,0.3333333333333333
26069841,0.0
26073517,0.9
26074951,0.7837837837837838
26099336,0.0
26119281,0.358974358974359
26130671,0.8888888888888888
26145654,0.0
26146601,0.5925925925925926
26146615,0.0
26149832,0.0
26152534,0.5
26152787,0.4473684210526316
26153418,0.0
26155683,0.8444444444444444
26180626,0.8
26190618,0.8727272727272727
26192563,0.6428571428571429
26195032,0.7794117647058824
26214842,0.9047619047619048
26216561,0.45714285714285713
26217443,0.5
26224315,0.0
26244041,0.32
26248561,0.8275862068965517
26252931,0.5
26254159,0.6956521739130435
26257409,0.48148148148148145
26263974,0.8095238095238095
26273721,0.4
26293171,0.0
26293374,0.5
26309845,0.8333333333333334
26311760,0.8387096774193549
26313523,0.42857142857142855
26318511,0.6190476190476191
26322511,0.0
26324924,0.56
26328192,1.0
26350635,0.7291666666666666
26355010,0.2916666666666667
26360585,0.2727272727272727
26360950,0.5
26362332,1.0
26362854,0.4230769230769231
26383034,0.0
26383501,1.0
26384567,0.875
26391680,0.25
26411436,0.6964285714285714
26412766,0.7272727272727273
26413139,0.631578947368421
26441063,0.7
26444801,0.3333333333333333
26464859,0.375
26480972,0.5
26491880,0.5714285714285714
26513590,0.2
26513676,0.8571428571428571
26515636,0.875
26521657,0.3333333333333333
26554846,0.7222222222222222
26580699,0.5116279069767442
26583202,0.6666666666666666
26588897,1.0
26606128,0.25
26620868,0.6
26633792,0.3793103448275862
26634681,1.0
26657620,0.0
26660744,0.875
26676213,0.42857142857142855
26684536,0.7037037037037037
26702020,0.75
26703243,0.0
26705768,0.8
26708278,0.5
26727206,0.8
26727746,0.6388888888888888
26727876,0.35294117647058826
26729987,0.7857142857142857
26735048,0.6170212765957447
26736719,0.2857142857142857
26758398,0.5333333333333333
26763286,0.8170731707317073
26776432,0.6
26778837,0.25
26781219,0.5925925925925926
26799370,0.5
26804388,0.8181818181818182
26823474,1.0
26838789,0.6296296296296297
26840497,0.37037037037037035
26845927,0.8444444444444444
26846447,0.7307692307692307
26862682,0.5
26882240,0.0
26889193,1.0
26891270,0.8
26908036,1.0
26909350,0.8
26916849,0.6716417910447762
26918463,0.5526315789473685
26938600,0.5
26939425,0.425
26945765,0.5333333333333333
26948374,0.9090909090909091
26954060,0.7708333333333334
26959471,1.0
26969255,0.4166666666666667
26970343,0.75
26981936,0.6571428571428571
26983765,0.6363636363636364
26984608,0.4166666666666667
26985342,0.45454545454545453
26986235,0.9387755102040817
26992811,0.34375
26995300,0.6111111111111112
27011628,0.3488372093023256
27013979,1.0
27017573,0.8823529411764706
27022522,0.7317073170731707
27023028,0.6911764705882353
27029116,0.45454545454545453
27039779,0.2222222222222222
27043931,1.0
27048839,0.5714285714285714
27057867,0.6904761904761905
27066467,0.7777777777777778
27072109,0.5135135135135135
27078768,0.25
27081168,0.5
27086605,0.7894736842105263
27105747,0.5714285714285714
27136042,0.7142857142857143
27145568,0.7613636363636364
27153351,0.7222222222222222
27156272,0.0
27158972,1.0
27163979,0.25
27182828,0.6071428571428571
27188637,0.5
27192902,0.0
27193985,0.5454545454545454
27194056,0.575
27219310,0.3076923076923077
27246594,0.0
27248834,0.25
27260902,0.38095238095238093
27277865,0.7222222222222222
27279214,0.26666666666666666
27310118,0.5
27311816,0.6
27333896,0.75
27352500,1.0
27357187,0.45454545454545453
27359237,0.4857142857142857
27391859,0.8214285714285714
27402178,0.625
27422478,0.6428571428571429
27429766,0.0
27445366,0.6153846153846154
27451648,0.4444444444444444
27456400,1.0
27470370,0.6774193548387096
27480964,0.9375
27498433,1.0
27498574,0.7727272727272727
27503723,0.75
27504059,0.5483870967741935
27514056,0.6666666666666666
27515936,0.6071428571428571
27517372,0.5555555555555556
27518789,0.6363636363636364
27519433,0.9473684210526315
27520454,0.7142857142857143
27536999,0.75
27543593,0.0
27546043,0.4
27547218,0.39285714285714285
27584130,0.65
27585185,0.42857142857142855
27591025,1.0
27597049,0.14285714285714285
27622838,1.0
27628108,0.0
27650314,0.5714285714285714
27665696,0.625
27675712,0.72
27684897,0.42857142857142855
27700649,0.8235294117647058
27716339,0.44155844155844154
27716676,0.6071428571428571
27730263,0.75
27736477,0.75
27753465,0.8
27756957,0.8309859154929577
27782134,0.7142857142857143
27793110,0.7916666666666666
27833347,0.6428571428571429
27850637,0.625
27873047,0.6666666666666666
27881958,0.6
27917907,0.2777777777777778
27921658,0.0
27930399,0.6590909090909091
28001084,1.0
28008199,0.42857142857142855
28008398,0.3333333333333333
28014355,0.5384615384615384
28037580,0.6190476190476191
28044785,1.0
28061366,1.0
28074298,0.6666666666666666
28074306,0.0
28074316,0.0
28074322,0.6666666666666666
28074325,0.0
28074332,0.0
28074338,0.0
28074345,0.5
28091253,0.7142857142857143
28093601,0.4
28094608,1.0
28096740,0.42857142857142855
28122350,0.0
28123178,0.8333333333333334
28144791,0.0
28145919,0.5434782608695652
28150581,1.0
28173275,0.0
28198179,0.0
28235127,0.7272727272727273
28241389,0.41935483870967744
28244083,0.5
28247940,0.5283018867924528
28270687,0.0
28270688,0.6666666666666666
28270689,1.0
28270691,0.3333333333333333
28270705,0.0
28276026,0.6190476190476191
28294520,0.7307692307692307
28298295,0.5
28322364,0.5
28324358,1.0
28331809,0.68
28351450,0.6666666666666666
28351565,0.5531914893617021
28355347,0.4
28357493,0.42857142857142855
28366493,1.0
28378920,0.4090909090909091
28385014,0.7586206896551724
28391056,0.8
28397223,0.7
28397290,0.3333333333333333
28401009,0.5
28424490,0.0
28428269,0.8095238095238095
28450008,0.7666666666666667
28454744,0.0
28457752,0.6415094339622641
28466152,0.4444444444444444
28484462,0.5
28489982,1.0
28503726,0.9565217391304348
28507123,0.84375
28510280,0.7777777777777778
28528801,0.0
28560311,0.7777777777777778
28577726,0.65625
28579917,0.7333333333333333
28593806,0.0
28598752,0.25
28600933,0.8333333333333334
28608335,0.7368421052631579
28628858,0.6
28631955,0.5
28653187,0.6129032258064516
28660353,1.0
28665925,0.5333333333333333
28671034,0.0
28678456,0.5652173913043478
28682664,0.0
28683605,1.0
28703993,0.3333333333333333
28706146,0.43902439024390244
28733670,0.5
28734531,0.7868852459016393
28744764,0.6097560975609756
28752919,0.5
28759121,0.7142857142857143
28778209,0.7777777777777778
28794417,0.4666666666666667
28803808,0.75
28804268,0.5
28828685,0.6
28855935,0.4772727272727273
28858503,0.47058823529411764
28866325,0.55
28883942,1.0
28907466,0.44680851063829785
28912614,0.5555555555555556
28931832,0.20689655172413793
28933111,0.3125
28944934,0.2
28946406,0.7446808510638298
28949870,0.5714285714285714
28952686,0.5737704918032787
28955735,0.8333333333333334
28956112,0.7631578947368421
28972640,0.8
28974544,0.625
28981700,0.75
28988093,1.0
28997856,0.6
29001982,0.7142857142857143
29004456,0.4
29005103,0.6
29019775,1.0
29021839,1.0
29022870,0.0
29025044,0.8478260869565217
29026296,0.5932203389830508
29032750,0.5
29034029,0.25
29034035,0.625
29034601,0.4
29046646,0.6666666666666666
29051503,0.5555555555555556
29073563,0.6666666666666666
29097575,0.3793103448275862
29115159,0.35714285714285715
29132534,1.0
29140783,0.6153846153846154
29141516,0.8
29141620,0.6666666666666666
29144942,0.5
29146279,0.8
29152842,0.3333333333333333
29153835,0.0
29174766,0.5
29178395,0.6666666666666666
29183500,0.6
29183766,0.7142857142857143
29185492,0.782608695652174
29203180,0.3333333333333333
29204573,0.525
29205066,0.5
29206756,0.5833333333333334
29207432,0.7941176470588235
29208168,0.7945205479452054
29228473,0.6
29228636,0.4444444444444444
29233493,0.0
29233721,0.5
29235484,1.0
29247143,0.0
29253123,0.5
29256123,1.0
29258642,0.3333333333333333
29268342,0.29411764705882354
29273928,0.7209302325581395
29274352,0.25
29293653,0.5294117647058824
29302866,0.41025641025641024
29322707,0.84
29324296,0.5142857142857142
29329302,0.7625
29355156,0.7209302325581395
29357262,0.7
29377989,1.0
29378230,0.7058823529411765
29384149,0.6666666666666666
29400222,0.4727272727272727
29404578,0.5909090909090909
29412239,0.3793103448275862
29445976,0.5652173913043478
29448277,0.6666666666666666
29473760,0.6153846153846154
29476193,0.68
29479373,0.5
29482390,0.5517241379310345
29499043,0.3333333333333333
29508718,1.0
29513913,0.5
29517946,1.0
29524090,0.5306122448979592
29530593,0.5882352941176471
29533841,0.75
29554511,0.42857142857142855
29560785,0.6666666666666666
29562689,0.3333333333333333
29580384,0.696969696969697
29584588,0.0
29584849,1.0
29586187,0.6136363636363636
29600802,0.8461538461538461
29601778,0.7857142857142857
29607965,0.3333333333333333
29609005,0.7222222222222222
29617860,0.9444444444444444
29619180,0.8846153846153846
29627467,0.8
29643388,0.2
29644424,0.75
29649976,0.9166666666666666
29673993,0.782608695652174
29694548,0.625
29706588,1.0
29720727,0.6176470588235294
29731180,0.46875
29731992,0.25
29761785,0.5
29775981,0.8
29776485,0.9791666666666666
29790819,0.7241379310344828
29794599,0.6
29798245,0.8333333333333334
29823013,0.7
29832671,0.4067796610169492
29835240,0.16666666666666666
29855663,1.0
29867510,0.0
29875986,0.8461538461538461
29876104,0.7058823529411765
29894033,0.75
29898391,0.625
29920131,0.8648648648648649
29920631,0.8333333333333334
29923354,0.0
29937395,0.5
29939334,0.5714285714285714
29942665,0.7096774193548387
29964183,0.5
29976108,0.0
29988048,0.0
30002613,0.0
30005007,0.8676470588235294
30005502,0.7090909090909091
30007058,0.48484848484848486
30014314,0.6
30028677,0.4
30029220,0.0
30029525,1.0
30029689,1.0
30030641,0.0
30035342,0.42857142857142855
30051691,0.5
30054088,0.76
30060144,0.3333333333333333
30083378,0.0
30084005,0.6
30086956,0.6296296296296297
30105789,1.0
30119099,0.0
30121363,0.7413793103448276
30121723,1.0
30124831,0.64
30127643,0.3275862068965517
30129778,0.9090909090909091
30141521,0.6851851851851852
30142429,0.9090909090909091
30153601,0.6190476190476191
30154027,0.631578947368421
30172188,0.4166666666666667
30173132,0.4666666666666667
30177664,0.9
30202473,0.5
30213173,0.3333333333333333
30227982,0.4444444444444444
30239071,0.88
30247250,0.6
30251583,0.6875
30276663,0.90625
30278431,0.8333333333333334
30283229,0.7
30285518,0.6666666666666666
30289663,0.125
30310497,0.6
30312397,0.8518518518518519
30331347,0.5294117647058824
30332109,0.48717948717948717
30334081,0.3333333333333333
30337877,1.0
30338275,0.5142857142857142
30339144,0.6666666666666666
30357919,0.5
30368276,0.6666666666666666
30388883,0.7272727272727273
30410637,0.5789473684210527
30411703,0.6666666666666666
30411727,0.5454545454545454
30412635,0.8333333333333334
30414833,0.6
30415107,1.0
30417728,0.75
30440257,0.7727272727272727
30448092,0.0
30457737,0.5555555555555556
30461800,0.6428571428571429
30490669,0.6666666666666666
30491155,0.72
30492255,0.25
30500519,0.16666666666666666
30503466,0.2777777777777778
30504416,0.3888888888888889
30504672,0.2222222222222222
30505418,0.2692307692307692
30522521,0.3888888888888889
30529676,0.36585365853658536
30549622,0.6470588235294118
30555529,1.0
30573704,1.0
30574507,1.0
30583136,0.5853658536585366
30693629,0.0
30698481,0.625
30701626,0.7142857142857143
30703416,0.5789473684210527
30708533,0.7096774193548387
30708625,0.47058823529411764
30713646,0.6153846153846154
30713854,0.5526315789473685
30727281,0.8529411764705882
30727585,0.8064516129032258
30731916,0.7352941176470589
30732891,0.6
30734331,0.5949367088607594
30744307,0.0
30744836,0.7333333333333333
30757851,0.45454545454545453
30759209,0.5
30761440,0.8
30763340,0.875
30764518,0.6326530612244898
30769310,0.5238095238095238
30790039,0.6666666666666666
30810056,0.14285714285714285
30812235,0.5
30816295,0.75
30832249,0.7777777777777778
30835191,0.3611111111111111
30840099,0.8285714285714286
30845905,0.6716417910447762
30847639,0.5
30848349,0.6470588235294118
30851327,0.7045454545454546
30858291,0.48717948717948717
30883212,0.5
30897606,0.6
30899102,0.40476190476190477
30906287,0.5357142857142857
30908898,0.49019607843137253
30925964,0.574468085106383
30945626,0.8709677419354839
30945738,0.875
30946296,0.6666666666666666
30946387,1.0
30946650,0.7857142857142857
30949105,0.5454545454545454
30951984,0.4
30952436,0.4782608695652174
30974024,0.7777777777777778
30974025,0.475
30974027,0.3333333333333333
30975638,0.4897959183673469
30977372,0.4
31010287,0.8387096774193549
31017662,0.38461538461538464
31030222,0.0
31030944,0.6111111111111112
31032679,0.35714285714285715
31055876,0.6666666666666666
31057625,0.6190476190476191
31066737,0.625
31071913,0.631578947368421
31073243,0.75
31084802,0.5263157894736842
31101498,1.0
31110519,0.25
31142204,0.5
31142458,0.5
31142643,0.5
31161472,0.7777777777777778
31168474,0.71875
31199620,0.75
31209445,0.8709677419354839
31222984,0.42857142857142855
31231231,0.8444444444444444
31234443,0.375
31246979,0.4375
31251018,0.25
31271830,0.6666666666666666
31277742,0.5416666666666666
31302266,0.6410256410256411
31324822,1.0
31326049,0.6666666666666666
31333457,0.5
31344861,0.5714285714285714
31345193,0.0
31353906,0.6333333333333333
31357496,0.5964912280701754
31368242,0.5185185185185185
31371594,0.5
31381901,0.6551724137931034
31409307,0.0
31410954,0.6666666666666666
31410972,0.3333333333333333
31413238,0.5
31421356,0.39285714285714285
31456360,0.5
31461298,1.0
31462330,0.4117647058823529
31468726,0.5
31469836,0.8552631578947368
31469942,0.8823529411764706
31512267,0.0
31523008,0.525
31525248,0.5897435897435898
31532470,0.7619047619047619
31557503,0.6060606060606061
31558900,0.6818181818181818
31565788,0.6666666666666666
31580010,0.8461538461538461
31584328,0.8
31585351,0.5526315789473685
31585743,0.0
31587067,0.6458333333333334
31594310,0.6111111111111112
31604590,1.0
31610130,0.5263157894736842
31611062,0.8636363636363636
31616418,0.9354838709677419
31617974,0.6666666666666666
31622529,0.49019607843137253
31622678,0.1
31632287,0.7441860465116279
31632774,0.3333333333333333
31632785,0.2727272727272727
31634550,0.9
31663194,0.3333333333333333
31685156,0.9259259259259259
31691461,0.421875
31704937,0.6666666666666666
31706028,0.6470588235294118
31713942,1.0
31733957,0.25
31739311,0.5
31739386,0.0
31739679,0.0
31742996,1.0
31743476,0.0
31758237,0.3333333333333333
31776513,0.8
31781663,0.6440677966101694
31785825,0.5
31795542,0.45454545454545453
31802082,1.0
31812319,0.46153846153846156
31832273,0.6470588235294118
31841589,0.8
31845034,0.7457627118644068
31845886,1.0
31854116,0.6363636363636364
31854511,0.711864406779661
31873314,0.39285714285714285
31892020,0.25
31895663,0.3333333333333333
31918286,0.4
31924645,0.5849056603773585
31937023,0.41379310344827586
31939913,0.4166666666666667
31967616,0.0
31970571,0.375
31978670,1.0
31978850,0.3793103448275862
31980480,0.5833333333333334
31984141,0.625
32004133,1.0
32005966,0.59375
32006146,0.7435897435897436
32008113,0.0
32031007,0.7878787878787878
32033537,0.4528301886792453
32036289,0.7307692307692307
32043851,0.7441860465116279
32059451,0.5384615384615384
32078864,1.0
32079010,0.7575757575757576
32082290,0.36363636363636365
32097316,0.48
32098905,0.6666666666666666
32118560,0.75
32121159,0.8
32126592,0.875
32138253,0.8
32152806,0.8695652173913043
32154200,0.3333333333333333
32156626,0.6666666666666666
32157008,0.0
32159304,0.5
32159731,0.0
32167198,0.15384615384615385
32167277,0.6944444444444444
32172710,0.35
32179768,0.0
32186876,0.6666666666666666
32189090,0.8461538461538461
32191341,1.0
32196307,0.6086956521739131
32200996,0.6590909090909091
32201809,0.7647058823529411
32214830,0.2608695652173913
32215863,0.4444444444444444
32215976,0.8333333333333334
32228303,0.547945205479452
32228863,0.7941176470588235
32229104,0.3333333333333333
32232469,0.7647058823529411
32239188,0.3142857142857143
32251468,0.6888888888888889
32253307,0.5909090909090909
32275267,0.66
32277054,0.5
32281404,0.3
32285772,0.3
32299453,0.3103448275862069
32299719,0.3333333333333333
32312271,0.5
32346073,1.0
32349195,0.7358490566037735
32350582,0.7777777777777778
32352761,0.5
32356510,0.5714285714285714
32357565,0.21428571428571427
32371858,0.7692307692307693
32372398,0.5
32376958,0.4
32398424,0.8888888888888888
32399432,0.5
32401052,0.3333333333333333
32401712,0.625
32413890,0.21428571428571427
32424990,0.16666666666666666
32435020,0.7142857142857143
32438710,0.5
32438759,0.0
32442719,1.0
32456247,0.4444444444444444
32457344,0.8363636363636363
32461125,0.6851851851851852
32464547,0.7058823529411765
32465564,0.5757575757575758
32489030,0.5
32490321,0.5
32515690,0.4473684210526316
32519467,0.3333333333333333
32536202,0.6935483870967742
32538609,0.5
32538914,0.5652173913043478
32542215,0.375
32563076,0.7272727272727273
32563161,0.75
32565322,0.7297297297297297
32565818,0.6216216216216216
32566011,0.5294117647058824
32568845,0.603448275862069
32571061,0.7142857142857143
32571153,0.8260869565217391
32573704,1.0
32582555,0.631578947368421
32586348,0.5405405405405406
32604486,0.5652173913043478
32605804,0.75
32621515,0.5714285714285714
32622844,0.375
32626244,0.6
32635266,0.5454545454545454
32655435,0.6129032258064516
32658712,0.5
32662308,0.6153846153846154
32663895,0.5263157894736842
32663897,0.48
32687022,0.7
32688998,0.5714285714285714
32691822,0.4339622641509434
32706797,0.3333333333333333
32717534,0.7536231884057971
32720404,0.8541666666666666
32732133,0.4375
32737850,0.32608695652173914
32739074,0.6190476190476191
32741211,0.5
32743273,0.7
32755993,0.5
32760411,1.0
32774455,0.5454545454545454
32777211,0.40350877192982454
32780471,0.8148148148148148
32801226,0.6571428571428571
32811706,0.6756756756756757
32825698,1.0
32834431,0.3333333333333333
32834513,0.6470588235294118
32842231,0.55
32855841,0.7857142857142857
32859048,0.8947368421052632
32859128,0.25
32859467,0.7692307692307693
32868965,0.14285714285714285
32886823,1.0
32887929,0.40350877192982454
32888137,0.5675675675675675
32889014,0.5833333333333334
32891786,0.2
32911147,1.0
32912818,0.7142857142857143
32925823,0.8333333333333334
32952505,0.6666666666666666
32954709,0.7857142857142857
32955043,0.7727272727272727
32955857,0.8205128205128205
32974837,0.35294117647058826
32984803,0.5
33006405,0.576271186440678
33026164,0.75
33028967,1.0
33030709,0.8275862068965517
33033696,0.0
33035594,0.7205882352941176
33036487,0.48
33054221,0.625
33059145,0.7692307692307693
33063256,0.75
33073103,0.6363636363636364
33074759,0.5882352941176471
33084097,0.7222222222222222
33085625,0.7333333333333333
33088613,0.36
33096944,0.25
33105095,0.6
33108823,0.5098039215686274
33113404,0.0
33114242,0.6666666666666666
33128709,0.8780487804878049
33133605,0.6666666666666666
33149244,0.8
33150466,0.6666666666666666
33151019,0.5
33153857,1.0
33165091,0.0
33166839,0.125
33179533,0.5581395348837209
33180309,0.375
33182377,0.7777777777777778
33185155,0.6
33205579,0.6666666666666666
33209555,0.25
33218204,0.5
33224005,0.43902439024390244
33233173,0.5
33234338,0.35
33235083,0.7
33235995,0.3684210526315789
33240516,0.8461538461538461
33243383,0.6666666666666666
33258251,0.5405405405405406
33261066,0.3333333333333333
33263029,0.5833333333333334
33266982,0.5769230769230769
33269068,0.8
33293359,0.5952380952380952
33299989,0.5
33302823,0.7142857142857143
33309522,1.0
33314059,0.7142857142857143
33325219,0.8611111111111112
33327806,0.5454545454545454
33338018,0.7777777777777778
33341505,1.0
33356823,1.0
33358792,0.5
33359760,1.0
33360467,0.42424242424242425
33360921,0.2830188679245283
33362252,0.42105263157894735
33382994,0.5357142857142857
33389116,0.4782608695652174
33404610,0.7058823529411765
33412031,0.875
33415866,0.5833333333333334
33417673,0.7291666666666666
33418418,0.75
33426172,0.9
33446778,0.0
33451077,0.8571428571428571
33460582,0.6363636363636364
33466210,0.5
33468925,0.9259259259259259
33477981,0.71875
33478903,0.7307692307692307
33479112,0.75
33479904,0.4375
33484232,0.6470588235294118
33486982,0.803921568627451
33489016,0.4666666666666667
33491406,0.7058823529411765
33506523,1.0
33508569,0.48484848484848486
33508801,0.40625
33508829,0.6190476190476191
33513052,0.3333333333333333
33513058,0.5384615384615384
33513060,0.47058823529411764
33513061,0.34782608695652173
33513067,0.47619047619047616
33520248,0.2857142857142857
33521040,0.5121951219512195
33523284,0.5
33524323,0.9
33525755,0.0
33535098,0.8571428571428571
33544112,0.41025641025641024
33544525,0.875
33547368,1.0
33574716,0.56
33577122,0.5
33581552,0.0
33581877,0.5
33581888,0.3333333333333333
33582090,0.375
33582233,0.0
33585783,0.4
33586388,0.5
33596147,0.5
33600752,0.6097560975609756
33607653,0.7692307692307693
33610562,0.5
33617841,0.7959183673469388
33625830,0.8
33627091,0.3333333333333333
33651472,0.42857142857142855
33654846,0.5357142857142857
33655171,0.16666666666666666
33657530,0.8169014084507042
33672204,0.75
33672784,0.5555555555555556
33675258,0.8571428571428571
33697397,1.0
33700260,0.6923076923076923
33711924,1.0
33715396,0.42105263157894735
33716009,0.5
33725101,1.0
33725139,0.0
33729957,0.6842105263157895
33731038,0.9130434782608695
33731300,0.6785714285714286
33731533,0.4117647058823529
33739589,0.4375
33741228,0.4
33743678,0.5769230769230769
33745591,0.75
33758116,0.3
33759599,0.8333333333333334
33760366,0.45
33767188,0.6585365853658537
33767250,0.3888888888888889
33768648,0.5294117647058824
33774167,0.8095238095238095
33790949,0.8860759493670886
33791435,0.16666666666666666
33793423,0.7209302325581395
33804335,0.0
33816675,0.5
33820506,0.5918367346938775
33821454,0.9574468085106383
33828495,0.7894736842105263
33828604,0.0
33828846,0.0
33832779,0.4318181818181818
33848554,0.32432432432432434
33848624,0.625
33865050,0.0
33865929,0.5714285714285714
33873039,0.5777777777777777
33874294,0.8
33877891,0.8333333333333334
33878665,0.4
33894161,0.75
33895742,0.43333333333333335
33898024,0.42857142857142855
33900827,0.7636363636363637
33904418,1.0
33906394,0.8
33930313,0.6666666666666666
33931423,1.0
33934046,0.8181818181818182
33951101,0.6
33955930,0.34782608695652173
33967855,0.4279475982532751
33976863,0.0
33981372,0.36363636363636365
33983871,0.9459459459459459
33991115,0.38461538461538464
34011621,0.2
34014520,0.35294117647058826
34016950,0.6666666666666666
34017776,0.3142857142857143
34026742,0.6956521739130435
34027791,0.4666666666666667
34052552,0.8095238095238095
34055755,0.6226415094339622
34057765,0.95
34063485,0.5945945945945946
34080081,0.8461538461538461
34081522,0.5833333333333334
34107154,0.4
34122612,0.575
34137793,0.2857142857142857
34160497,0.75
34160617,0.5
34163779,0.43820224719101125
34172907,0.41379310344827586
34187960,0.9130434782608695
34196458,0.46153846153846156
34198313,0.23076923076923078
34202067,0.4523809523809524
34202318,0.0
34202783,0.6666666666666666
34203005,0.3333333333333333
34214696,0.9565217391304348
34215274,0.4375
34224326,0.5217391304347826
34247425,0.2
34249299,0.8571428571428571
34266191,0.375
34274569,0.625
34278302,0.0
34294711,0.46153846153846156
34301658,0.8571428571428571
34310671,0.6666666666666666
34320471,0.56
34322416,0.75
34329590,0.3333333333333333
34330180,0.36666666666666664
34331004,0.4444444444444444
34339641,0.6904761904761905
34349618,0.5
34360543,0.8333333333333334
34375148,0.5769230769230769
34380089,0.44
34380678,0.6923076923076923
34384893,0.2
34407233,0.16666666666666666
34409840,0.8787878787878788
34410734,0.5
34413296,0.6774193548387096
34431501,0.6666666666666666
34441374,0.5714285714285714
34441594,0.4666666666666667
34446099,0.6666666666666666
34459197,1.0
34460268,0.42857142857142855
34460901,0.625
34464121,0.76
34464379,0.375
34468707,0.8928571428571429
34468937,0.7419354838709677
34471825,0.0
34472708,0.75
34489218,1.0
34490261,0.6875
34493642,0.8333333333333334
34501539,0.0
34506952,0.0
34507286,0.6415094339622641
34507288,0.6
34517688,0.7692307692307693
34519622,0.4
34525419,0.5581395348837209
34527105,0.0
34534565,0.5352112676056338
34536384,0.6666666666666666
34551829,0.68
34553260,0.5
34565892,0.41379310344827586
34588747,0.8055555555555556
34591620,0.35
34592969,0.8
34597903,0.38636363636363635
34599658,0.45454545454545453
34616959,0.42857142857142855
34640577,0.2
34640750,0.42857142857142855
34650032,0.8863636363636364
34663367,0.4
34663543,0.75
34663670,0.7777777777777778
34665635,0.4444444444444444
34666331,0.0
34671104,0.4782608695652174
34679705,0.717948717948718
34697331,0.5675675675675675
34706803,0.7777777777777778
34727729,0.2
34731280,0.75
34732162,0.6
34733765,0.34210526315789475
34734130,0.5
34738570,0.5
34738877,0.6
34739767,0.4
34741442,0.4666666666666667
34746729,0.5555555555555556
34766632,0.8571428571428571
34771187,0.5111111111111111
34803055,0.7407407407407407
34803516,0.6666666666666666
34806022,0.6
34807740,0.4
34831395,0.7391304347826086
34831918,0.42857142857142855
34846655,0.8536585365853658
34862088,0.7741935483870968
34866684,0.0
34880679,0.9655172413793104
34889070,0.4246575342465753
34892136,0.0
34892960,0.7142857142857143
34898437,0.5483870967741935
34919959,1.0
34934077,1.0
34938845,0.3333333333333333
34995143,0.6666666666666666
35022151,0.8048780487804879
35047778,0.7142857142857143
35049057,0.16666666666666666
35058715,0.3684210526315789
35081035,0.6666666666666666
35082432,0.7727272727272727
35091210,0.41935483870967744
35107836,1.0
35113915,0.6896551724137931
35116124,0.2
35140213,0.6111111111111112
35148079,0.5
35148303,0.0
35148384,0.5
35149450,0.0
35153326,1.0
35158641,1.0
35171633,0.9090909090909091
35174058,0.75
35193601,1.0
35194835,0.6666666666666666
35210906,0.7121212121212122
35217115,0.5
35218897,0.967741935483871
35244799,0.3333333333333333
35249716,0.75
35250164,0.5
35250656,0.3333333333333333
35269461,0.7142857142857143
35280930,0.6086956521739131
35284973,0.7083333333333334
35303532,0.5714285714285714
35305398,0.5714285714285714
35309256,0.16666666666666666
35309695,0.75
35328834,0.5263157894736842
35340151,0.8461538461538461
35361061,0.7142857142857143
35362520,0.7272727272727273
35371533,0.3333333333333333
35372164,0.59375
35372569,0.6363636363636364
35377382,0.0
35377866,1.0
35378041,1.0
35378069,0.0
35380186,0.6
35410364,0.5
35411027,0.6
35414268,0.0
35415877,0.6666666666666666
35416126,0.4444444444444444
35438532,0.4
35444457,1.0
35446571,0.6875
35450217,0.85
35451956,0.7857142857142857
35459590,0.25
35461860,1.0
35475885,0.6956521739130435
35479413,0.0
35484769,0.625
35485027,0.4444444444444444
35500766,0.8
35505587,0.5161290322580645
35525212,1.0
35531235,0.6666666666666666
35562047,0.13333333333333333
35573508,1.0
35589659,0.5
35591712,0.0
35597834,0.8
35598223,0.8260869565217391
35632581,0.3333333333333333
35635674,0.7777777777777778
35636293,0.6847058823529412
35662445,0.0
35671695,0.45
35671701,0.25
35703341,0.25
35710305,0.7
35712064,0.9069767441860465
35725371,0.6666666666666666
35752041,0.6111111111111112
35753551,0.8571428571428571
35760340,0.0
35763691,0.0
35765717,0.45161290322580644
35790109,0.2222222222222222
35790927,0.0
35793064,0.9333333333333333
35800065,0.7777777777777778
35818135,0.4576271186440678
35819360,0.45454545454545453
35835254,0.5
35855167,0.55
35859027,0.4
35865208,0.4117647058823529
35865456,0.45454545454545453
35866768,0.86
35870482,0.30434782608695654
35893725,0.65625
35899162,0.65
35907145,0.4444444444444444
35907681,0.4230769230769231
35920006,0.21052631578947367
35922525,1.0
35936652,0.6779661016949152
35943210,0.8888888888888888
35948754,0.5
35951348,0.5
35957311,1.0
35959276,0.2608695652173913
35977728,0.6666666666666666
35986408,0.8181818181818182
36014778,1.0
36015938,1.0
36020643,0.8260869565217391
36022673,1.0
36036181,0.746268656716418
36051350,0.7407407407407407
36054230,0.25
36059586,0.6949152542372882
36063043,0.2777777777777778
36073752,1.0
36097566,0.9032258064516129
36137261,0.75
36158425,0.6129032258064516
36159429,0.5064935064935064
36163251,0.6428571428571429
36163594,0.5
36165236,0.6
36165471,0.5333333333333333
36173459,0.4810126582278481
36174501,1.0
36189944,0.6470588235294118
36191078,0.6666666666666666
36199703,0.7692307692307693
36236618,0.75
36253061,0.3333333333333333
36254237,1.0
36306099,0.45454545454545453
36308273,0.5538461538461539
36324984,0.0
36331756,0.0
36348177,0.42857142857142855
36353568,0.5714285714285714
36369938,0.8709677419354839
36372250,0.38095238095238093
36375125,0.40625
36376586,0.5
36377081,0.9
36387754,0.6571428571428571
36406437,0.28125
36407238,0.325
36413250,0.5909090909090909
36423447,0.5909090909090909
36431023,0.7777777777777778
36436461,0.5
36502226,0.38095238095238093
36519579,0.6875
36542157,0.3333333333333333
36551919,0.8571428571428571
36581234,1.0
36584191,0.78125
36661285,0.7142857142857143
36663278,0.475
36686280,0.6976744186046512
36689310,0.625
36698832,0.5128205128205128
36745516,0.84
36746110,0.6
36754459,0.5
36760568,0.8571428571428571
36763618,0.75
36786084,0.631578947368421
36792040,0.5882352941176471
36805484,0.3448275862068966
36821257,1.0
36831369,0.375
36832016,0.6666666666666666
36857374,0.0
36862469,0.5
36865879,0.7142857142857143
36926192,0.3
36931015,1.0
36933084,0.3333333333333333
36958103,0.4
36958337,0.38461538461538464
36990529,0.7241379310344828
37001173,0.0
37003011,0.8333333333333334
37004852,1.0
37026346,0.5757575757575758
37044406,0.0
37046360,0.5
37074486,0.6451612903225806
37075800,1.0
37102457,0.6111111111111112
37103279,0.7894736842105263
37107388,0.8571428571428571
37122762,0.6666666666666666
37144692,0.5294117647058824
37148930,0.3333333333333333
37169991,0.75
37177718,0.7735849056603774
37190453,0.9
37196434,0.65
37204939,0.0
37224872,1.0
37241227,0.5
37248717,0.75
37279882,0.6190476190476191
37284054,0.46153846153846156
37284575,0.7808219178082192
37285983,0.4155844155844156
37314030,0.2222222222222222
37320612,0.75
37343424,0.8461538461538461
37344856,1.0
37346947,0.5454545454545454
37348958,0.0
37351534,0.8846153846153846
37351775,0.7222222222222222
37377325,0.6666666666666666
37383034,0.43243243243243246
37383534,0.42857142857142855
37387195,0.4117647058823529
37406009,0.4794520547945205
37414834,0.5128205128205128
37418852,0.4444444444444444
37419901,1.0
37423312,1.0
37428011,0.44
37445753,0.45652173913043476
37455711,0.8701298701298701
37476868,0.46153846153846156
37481190,0.0
37484943,1.0
37485709,1.0
37490103,0.2857142857142857
37491840,0.32
37492027,0.2857142857142857
37519256,1.0
37525553,0.3333333333333333
37549279,0.35714285714285715
37554374,0.6326530612244898
37563504,1.0
37573478,0.2857142857142857
37576156,1.0
37579506,0.8333333333333334
37591182,0.75
37596875,0.4375
37597492,0.5
37619786,0.9090909090909091
37631415,0.75
37648590,0.625
37701622,0.0
37710478,0.7083333333333334
37730240,0.7413793103448276
37739049,0.631578947368421
37740331,0.6666666666666666
37764843,0.2
37768618,0.5714285714285714
37796306,1.0
37805912,0.3333333333333333
37807898,0.8275862068965517
37819992,0.6125
37832975,0.7931034482758621
37848719,0.5
37858957,0.3333333333333333
37866100,0.0
37869432,0.5454545454545454
37874278,0.5476190476190477
37894736,0.6097560975609756
37896364,0.4603174603174603
37896619,0.7619047619047619
37899638,1.0
37962767,0.8
37993513,0.7142857142857143
38003690,0.47560975609756095
38010893,0.4444444444444444
38012076,0.45
38019110,0.36666666666666664
38034288,0.4444444444444444
38043263,0.8863636363636364
38054496,0.6666666666666666
38079685,0.7666666666666667
38085540,0.9473684210526315
38087523,0.36507936507936506
38095237,0.6666666666666666
38113654,0.25
38117030,0.72
38122318,0.5714285714285714
38124789,0.5185185185185185
38129521,0.5416666666666666
38131103,0.5416666666666666
38147827,1.0
38147923,0.42105263157894735
38175467,0.28
38185137,0.8
38195151,0.3333333333333333
38208615,0.75
38214378,0.75
38222452,0.37142857142857144
38230140,0.5555555555555556
38245411,0.5945945945945946
38249679,1.0
38262020,0.84
38278178,0.42857142857142855
38303105,0.25
38304447,0.6
38308531,0.44
38313841,0.7
38324803,0.23684210526315788
38335223,0.9183673469387755
38336465,0.6274509803921569
38340397,0.3684210526315789
38343506,0.0
38346920,0.36585365853658536
38348857,0.5
38352656,0.5227272727272727
38352891,0.6101694915254238
38363268,1.0
38377297,0.5555555555555556
38383461,0.6
38384482,0.0
38384735,0.8125
38449639,0.2727272727272727
38451993,0.5238095238095238
38452080,0.6666666666666666
38457367,0.25
38474499,0.5
38476535,1.0
38476593,0.7
38479713,0.9230769230769231
38482376,0.0
38500893,0.7619047619047619
38533720,0.7
38537978,0.5454545454545454
38538861,0.2
38561803,1.0
38569661,0.9285714285714286
38578845,0.55
38590857,0.6363636363636364
38609911,0.5
38618908,1.0
38619330,0.5802469135802469
38620002,0.5294117647058824
38630169,1.0
38632260,0.6666666666666666
38639331,0.5
38639398,0.5
38657331,0.5
38662212,0.6
38663983,0.6666666666666666
38669289,0.0
38669360,0.0
38692242,0.0
38702111,1.0
38708310,1.0
38718498,0.4177215189873418
38734092,0.5
38740820,0.75
38745096,0.4657534246575342
38752791,0.6666666666666666
38763296,1.0
38766625,0.5
38772686,0.7105263157894737
38772911,0.5
38773432,0.3333333333333333
38792309,0.0
38794208,0.28
38812303,0.0
38841669,0.875
38842515,0.5625
38883092,0.0
38914635,0.5714285714285714
38917060,0.47619047619047616
38929453,0.8
38939103,1.0
38945582,0.8
38948930,0.6
38966478,0.9019607843137255
38988554,0.6944444444444444
38989614,0.7586206896551724
38993756,0.6071428571428571
39016118,0.75
39025923,0.7142857142857143
39028694,0.75
39073630,0.7017543859649122
39073643,0.6923076923076923
39095776,0.3333333333333333
39101831,0.6666666666666666
39102296,0.24390243902439024
39118719,0.5454545454545454
39119321,0.5
39121785,0.8793103448275862
39122616,0.0
39126737,0.7027027027027027
39128076,0.5
39128616,0.5882352941176471
39143972,1.0
39148800,0.25
39155698,1.0
39159398,0.4
39165576,0.5833333333333334
39170842,0.875
39181864,0.5757575757575758
39184366,0.3125
39197027,0.4
39201528,0.967741935483871
39214370,0.5833333333333334
39219859,0.5294117647058824
39219896,0.45
39222884,0.46153846153846156
39237409,0.375
39239820,0.8333333333333334
39243130,1.0
39244957,0.43478260869565216
39246390,0.9090909090909091
39247229,0.7647058823529411
39247704,0.5373134328358209
39259282,0.5423728813559322
39259308,0.6
39262255,0.6
39268751,0.3076923076923077
39269151,0.2597402597402597
39269757,0.25301204819277107
39270377,0.40476190476190477
39270560,0.4883720930232558
39288557,0.6521739130434783
39296534,0.6
39314554,0.4375
39330401,1.0
39333684,0.875
39333932,1.0
39345109,0.0
39349640,0.4375
39353352,0.5
39359152,0.46153846153846156
39363073,0.7457627118644068
39379474,0.0
39404590,0.8823529411764706
39420760,0.0
39428521,1.0
39434585,0.65
39466126,0.75
39466516,0.3333333333333333
39477003,1.0
39484239,0.75
39503486,0.5714285714285714
39518499,1.0
39520487,0.46153846153846156
39521075,0.0
39550376,0.7857142857142857
39557691,0.75
39571292,0.0
39593932,0.7272727272727273
39598610,0.5
39627694,0.9
39632405,0.5135135135135135
39641126,0.7352941176470589
39641575,0.625
39642111,0.0
39646521,0.5428571428571428
39646891,0.5333333333333333
39650391,0.8846153846153846
39682588,0.5
39687251,0.42857142857142855
39689744,0.3157894736842105
39690893,0.2727272727272727
39711041,0.2
39711319,0.0
39714516,1.0
39717324,0.8823529411764706
39721864,0.5
39722750,0.5
39722845,0.7777777777777778
39744698,1.0
39798596,0.0
39799585,0.8333333333333334
39805212,0.6
39808727,0.7727272727272727
39831962,0.6666666666666666
39849975,1.0
39852765,0.0
39876677,0.9122807017543859
39879906,0.75
39883216,0.4827586206896552
39886199,0.35714285714285715
39911107,0.0
39912860,0.5
39931526,0.7674418604651163
39940111,1.0
39941184,0.8
39942498,0.5
39959392,1.0
39961182,0.0
39965597,0.8
39982721,1.0
39983613,0.7058823529411765
39984244,0.9285714285714286
39989918,0.0
39990183,0.5
39990571,0.3888888888888889
39991550,0.6666666666666666
39994935,0.35714285714285715
40000251,0.7
40004511,1.0
40005452,0.88
40017646,1.0
40021420,0.5
40027959,0.5833333333333334
40034157,0.4
40047215,0.4166666666666667
40057672,0.6666666666666666
40058476,0.6382978723404256
40073970,0.7714285714285715
40086458,0.9230769230769231
40089275,0.391304347826087
40089692,1.0
40091456,0.6666666666666666
40104652,0.5344827586206896
40107316,0.44
40108746,1.0
40109826,0.8571428571428571
40128164,0.5
40137996,0.21428571428571427
40147198,0.6938775510204082
40157428,0.7142857142857143
40165992,1.0
40168619,0.6666666666666666
40174826,0.6153846153846154
40175510,0.72
40208447,1.0
40216573,0.5
40217003,0.8888888888888888
40217189,0.0
40232333,0.7142857142857143
40243372,0.7391304347826086
40246343,0.6
40250473,0.2222222222222222
40253205,0.0
40253335,0.0
40271540,0.0
40273903,0.6666666666666666
40275352,1.0
40278427,0.48214285714285715
40283382,0.5957446808510638
40285765,0.6166666666666667
40310403,0.8524590163934426
40324554,0.5
40333339,0.7619047619047619
40365902,0.8297872340425532
40368491,0.6190476190476191
40368862,0.7857142857142857
40384970,0.8709677419354839
40411124,1.0
40414536,0.625
40417855,0.2
40421892,0.0
40423421,0.42857142857142855
40426640,0.7777777777777778
40428623,0.25
40434187,1.0
40434373,0.59375
40434930,0.0
40438808,0.7619047619047619
40442130,0.6666666666666666
40443410,0.3333333333333333
40443727,0.5384615384615384
40460175,0.7796610169491526
40460301,0.4444444444444444
40463180,0.8
40467256,0.4823529411764706
40470027,0.7936507936507936
40480590,0.6666666666666666
40481242,0.30434782608695654
40485370,0.7454545454545455
40485465,0.5
40495299,0.7368421052631579
40496887,0.8679245283018868
40497081,0.625
40504741,0.75
40520352,0.8888888888888888
40523367,0.2857142857142857
40524812,0.7435897435897436
40532635,0.35714285714285715
40549925,0.5277777777777778
40550578,1.0
40551524,0.5
40552538,0.0
40553552,0.2
40555718,0.9333333333333333
40558300,0.4
40567155,0.625
40579466,0.7213114754098361
40582107,0.896551724137931
40582429,0.6938775510204082
40582441,0.6666666666666666
40584194,0.0
40587370,0.4
40587732,0.48484848484848486
40588909,0.6
40598205,0.7142857142857143
40601517,0.5454545454545454
40603268,0.4117647058823529
40608897,0.6666666666666666
40610646,0.803921568627451
40612060,0.5
40624357,0.6666666666666666
40625359,0.6666666666666666
40626382,0.8653846153846154
40629966,0.6428571428571429
40634794,0.3793103448275862
40634979,0.2
40635306,0.2777777777777778
40637048,0.4444444444444444
40639439,0.8823529411764706
40650693,0.532258064516129
40651107,0.7241379310344828
40669948,0.68
40674164,1.0
40674462,0.75
40688371,0.0
40695285,0.6086956521739131
40697406,0.875
40697738,0.7222222222222222
40699157,0.7777777777777778
40717094,0.6666666666666666
40718855,0.42857142857142855
40739188,0.6206896551724138
40750405,0.6111111111111112
40752483,0.9090909090909091
40766694,0.37777777777777777
40768817,0.7777777777777778
40770031,0.0
40772835,1.0
40775070,0.325
40776174,0.625
40777165,1.0
40779609,0.75
40793653,0.42592592592592593
40794297,0.49019607843137253
40800780,0.7916666666666666
40805451,0.75
40810484,0.5
40815521,1.0
40827521,0.25
40832723,0.5671641791044776
40834948,0.84
40841628,0.6538461538461539
40850702,0.3333333333333333
40852387,1.0
40854069,0.9565217391304348
40855225,0.0
40859014,0.6451612903225806
40859738,0.8170731707317073
40865085,1.0
40880442,0.6935483870967742
40885747,0.8571428571428571
40909020,0.5333333333333333
40917723,0.47297297297297297
40921825,0.3076923076923077
40932578,0.5833333333333334
40936026,0.425
40944819,0.0
40955960,0.6578947368421053
41007903,0.4915254237288136
41018327,0.8333333333333334
41020144,0.6981132075471698
41020920,0.7096774193548387
41026216,0.5
41039629,0.0
41040611,0.0
41044936,0.5901639344262295
41054343,0.2702702702702703
41059056,0.23529411764705882
41060312,0.6363636363636364
41075631,0.1
41084306,0.5
41084444,1.0
41084953,0.25
41097771,0.7878787878787878
41104043,0.5
41109127,0.0
41139783,1.0
41164333,0.6666666666666666
41166154,0.4
41166594,0.0
41169218,0.9166666666666666
41194692,0.9795918367346939
41206388,0.3023255813953488
41207227,0.7692307692307693
41208289,0.6666666666666666
41209509,1.0
41224092,0.8
41230467,1.0
41258749,0.7857142857142857
41277908,0.6666666666666666
41279501,0.5
41312361,0.7333333333333333
41317737,0.3888888888888889
41319657,0.4838709677419355
41341291,0.6153846153846154
41348655,0.7857142857142857
41364292,0.42857142857142855
41365318,0.6
41374778,0.8181818181818182
41375710,0.44680851063829785
41395765,1.0
41406459,0.3333333333333333
41431239,0.38095238095238093
41441420,0.4444444444444444
41441532,0.3333333333333333
41443068,0.4
41443433,0.17647058823529413
41444010,1.0
41449186,1.0
41457600,1.0
41466285,0.5
41513155,0.7272727272727273
41530934,0.4444444444444444
41541506,0.8048780487804879
41542797,0.7894736842105263
41547644,0.6666666666666666
41550077,0.7358490566037735
41575460,0.34782608695652173
41585214,0.75
41586718,0.0
41591349,0.5384615384615384
41605978,0.9866666666666667
41610401,1.0
41615667,0.7058823529411765
41635491,0.5714285714285714
41636665,0.7272727272727273
41651934,0.6046511627906976
41652150,0.75
41656559,0.0
41666357,1.0
41680942,0.0
41682195,0.8333333333333334
41683106,0.9090909090909091
41683562,0.7647058823529411
41685557,0.75
41687808,0.6470588235294118
41697307,1.0
41702088,0.5
41715349,0.5909090909090909
41726854,0.6545454545454545
41729212,0.0
41737314,0.6428571428571429
41739380,0.9166666666666666
41739453,0.3902439024390244
41767240,0.5897435897435898
41767367,0.7857142857142857
41786701,0.5333333333333333
41812741,0.5
41820519,0.0
41833422,0.68
41834035,0.6521739130434783
41851484,0.5970149253731343
41852740,0.4146341463414634
41871878,0.6666666666666666
41872405,0.90625
41875335,0.8181818181818182
41897257,0.711864406779661
41903440,0.75
41905973,0.9032258064516129
41906546,0.3333333333333333
41919711,0.71875
41920698,0.875
41920864,0.7142857142857143
41921141,0.65
41924859,1.0
41925128,0.36585365853658536
41933425,0.5714285714285714
41945588,0.4166666666666667
41953895,0.5319148936170213
41954950,0.5
41970051,0.4
41990281,0.6451612903225806
42001009,0.35294117647058826
42029158,0.7419354838709677
42031153,0.5555555555555556
42031934,0.5238095238095238
42032088,0.7837837837837838
42032577,0.4838709677419355
42032735,0.75
42038382,0.0
42060937,0.972972972972973
42063405,0.3953488372093023
42081074,0.45098039215686275
42086940,1.0
42090352,0.0
42096631,0.7213114754098361
42107875,0.5
42110500,0.625
42114527,1.0
42127649,0.631578947368421
42128165,1.0
42131403,0.5555555555555556
42131647,0.6428571428571429
42147119,1.0
42149446,0.803921568627451
42151066,0.375
42151450,0.2857142857142857
42151648,0.6666666666666666
42151791,0.5
42151995,0.3333333333333333
42154780,0.375
42173394,0.6764705882352942
42176935,1.0
42179227,0.6756756756756757
42191060,0.5333333333333333
42210569,0.4444444444444444
42216234,0.6666666666666666
42216568,0.6666666666666666
42217885,0.4166666666666667
42220727,0.9473684210526315
42220912,0.3333333333333333
42239818,0.5454545454545454
42240592,1.0
42243683,0.5
42251762,0.75
42252770,0.5208333333333334
42260780,1.0
42262992,0.8518518518518519
42270067,0.9230769230769231
42271472,0.6136363636363636
42285495,0.46808510638297873
42286501,0.3333333333333333
42291419,0.52
42292843,0.6857142857142857
42300757,0.6923076923076923
42305662,0.42857142857142855
42309818,0.24324324324324326
42310937,1.0
42314720,0.7142857142857143
42318528,0.6875
42319464,0.7368421052631579
42320770,0.25
42321090,0.7
42340596,0.5
42360221,0.45454545454545453
42374839,0.14285714285714285
42378239,0.6666666666666666
42379297,0.7
42382895,0.5277777777777778
42394856,0.4117647058823529
42419033,0.5333333333333333
42419182,0.75
42419387,0.6111111111111112
42419453,0.6794871794871795
42421996,0.0
42424478,0.825
42433945,0.5
42442748,0.6764705882352942
42447854,0.7931034482758621
42457951,0.6428571428571429
42463996,0.75
42473869,0.6666666666666666
42479793,0.9245283018867925
42499366,0.8
42500847,0.4444444444444444
42501222,0.8
42504594,0.7894736842105263
42507843,0.5217391304347826
42523238,0.6153846153846154
42523806,0.6
42532005,1.0
42546257,0.35714285714285715
42548732,0.8392857142857143
42549810,0.4722222222222222
42554747,0.7142857142857143
42556784,1.0
42557545,0.7368421052631579
42558300,0.34782608695652173
42595317,0.3333333333333333
42596091,1.0
42599562,0.9090909090909091
42602918,1.0
42603584,0.7045454545454546
42606852,1.0
42623644,0.7176470588235294
42631577,0.9
42631945,0.5416666666666666
42643988,0.65
42650083,0.5
42654354,1.0
42657221,0.9333333333333333
42699640,0.8235294117647058
42729081,0.8181818181818182
42732504,0.5576923076923077
42739155,0.0
42739718,0.4166666666666667
42762611,0.6363636363636364
42776310,0.625
42777904,0.6666666666666666
42801893,0.5
42829658,0.676923076923077
42838372,0.8571428571428571
42890394,0.36363636363636365
42911686,0.32558139534883723
42919788,0.0
42919885,0.5714285714285714
42933915,0.5882352941176471
42942633,0.42857142857142855
42946237,0.0
42970546,0.5789473684210527
42972216,0.5
43051320,0.6363636363636364
43059934,0.4
43076199,0.0
43077340,0.2631578947368421
43085814,0.925
43100806,0.5
43101706,0.3333333333333333
43121564,0.75
43122249,0.7540983606557377
43140460,0.5
43154915,0.9583333333333334
43161260,0.8
43177499,0.7272727272727273
43192362,0.5
43210221,0.5
43218496,0.0
43219836,1.0
43233875,0.7
43245541,0.6976744186046512
43266096,0.0
43273251,0.6
43284991,0.7021276595744681
43291409,0.6666666666666666
43300089,0.5
43305057,0.5714285714285714
43338013,0.0
43338726,0.0
43353862,0.0
43408894,0.4647887323943662
43411162,0.21428571428571427
43427845,0.4
43439589,0.5714285714285714
43440840,1.0
43484309,0.4166666666666667
43485045,1.0
43493079,1.0
43502954,0.875
43503265,0.25
43504471,0.775
43506244,0.38095238095238093
43506607,0.8666666666666667
43522179,0.4166666666666667
43530526,0.0
43539981,0.3333333333333333
43540663,0.6923076923076923
43550858,0.8604651162790697
43563391,1.0
43566576,0.7142857142857143
43576357,0.6111111111111112
43576708,0.6222222222222222
43576807,0.5
43584777,0.5
43585037,0.8333333333333334
43585206,0.42857142857142855
43589879,0.5517241379310345
43591128,0.37037037037037035
43602781,0.5714285714285714
43610339,0.6666666666666666
43618347,1.0
43631562,0.8064516129032258
43632210,0.8
43650246,0.8461538461538461
43652183,0.875
43657647,0.3076923076923077
43658785,0.17647058823529413
43659391,0.5454545454545454
43659888,0.25
43664183,0.6
43697900,0.8
43707526,0.5666666666666667
43727686,0.5
43732939,0.6111111111111112
43736616,0.0
43739087,0.8125
43739470,0.5
43748256,0.5897435897435898
43751418,0.8367346938775511
43763907,0.6
43770337,0.6875
43771903,1.0
43772583,0.5454545454545454
43773072,0.6666666666666666
43774824,0.7307692307692307
43775361,0.46153846153846156
43798072,0.42857142857142855
43803745,0.9285714285714286
43815785,0.4117647058823529
43818458,0.3333333333333333
43825683,1.0
43833499,0.7777777777777778
43844966,0.8484848484848485
43852942,0.5818181818181818
43856241,0.5862068965517241
43865995,0.7333333333333333
43866653,0.6666666666666666
43875599,0.5581395348837209
43893645,0.4375
43893682,0.625
43901245,0.5714285714285714
43903103,0.8125
43917875,0.16666666666666666
43918532,0.7142857142857143
43921698,1.0
43929237,0.5681818181818182
43933497,0.7222222222222222
43934669,0.9491525423728814
43935258,0.7083333333333334
43939272,0.35555555555555557
43948792,0.7741935483870968
43951611,0.0
43954549,0.6470588235294118
43968696,0.0
43974680,0.6923076923076923
43978914,0.6551724137931034
43979707,0.6216216216216216
43980725,0.61
44001675,0.5
44005152,0.5217391304347826
44015464,0.78125
44016652,0.6363636363636364
44028909,0.6842105263157895
44029132,0.6666666666666666
44038752,0.75
44041346,1.0
44041401,0.4166666666666667
44041518,0.38095238095238093
44044188,0.7272727272727273
44047337,0.3492063492063492
44047510,0.4166666666666667
44047662,0.7457627118644068
44049054,0.36363636363636365
44057223,0.0
44058365,0.5384615384615384
44059360,0.42857142857142855
44061544,0.5
44063161,0.5
44067596,0.6590909090909091
44068833,0.6585365853658537
44068835,0.6666666666666666
44081874,0.3181818181818182
44082478,0.7391304347826086
44085385,0.5697674418604651
44090498,0.2857142857142857
44092356,0.2857142857142857
44092959,0.5769230769230769
44095299,0.5
44095555,0.6
44099768,0.5666666666666667
44114446,0.5
44127385,0.5681818181818182
44129767,0.0
44131706,0.2692307692307692
44133986,0.4074074074074074
44137148,0.5
44149950,0.8627450980392157
44156648,0.0
44157659,1.0
44170510,0.48
44177296,0.5714285714285714
44190456,0.3191489361702128
44204757,0.6470588235294118
44206841,0.45454545454545453
44207141,0.8113207547169812
44220253,0.7
44221596,0.35
44222341,0.2727272727272727
44222833,0.6
44242144,0.42105263157894735
44244651,0.7833333333333333
44257120,0.7560975609756098
44258224,0.3684210526315789
44259581,0.0
44262326,1.0
44264976,1.0
44285874,0.75
44286241,1.0
44287499,0.825
44291343,0.0
44291684,1.0
44299231,0.35294117647058826
44300412,0.23076923076923078
44303427,0.48
44311291,0.8611111111111112
44315791,0.5
44329709,0.75
44329731,0.5
44330794,0.5
44336328,0.7307692307692307
44338114,0.8181818181818182
44345483,0.9090909090909091
44347870,0.6666666666666666
44349543,0.5
44350560,0.7027027027027027
44350723,0.5454545454545454
44352377,0.0
44366187,0.6551724137931034
44367556,0.6666666666666666
44370930,0.8727272727272727
44375955,0.3333333333333333
44389155,0.6666666666666666
44411436,0.5454545454545454
44424190,0.36363636363636365
44425521,0.4
44441056,0.8214285714285714
44441708,0.6
44444932,0.6530612244897959
44447443,0.7894736842105263
44454591,0.3333333333333333
44458760,0.3684210526315789
44467861,0.6190476190476191
44468641,0.0
44470573,0.5348837209302325
44474167,0.7692307692307693
44485816,0.84
44486957,0.75
44497097,0.0
44509919,0.8461538461538461
44528951,0.6666666666666666
44550350,0.53125
44563496,0.75
44566239,1.0
44581966,0.37037037037037035
44582586,0.35185185185185186
44583067,1.0
44583242,0.3
44583312,0.45454545454545453
44584717,0.3333333333333333
44601527,0.9354838709677419
44604294,0.5
44606393,0.14285714285714285
44607314,0.3333333333333333
44642559,1.0
44646009,0.3333333333333333
44652159,0.3888888888888889
44652313,0.45161290322580644
44653877,0.4
44659364,0.3
44675775,0.5
44731276,0.4
44740995,0.6
44741365,1.0
44741559,1.0
44746244,0.9230769230769231
44825962,0.8571428571428571
44879490,0.3448275862068966
44884781,0.5
44893281,0.4864864864864865
44924160,0.5
44927175,0.5384615384615384
44944491,0.5
44958276,0.5333333333333333
44979994,0.5081967213114754
44985799,0.5
44996252,1.0
44999524,0.0
45000346,0.16666666666666666
45015784,0.0
45051121,1.0
45051408,1.0
45051465,0.35714285714285715
45062449,0.3333333333333333
45065517,0.88
45073459,0.7291666666666666
45073942,0.7222222222222222
45076504,0.6428571428571429
45080885,0.0
45083554,0.43902439024390244
45095585,0.8181818181818182
45097963,0.0
45098067,0.6153846153846154
45098304,0.6730769230769231
45101972,0.75
45108005,0.5333333333333333
45120008,0.7
45130388,0.574468085106383
45132568,0.27586206896551724
45132769,0.34782608695652173
45133108,0.5416666666666666
45133995,0.8571428571428571
45147472,0.5
45153319,0.7407407407407407
45170368,0.7837837837837838
45183139,0.6666666666666666
45183204,0.36363636363636365
45200990,0.35714285714285715
45203762,0.8166666666666667
45221077,0.3333333333333333
45232205,0.8703703703703703
45246320,0.7142857142857143
45250324,0.5
45251277,0.16666666666666666
45252105,0.6
45266771,0.8
45270530,0.8095238095238095
45273795,0.37037037037037035
45278859,0.5833333333333334
45292405,1.0
45305427,0.44
45314449,0.42857142857142855
45319949,0.0
45321010,0.25
45330153,0.8536585365853658
45338425,0.631578947368421
45340942,0.4444444444444444
45343347,0.8235294117647058
45343478,0.78125
45355595,0.6666666666666666
45357437,0.6911764705882353
45363244,0.6835443037974683
45373368,0.875
45394013,0.4074074074074074
45395807,0.6333333333333333
45405913,0.0
45418258,0.43333333333333335
45418599,0.4827586206896552
45429048,0.2926829268292683
45432714,0.3333333333333333
45433824,0.5
45434442,1.0
45435339,0.9
45436989,1.0
45446289,0.8333333333333334
45446580,0.4
45446785,0.3333333333333333
45459546,0.4666666666666667
45460212,0.75
45487598,1.0
45488546,0.0
45488596,1.0
45489566,0.6
45502240,0.4375
45541270,0.7777777777777778
45553436,0.5
45555959,0.2857142857142857
45559632,0.6
45559890,0.25
45587354,0.6666666666666666
45587671,1.0
45588319,0.4583333333333333
45591753,0.4807692307692308
45600171,0.5357142857142857
45605761,0.6666666666666666
45606998,0.44
45631371,0.44
45632553,0.5
45646388,0.8571428571428571
45654832,0.6666666666666666
45665053,0.8235294117647058
45666917,0.6153846153846154
45673303,0.6744186046511628
45678936,0.47058823529411764
45694333,0.0
45704832,0.46153846153846156
45710410,0.0
45711252,0.42592592592592593
45723158,0.8333333333333334
45731434,0.5
45733048,0.7142857142857143
45746498,0.5294117647058824
45748685,1.0
45751757,0.47619047619047616
45763902,0.2857142857142857
45792786,0.3333333333333333
45797884,0.3333333333333333
45799937,0.0
45808418,0.0
45809289,0.38461538461538464
45813783,0.6
45819347,0.5
45828191,0.0
45835806,0.2727272727272727
45835879,0.25
45854592,0.6078431372549019
45859196,0.7254901960784313
45859243,0.36363636363636365
45859246,1.0
45913508,0.5
45931888,0.0
45937386,0.52
45945013,0.4
45946746,0.48484848484848486
45954423,0.25
45968682,0.8888888888888888
45982459,1.0
45987068,0.3584905660377358
46003848,0.6538461538461539
46008403,0.27586206896551724
46016509,1.0
46016800,0.5
46065514,0.125
46076113,1.0
46084693,0.6666666666666666
46084779,0.3333333333333333
46103488,0.6666666666666666
46125378,1.0
46191005,0.6585365853658537
46292894,0.25
46306515,1.0
46308800,0.5
46310572,0.5833333333333334
46324846,0.7674418604651163
46344805,0.75
46392112,0.5
46414028,0.6666666666666666
46425196,0.0
46426176,0.0
46426580,0.5
46441624,0.36
46442662,0.8059701492537313
46457288,0.8833333333333333
46462131,0.3793103448275862
46463020,0.575
46487211,0.7567567567567568
46499602,0.6666666666666666
46520752,0.4375
46571098,0.3125
46572257,0.8235294117647058
46596120,0.75
46596865,0.6666666666666666
46642359,0.9090909090909091
46651787,0.7
46673729,0.5
46693613,0.375
46702708,0.47619047619047616
46727459,0.6666666666666666
46730658,0.4186046511627907
46745616,0.4583333333333333
46746572,0.2222222222222222
46751103,0.625
46762227,0.7183098591549296
46762349,0.625
46766117,0.3333333333333333
46768460,0.4375
46784002,0.5
46806624,1.0
46808018,0.45
46810397,0.52
46829823,0.8
46891941,0.7777777777777778
46895222,1.0
46910149,0.75
46914844,0.9375
46957261,0.5
46960337,0.48148148148148145
46984339,0.5
47021691,0.0
47024746,0.6875
47025821,1.0
47040054,0.46153846153846156
47052375,0.7272727272727273
47096750,0.5454545454545454
47110803,1.0
47151764,1.0
47158737,0.7368421052631579
47191923,0.6666666666666666
47238777,0.2
47372986,0.6521739130434783
47400207,0.16666666666666666
47419820,0.717391304347826
47419882,0.6470588235294118
47442587,0.4666666666666667
47460538,0.5416666666666666
47472227,0.5
47527306,0.6666666666666666
47534829,0.7647058823529411
47541946,1.0
47546300,0.6666666666666666
47561786,0.4444444444444444
47562121,0.6
47580032,1.0
47590635,1.0
47596614,0.5833333333333334
47710644,0.75
47711172,0.5
47720467,0.4
47720492,0.44680851063829785
47775860,0.7692307692307693
47777903,0.3333333333333333
47778270,0.5
47779414,0.78125
47790889,0.4375
47794506,0.8333333333333334
47795943,0.6428571428571429
47807424,0.7777777777777778
47816525,0.45454545454545453
47831421,0.5
47838216,0.39285714285714285
47852998,0.0
47867569,0.5384615384615384
47901784,0.0
47916027,0.4666666666666667
47920404,0.875
47971910,0.391304347826087
48025291,1.0
48069397,0.17647058823529413
48086654,0.7636363636363637
48090007,0.5526315789473685
48093762,0.6071428571428571
48106329,0.6491228070175439
48115828,0.7105263157894737
48122302,0.9047619047619048
48167234,0.7142857142857143
48168911,0.9230769230769231
48169468,0.9411764705882353
48171482,0.0
48174824,0.6363636363636364
48175271,0.8333333333333334
48177090,0.42857142857142855
48180025,0.3333333333333333
48180235,1.0
48192288,0.8
48192492,0.25
48192611,0.5416666666666666
48192637,0.6
48192730,0.4166666666666667
48193387,0.6037735849056604
48195880,0.6666666666666666
48203340,0.42857142857142855
48264955,0.7352941176470589
48274938,0.5
48276021,1.0
48279293,0.6808510638297872
48291233,0.6666666666666666
48292251,0.42105263157894735
48292780,0.8
48326311,1.0
48353164,0.375
48355219,0.6666666666666666
48358863,0.52
48370840,0.8235294117647058
48389435,0.5
48390264,0.4
48396776,0.8536585365853658
48408271,0.4
48408788,0.5833333333333334
48410506,1.0
48414595,0.47619047619047616
48437933,0.0
48440243,0.6842105263157895
48445078,0.6909090909090909
48445750,0.7222222222222222
48455095,0.8
48456175,0.4
48458117,0.5357142857142857
48460377,0.75
48460598,0.65
48460867,0.5714285714285714
48499916,0.6
48520952,0.4166666666666667
48534189,0.3333333333333333
48602344,0.7857142857142857
48602771,0.0
48618874,0.9583333333333334
48649774,0.75
48668155,0.4583333333333333
48686629,1.0
48687029,0.625
48688977,0.5
48689089,0.0
48689119,1.0
48689151,0.7777777777777778
48689200,0.0
48696916,0.6666666666666666
48698807,1.0
48708317,0.6666666666666666
48727803,0.5
48747601,0.47619047619047616
48747948,0.85
48762207,0.5
48784303,0.8409090909090909
48797329,0.0
48817507,0.7674418604651163
48818887,0.2
48842924,0.7368421052631579
48844041,0.75
48865864,0.7
48866544,0.0
48868270,0.30434782608695654
48880492,1.0
48880835,0.0
48894311,0.9361702127659575
48899435,1.0
48902420,1.0
48910713,0.5
48987658,1.0
49005720,0.3333333333333333
49010350,0.2631578947368421
49040044,0.7692307692307693
49041557,0.6521739130434783
49042765,0.7297297297297297
49052645,1.0
49054306,0.0
49066791,0.3684210526315789
49068431,0.8461538461538461
49108806,0.5
49108970,0.6551724137931034
49122306,1.0
49123318,0.6111111111111112
49124555,0.6363636363636364
49164751,0.8059701492537313
49166178,0.36363636363636365
49171514,0.5576923076923077
49172605,0.25
49226955,0.5882352941176471
49244526,0.7575757575757576
49246054,0.9230769230769231
49250783,0.6875
49257036,0.3333333333333333
49259879,0.25
49259888,0.625
49284147,0.7272727272727273
49298214,0.25
49299127,0.6
49299539,0.2857142857142857
49312719,0.85
49340893,0.75
49354673,0.7407407407407407
49354980,0.6896551724137931
49356596,0.48148148148148145
49361107,0.875
49375954,0.6428571428571429
49376092,0.6764705882352942
49410579,0.29411764705882354
49411499,0.8333333333333334
49420895,0.5
49429309,0.46153846153846156
49429718,0.3333333333333333
49453970,0.6666666666666666
49481427,0.4
49489847,0.75
49527760,0.6666666666666666
49540769,1.0
49550280,0.0
49557265,0.8620689655172413
49567151,0.5294117647058824
49579925,0.4642857142857143
49580867,0.26
49588260,0.25
49601741,0.0
49605734,0.5961538461538461
49621802,0.76
49622029,0.6875
49623010,0.6666666666666666
49623196,0.5789473684210527
49625654,0.34375
49651060,0.7857142857142857
49653458,0.0
49661807,0.5428571428571428
49663763,0.6666666666666666
49664133,0.34375
49666540,0.7692307692307693
49671786,0.25
49679518,0.4375
49681664,0.48484848484848486
49685308,0.5918367346938775
49689003,0.6590909090909091
49689671,0.34782608695652173
49696293,0.5818181818181818
49696353,0.6
49696424,0.6666666666666666
49696563,0.5147058823529411
49699369,0.5833333333333334
49706158,0.5
49708280,0.7142857142857143
49721370,1.0
49723511,0.5625
49727432,0.7894736842105263
49729174,0.5333333333333333
49731870,0.8461538461538461
49745347,0.90625
49746014,0.46153846153846156
49746206,0.5833333333333334
49747113,0.41304347826086957
49750274,0.5675675675675675
49762083,0.5
49763666,0.7272727272727273
49776314,0.6666666666666666
49790282,0.3333333333333333
49805417,0.9090909090909091
49807366,0.9411764705882353
49836375,0.625
49836469,0.5757575757575758
49848420,0.6
49856654,0.9038461538461539
49857301,1.0
49860789,1.0
49869989,0.5909090909090909
49870612,0.375
49874229,0.25
49903044,0.8076923076923077
49919846,0.7647058823529411
49922737,0.6666666666666666
49928539,0.5294117647058824
49929864,0.75
49934543,0.7586206896551724
49936250,0.7435897435897436
49939052,0.0
49939988,0.3333333333333333
49940583,0.6666666666666666
49940668,0.6451612903225806
49945828,0.42857142857142855
49949617,0.5652173913043478
49954995,0.3333333333333333
49957051,0.0
49965485,0.0
49965667,0.9047619047619048
49980548,0.6666666666666666
49984300,0.7142857142857143
49984306,0.725
49990753,0.5737704918032787
49992389,0.6
50004912,0.35
50006036,0.5555555555555556
50016019,0.5714285714285714
50023133,1.0
50032412,0.3953488372093023
50038052,0.5
50043271,0.8888888888888888
50044789,0.7575757575757576
50056919,0.5757575757575758
50068420,0.6708860759493671
50069780,0.5
50070329,0.85
50082108,0.8571428571428571
50083902,0.43243243243243246
50086452,0.8
50087487,0.4523809523809524
50095487,0.0
50106324,0.5
50106535,0.7407407407407407
50110139,0.5609756097560976
50113602,1.0
50122954,0.8571428571428571
50126271,0.55
50126931,0.8333333333333334
50128959,0.6
50128985,0.5
50129013,1.0
50129035,0.5
50134748,0.42857142857142855
50145475,0.0
50146976,0.46
50148982,0.65
50164109,0.3902439024390244
50166445,0.7752808988764045
50169084,0.696969696969697
50184868,0.39285714285714285
50188008,0.6842105263157895
50192263,0.6666666666666666
50202313,0.8333333333333334
50206154,0.7142857142857143
50221104,0.6666666666666666
50221637,0.6666666666666666
50226672,0.0
50235393,0.6896551724137931
50239935,0.4838709677419355
50245966,0.7608695652173914
50251513,0.0
50254754,0.6
50257846,0.6296296296296297
50259685,0.875
50261698,0.35
50262171,0.9090909090909091
50266109,0.6818181818181818
50273738,0.7916666666666666
50294189,0.68
50297539,0.16666666666666666
50298439,0.6
50301548,0.0
50308746,0.5230769230769231
50308758,0.0
50308908,0.5
50315053,0.16666666666666666
50316442,0.5588235294117647
50316629,0.6136363636363636
50316699,0.64
50318292,0.42857142857142855
50326885,0.8
50329103,0.3333333333333333
50333036,0.0
50335757,0.25
50336344,0.7777777777777778
50337423,0.5
50338659,0.6153846153846154
50338840,1.0
50339318,0.8333333333333334
50340446,0.5
50341585,0.7
50343009,0.6595744680851063
50353163,0.7555555555555555
50356367,0.68
50358242,0.7636363636363637
50359386,0.6842105263157895
50360824,0.5
50364165,0.5
50373060,0.6097560975609756
50373737,0.7818181818181819
50376525,0.3548387096774194
50383549,0.41379310344827586
50385000,0.7916666666666666
50387084,0.5955056179775281
50387464,0.25
50389264,0.4634146341463415
50390986,1.0
50391481,0.3333333333333333
50400720,0.41304347826086957
50410425,0.4489795918367347
50411512,0.9245283018867925
50411663,0.8181818181818182
50413011,0.4444444444444444
50413232,0.5357142857142857
50417791,0.6
50431843,0.5
50434292,0.2857142857142857
50435310,0.85
50439968,0.6666666666666666
50454794,0.9041095890410958
50464333,0.43902439024390244
50464343,0.49206349206349204
50471950,0.5
50472935,0.8333333333333334
50485053,0.6666666666666666
50487469,0.6666666666666666
50488217,0.5
50493181,0.38095238095238093
50498766,0.0
50498991,0.0
50502166,0.90625
50504425,0.6666666666666666
50504769,0.0
50504899,0.3333333333333333
50520171,0.7727272727272727
50531350,0.6
50531911,0.3333333333333333
50534580,1.0
50534582,0.6666666666666666
50534586,0.0
50534678,0.0
50534758,1.0
50535364,0.0
50536062,0.0
50536186,0.0
50539957,0.0
50541666,0.4666666666666667
50543183,0.45714285714285713
50555066,0.6363636363636364
50556407,1.0
50556639,1.0
50561709,0.6153846153846154
50567172,0.4375
50567594,1.0
50568356,0.3076923076923077
50570511,0.3333333333333333
50570960,0.42857142857142855
50571392,0.7662337662337663
50573042,0.45454545454545453
50573445,0.5714285714285714
50583852,0.75
50590945,0.0
50593234,0.4
50606708,0.55
50608221,0.68
50614720,0.68
50616238,0.625
50628600,1.0
50628854,0.0
50629857,0.375
50630964,0.0
50637682,0.3
50638221,0.5
50640955,0.6326530612244898
50649233,1.0
50652424,0.4090909090909091
50658441,0.0
50667620,0.5555555555555556
50674275,0.6779661016949152
50676490,0.5789473684210527
50690251,0.3333333333333333
50693704,0.7647058823529411
50710719,0.0
50716492,1.0
50721438,1.0
50744132,0.25
50744824,0.5454545454545454
50749377,0.2857142857142857
50749876,0.25
50750023,0.1111111111111111
50759665,0.42857142857142855
50761489,0.4444444444444444
50764261,0.7222222222222222
50765861,0.5301204819277109
50766645,0.42857142857142855
50766996,0.5
50771920,0.75
50785696,0.7857142857142857
50789644,0.25
50803990,0.7222222222222222
50819871,0.7647058823529411
50821156,0.23809523809523808
50836317,0.75
50842696,0.66
50843759,0.6666666666666666
50847884,0.3333333333333333
50857074,0.7083333333333334
50857822,0.5
50858009,1.0
50859422,0.7931034482758621
50861332,0.35294117647058826
50862002,0.8333333333333334
50864909,0.7419354838709677
50865281,0.5121951219512195
50865691,0.45454545454545453
50882693,0.5294117647058824
50883166,0.6521739130434783
50884970,0.8775510204081632
50888526,0.7391304347826086
50897655,0.5862068965517241
50906440,0.5
50916138,0.36363636363636365
50926238,0.5
50926528,0.3684210526315789
50928005,0.3333333333333333
50928052,1.0
50928127,0.5555555555555556
50928151,0.0
50929056,0.7272727272727273
50930954,0.3584905660377358
50931670,0.38333333333333336
50931795,0.32
50934931,0.7142857142857143
50939669,0.5
50940773,0.0
50942660,1.0
50948497,0.5
50948793,0.23809523809523808
50952850,0.6078431372549019
50955006,0.4642857142857143
50955379,0.17857142857142858
50956886,0.78125
50959277,0.6470588235294118
50959661,0.8378378378378378
50963338,0.5
50963447,0.42
50969097,0.21428571428571427
50969126,0.48484848484848486
50970220,0.46153846153846156
50973226,0.42857142857142855
50983567,1.0
50986344,0.4
50988809,0.5
50990267,0.6071428571428571
50990582,0.6
50994520,0.7419354838709677
50997874,0.8461538461538461
51007738,0.42857142857142855
51013696,0.625
51014703,0.6
51017739,0.3333333333333333
51022013,0.5
51033782,1.0
51036603,0.0
51041719,0.3076923076923077
51041897,0.2631578947368421
51041968,0.0
51055412,0.6666666666666666
51062053,0.75
51065264,0.631578947368421
51075218,0.7755102040816326
51081194,0.75
51084056,0.5294117647058824
51085572,0.5
51098230,0.2857142857142857
51099597,0.5333333333333333
51100984,1.0
51107639,0.6774193548387096
51114719,0.21951219512195122
51118767,0.3333333333333333
51124713,0.5789473684210527
51134486,0.7727272727272727
51135718,0.8
51139319,0.7142857142857143
51143520,0.7142857142857143
51149366,0.0
51158766,0.782608695652174
51162029,0.8245614035087719
51168224,0.5
51182539,0.6764705882352942
51182897,1.0
51184021,0.6923076923076923
51186243,0.4
51187672,0.5263157894736842
51188010,0.5483870967741935
51188208,0.6666666666666666
51192820,0.7307692307692307
51202085,0.84375
51202674,0.7
51203863,0.5121951219512195
51206327,0.0
51208000,0.5
51208614,0.6122448979591837
51227496,0.64
51230200,0.6326530612244898
51239743,0.75
51245737,0.5263157894736842
51271249,0.2857142857142857
51273166,0.6923076923076923
51273344,0.5
51274387,0.8444444444444444
51276594,0.8
51276735,0.6
51280699,0.3333333333333333
51280986,0.34615384615384615
51298042,0.6428571428571429
51299687,0.78125
51311792,0.2857142857142857
51316896,0.3333333333333333
51323255,0.8888888888888888
51324146,0.5
51338193,0.0
51341135,0.8461538461538461
51344930,0.0
51354638,0.6190476190476191
51355732,0.3333333333333333
51359905,0.5714285714285714
51361752,0.5
51364365,0.5714285714285714
51365087,0.3103448275862069
51382369,0.75
51382393,0.0
51396143,0.5942028985507246
51398600,0.5862068965517241
51399027,0.5238095238095238
51399848,0.59375
51402307,0.851063829787234
51403637,0.6956521739130435
51416234,0.8409090909090909
51418784,0.8888888888888888
51437427,0.4
51444730,0.6923076923076923
51445476,0.3
51457630,0.5714285714285714
51469017,0.8636363636363636
51478217,0.3333333333333333
51485444,0.5
51486521,0.5
51498142,0.38235294117647056
51498637,0.775
51514455,0.8
51525188,0.6
51525579,0.6666666666666666
51526251,0.9607843137254902
51527147,0.6551724137931034
51529269,0.75
51531916,0.703125
51532592,0.3870967741935484
51539448,0.9259259259259259
51545147,0.7428571428571429
51549073,0.4166666666666667
51552786,0.8909090909090909
51553779,0.3333333333333333
51557362,0.9375
51558714,0.48
51566481,1.0
51572873,1.0
51587730,0.6363636363636364
51609366,0.6792452830188679
51628311,0.5
51629005,0.5526315789473685
51647283,1.0
51648837,0.6
51663340,0.6774193548387096
51664382,0.5
51664804,0.5769230769230769
51667435,0.6
51677211,0.7560975609756098
51684650,0.8333333333333334
51685233,0.896551724137931
51697935,0.0
51725731,0.7307692307692307
51736021,0.5
51736178,0.3333333333333333
51739715,0.6101694915254238
51743199,0.5
51757258,0.6666666666666666
51759488,0.5373134328358209
51779980,0.5844155844155844
51786710,0.5
51795742,0.75
51795943,0.8333333333333334
51802906,0.9090909090909091
51808835,0.7142857142857143
51813344,0.5
51822246,0.5
51838454,0.7837837837837838
51846573,0.8571428571428571
51852955,0.3
51854610,0.3333333333333333
51855369,0.4126984126984127
51857871,1.0
51859961,0.5625
51862042,0.4067796610169492
51862636,0.65
51874590,0.0
51875740,0.8571428571428571
51897510,0.42857142857142855
51903687,1.0
51903735,0.46153846153846156
51915778,1.0
51935026,0.5
51936828,0.3695652173913043
51938721,1.0
51954515,0.42857142857142855
51961059,0.64
51961377,0.5
51977947,0.7878787878787878
51981240,1.0
51981461,1.0
51982635,0.5555555555555556
51995017,0.0
51995024,0.6666666666666666
51995439,1.0
51997054,0.5633802816901409
51998502,1.0
52000305,0.7692307692307693
52002818,0.42857142857142855
52004147,0.13513513513513514
52007031,0.6808510638297872
52008308,0.25
52016694,1.0
52016698,0.0
52016788,0.23076923076923078
52024418,0.42105263157894735
52027560,0.0
52044380,0.8064516129032258
52046740,1.0
52048465,0.6451612903225806
52048658,0.0
52049319,0.42857142857142855
52049524,0.5172413793103449
52058624,1.0
52071368,0.5
52081089,0.3333333333333333
52099739,0.5106382978723404
52101297,0.7894736842105263
52119333,0.3170731707317073
52122473,0.5909090909090909
52137703,0.5185185185185185
52139111,0.25
52143370,0.4307692307692308
52143562,0.5
52157073,0.55
52171706,0.42857142857142855
52178162,0.3225806451612903
52178925,0.875
52185875,0.4117647058823529
52189643,0.30246913580246915
52195201,0.25
52198270,0.5294117647058824
52201493,0.6
52228917,0.5777777777777777
52229889,0.6
52251146,0.5111111111111111
52252076,0.8461538461538461
52254532,0.88
52257674,0.5813953488372093
52264336,0.0
52271196,0.0
52271549,0.8055555555555556
52273426,0.8
52274633,0.0
52275329,0.5
52282806,0.5
52286179,0.3333333333333333
52292583,0.6666666666666666
52292917,0.0
52293678,0.5454545454545454
52296540,1.0
52296804,0.43243243243243246
52298177,0.375
52302649,0.7804878048780488
52303985,0.7142857142857143
52311569,0.26666666666666666
52311834,0.0
52318004,0.6
52329249,0.7073170731707317
52330980,1.0
52331071,0.5263157894736842
52341717,0.5
52343105,1.0
52348920,0.5
52351282,0.2
52358070,0.6451612903225806
52364146,0.64
52364329,0.6666666666666666
52365189,0.42857142857142855
52374219,0.6
52375774,0.25
52376146,0.5
52379036,0.84375
52385079,0.609375
52393016,0.0
52394449,0.6666666666666666
52397625,0.7692307692307693
52406502,0.6923076923076923
52413662,0.6
52414136,0.5294117647058824
52426564,0.3
52446338,0.3469387755102041
52446479,0.38235294117647056
52449782,0.375
52462921,0.5
52463381,0.7555555555555555
52466282,0.6842105263157895
52466355,0.6923076923076923
52480303,0.2857142857142857
52482540,0.5882352941176471
52482925,0.7297297297297297
52484341,0.8970588235294118
52484673,0.8333333333333334
52485581,0.25
52487264,0.3620689655172414
52491119,0.3333333333333333
52491604,0.0
52491832,0.3333333333333333
52502546,0.2222222222222222
52503743,0.15384615384615385
52503877,1.0
52505132,0.0
52521812,0.6111111111111112
52523767,0.375
52528359,0.47619047619047616
52528751,1.0
52529741,1.0
52544984,0.7368421052631579
52546194,0.7
52549752,1.0
52562156,0.75
52562672,1.0
52562928,0.5365853658536586
52564221,0.6041666666666666
52565691,0.6551724137931034
52576115,0.5161290322580645
52583682,0.125
52590455,0.7142857142857143
52591931,0.9310344827586207
52610805,0.6129032258064516
52614966,1.0
52615675,0.39655172413793105
52621487,0.25
52628580,0.0
52629568,1.0
52633885,0.27586206896551724
52644757,0.18181818181818182
52644761,0.25
52644776,0.5882352941176471
52646388,0.5
52646617,0.6206896551724138
52648785,0.46153846153846156
52648957,0.8157894736842105
52651616,0.4
52653255,0.7647058823529411
52662904,0.6097560975609756
52664414,0.0
52664419,1.0
52665455,0.3125
52681177,0.0
52684556,0.5
52685663,0.6666666666666666
52685682,0.35714285714285715
52695603,0.42857142857142855
52697590,0.559322033898305
52699936,0.6511627906976745
52708895,0.9204545454545454
52712089,0.8235294117647058
52712316,0.5208333333333334
52712851,0.3333333333333333
52714266,0.6666666666666666
52720621,0.15384615384615385
52725202,0.782608695652174
52729711,0.0
52733912,0.7555555555555555
52735668,0.42857142857142855
52743899,0.5714285714285714
52751914,0.5208333333333334
52752711,0.75
52752712,0.0
52764507,0.375
52765412,1.0
52765583,0.3333333333333333
52767839,0.5714285714285714
52774824,0.6956521739130435
52775491,0.7
52785750,0.8648648648648649
52793646,1.0
52795015,0.425531914893617
52806477,0.7619047619047619
52808778,0.3333333333333333
52809786,0.6666666666666666
52818950,0.7875
52819909,0.5
52820093,0.3181818181818182
52820149,0.3333333333333333
52826698,0.6666666666666666
52837921,0.6
52848656,0.0
52849407,0.64
52851745,0.7428571428571429
52852523,0.5714285714285714
52854920,1.0
52861869,1.0
52870744,1.0
52872782,0.5
52889047,0.6923076923076923
52891257,0.3333333333333333
52897136,0.5319148936170213
52898693,0.375
52899423,0.5813953488372093
52902085,1.0
52909228,0.5405405405405406
52910647,0.0
52916951,0.391304347826087
52929178,0.543859649122807
52930694,0.25
52933651,0.6444444444444445
52934153,0.6923076923076923
52934618,0.4827586206896552
52942976,0.8947368421052632
52945824,0.7142857142857143
52946898,0.5
52948294,0.7352941176470589
52951234,0.7666666666666667
52952510,0.9310344827586207
52963016,0.7428571428571429
52963570,0.8333333333333334
52968042,0.25
52980003,0.4583333333333333
52998137,0.7272727272727273
52998706,0.0
52999521,0.5
53005881,0.3448275862068966
53019071,1.0
53019960,0.6190476190476191
53026446,0.75
53029484,0.5
53037709,0.41379310344827586
53037932,0.8076923076923077
53038479,0.5555555555555556
53039898,0.7857142857142857
53042620,0.391304347826087
53043165,0.7027027027027027
53055013,0.0
53057029,0.8461538461538461
53061753,0.7419354838709677
53070917,0.3793103448275862
53084397,0.56
53099839,0.6666666666666666
53103876,0.4838709677419355
53104022,0.5
53109540,0.4
53110903,0.0
53120615,0.8333333333333334
53120948,0.47368421052631576
53120992,0.5294117647058824
53124447,0.4358974358974359
53129084,0.25
53129114,0.5454545454545454
53135117,0.9459459459459459
53139630,0.43478260869565216
53149944,0.7586206896551724
53151328,0.35294117647058826
53152847,0.6
53152928,0.6323529411764706
53162860,0.5454545454545454
53182662,0.5454545454545454
53188946,0.8172043010752689
53193244,0.8947368421052632
53198372,0.5
53209722,0.95
53213616,0.3076923076923077
53216455,0.42424242424242425
53225436,0.24324324324324326
53227650,0.3492063492063492
53231816,0.5789473684210527
53232928,0.47368421052631576
53237429,0.7142857142857143
53247148,0.45454545454545453
53248186,0.7948717948717948
53251295,0.5625
53253074,0.0
53253889,0.7011494252873564
53259063,1.0
53261833,0.0
53267148,0.5573770491803278
53268398,0.7894736842105263
53271725,0.7083333333333334
53272367,0.36363636363636365
53278418,0.4166666666666667
53278626,1.0
53279520,0.6666666666666666
53279605,1.0
53286475,1.0
53286774,1.0
53286838,0.0
53287931,0.7017543859649122
53288623,0.5
53289014,0.48484848484848486
53300698,0.43478260869565216
53304061,0.6666666666666666
53304266,0.3
53304723,0.6086956521739131
53307539,0.6666666666666666
53310651,0.8125
53321950,0.7142857142857143
53323890,1.0
53325501,0.7142857142857143
53326181,0.5
53326220,0.0
53327091,0.6266666666666667
53332778,0.7
53335353,0.7428571428571429
53336233,0.2
53339348,0.9285714285714286
53346743,0.8717948717948718
53348457,0.5
53349107,0.5
53355059,0.5517241379310345
53355106,0.8
53355986,0.5217391304347826
53356045,0.7777777777777778
53357938,0.5333333333333333
53358419,0.5
53359339,1.0
53370944,0.3333333333333333
53371158,0.6451612903225806
53371222,0.3333333333333333
53371565,0.7435897435897436
53371895,0.25
53372518,0.4166666666666667
53377961,0.7738095238095238
53377987,0.4375
53378477,0.7252747252747253
53378585,0.6708860759493671
53381708,0.0
53390706,0.5714285714285714
53390804,0.7878787878787878
53391090,0.4878048780487805
53393286,0.8571428571428571
53394089,0.4897959183673469
53394311,0.43243243243243246
53397404,0.6923076923076923
53418357,0.47058823529411764
53425254,0.425531914893617
53427059,0.7567567567567568
53427434,0.0
53434268,0.8947368421052632
53441512,0.5833333333333334
53441800,0.6
53441920,0.5384615384615384
53445580,0.8
53446393,1.0
53459270,0.7083333333333334
53460468,0.7692307692307693
53461624,0.6976744186046512
53471575,0.5
53471816,0.7222222222222222
53473244,0.0
53480872,0.3333333333333333
53486585,1.0
53491115,0.6290322580645161
53491407,0.5833333333333334
53493806,0.4
53493867,0.16666666666666666
53499504,0.0
53504992,0.4
53505451,0.8205128205128205
53508484,0.9019607843137255
53512819,0.0
53520893,0.4444444444444444
53536263,0.8181818181818182
53537738,0.7380952380952381
53538342,1.0
53542528,1.0
53542594,0.5
53551335,0.7
53567688,0.8936170212765957
53574069,0.8076923076923077
53579303,0.7777777777777778
53582585,0.3333333333333333
53582904,0.4
53582978,0.5
53584327,0.6666666666666666
53584901,0.6949152542372882
53604807,0.4444444444444444
53629468,0.75
53640424,1.0
53640634,0.625
53640912,0.7945205479452054
53645396,0.8235294117647058
53653895,0.6774193548387096
53654750,0.3333333333333333
53655358,0.5102040816326531
53655561,0.6666666666666666
53668838,0.4411764705882353
53670646,0.7321428571428571
53685395,0.875
53695295,0.25
53695298,0.6
53697753,0.5
53698806,1.0
53723078,0.7333333333333333
53731762,0.6046511627906976
53732395,0.4117647058823529
53733276,0.8260869565217391
53737274,0.5
53747237,0.0
53747540,0.5757575757575758
53748618,0.8235294117647058
53749008,0.2727272727272727
53754718,0.5384615384615384
53761165,0.6410256410256411
53762857,0.3333333333333333
53764728,0.0
53766118,0.6
53766184,1.0
53777698,0.5
53777935,0.0
53777947,0.5483870967741935
53780153,0.0
53782291,1.0
53783176,0.7857142857142857
53784136,0.8918918918918919
53789812,0.6379310344827587
53794936,0.6666666666666666
53796337,0.7111111111111111
53797563,0.0
53798872,0.7
53803069,0.8727272727272727
53803587,0.53125
53808986,0.6896551724137931
53813510,0.42857142857142855
53813580,0.5
53819339,0.3333333333333333
53821818,0.7
53829422,0.0
53837770,0.5833333333333334
53838947,0.9210526315789473
53840966,0.5
53842434,0.4222222222222222
53854643,0.8636363636363636
53855102,0.3333333333333333
53856058,0.6153846153846154
53860055,0.7843137254901961
53863177,1.0
53865321,0.7142857142857143
53873125,0.75
53890384,0.0
53904416,0.5
53912446,0.5789473684210527
53915146,0.8333333333333334
53929766,0.5862068965517241
53931404,0.9032258064516129
53932103,0.6041666666666666
53936810,0.6923076923076923
53937743,0.48
53941133,0.717948717948718
53944852,1.0
53952804,0.9285714285714286
53966184,0.36363636363636365
53976858,0.6730769230769231
54001555,0.7941176470588235
54010877,1.0
54012329,0.8
54014245,0.0
54028242,0.6666666666666666
54043965,0.6590909090909091
54046500,0.6363636363636364
54049813,0.6666666666666666
54057625,0.8222222222222222
54091999,0.6086956521739131
54093407,0.3333333333333333
54100025,0.75
54103228,0.5283018867924528
54106776,1.0
54119858,0.6086956521739131
54138869,1.0
54142186,0.8
54153487,0.7142857142857143
54172428,0.8235294117647058
54174545,0.6666666666666666
54178320,0.6086956521739131
54179056,0.5
54188527,0.47368421052631576
54204379,0.0
54204856,0.5909090909090909
54205186,0.75
54206007,0.5555555555555556
54212699,0.5172413793103449
54217610,0.94
54221747,0.5217391304347826
54225395,0.5
54236161,0.49056603773584906
54256306,1.0
54261055,1.0
54261545,0.3333333333333333
54272790,1.0
54287597,0.6511627906976745
54301473,0.703125
54305693,0.7631578947368421
54325874,0.6428571428571429
54334084,0.75
54335283,0.5
54335508,0.3333333333333333
54338192,0.7222222222222222
54342760,1.0
54347926,0.0
54348821,0.7428571428571429
54349741,0.5
54354057,0.42
54354323,0.5
54362190,0.6666666666666666
54363887,0.8545454545454545
54365025,0.6176470588235294
54365026,0.8285714285714286
54366643,1.0
54373408,1.0
54373575,0.25
498409174587121216,0.45161290322580644
500601540803269696,0.25
502575039519587392,0.75
507715164199939328,0.6428571428571429
508645684792763072,1.0
508672542890350080,0.0
510780369310646464,0.0
512338785093660352,0.7096774193548387
515802260570934080,0.52
519552759003734656,0.6216216216216216
522234640898279680,0.4782608695652174
530983895697888576,0.5625
536146672847172288,1.0
538261497157754624,0.45161290322580644
538271227136133504,0.625
538966913187660096,1.0
539437805671200576,1.0
543275575512352448,0.34146341463414637
543276025299782400,0.4838709677419355
543279374674062208,0.5
544177144688780992,0.5
544776335472279232,0.5714285714285714
546037433009269760,0.4444444444444444
547559793555880576,0.5806451612903226
547667705529967680,0.4489795918367347
547723724789340672,0.725
547729105485366208,0.92
547764969742319680,0.5573770491803278
547871175533775808,0.5625
549035504221609408,0.5769230769230769
549169964409678784,0.875
549186828123757440,0.6595744680851063
549638460062089536,0.3793103448275862
551124234333175552,0.8235294117647058
551400816045273088,0.3333333333333333
551878561845500928,1.0
551884784264059904,0.25
552039889167745280,0.6
552090515530132608,0.5555555555555556
552552789203364672,1.0
552582745930207424,0.0
552734105479153408,0.5
552746923146902080,0.8928571428571429
552767775141921600,0.0
552771117250356160,0.8
552928150931029248,0.6666666666666666
553215710782018304,0.6470588235294118
553351459001990080,0.6666666666666666
553407289100072896,0.5
553452832995650496,0.5
553460428124610560,0.6
553472856761085824,0.3333333333333333
554001615373525440,0.5185185185185185
554037981115046912,0.9117647058823529
554058394241727296,0.7272727272727273
554141365034184320,0.6666666666666666
554149398369281920,0.4444444444444444
554162867322828736,0.38461538461538464
554872757965396864,0.8235294117647058
554935652693659712,0.6578947368421053
555086410167890240,0.6
555389456341659840,0.5909090909090909
555657870467712192,0.5
555685967610289408,0.625
555738527411194816,0.5454545454545454
555778411903099072,0.62
556105757210015296,0.37209302325581395
556207359862739712,0.0
556989300899918016,0.75
557061253390352576,0.6206896551724138
557125487863790784,0.20833333333333334
557148665458224768,1.0
557238356032350720,0.8571428571428571
557286237911029376,0.5
557877923878243456,0.5
557997870801230272,0.7777777777777778
558344957700666368,0.5833333333333334
558364047866500224,1.0
558500905814814464,0.75
559130325492908928,0.6666666666666666
559232990393756096,0.4074074074074074
559283734563855360,0.5517241379310345
559440915544076864,0.6129032258064516
559946473399993536,1.0
559946640677995136,0.42857142857142855
559967363538760896,1.0
560160926363211392,0.5
560601262920288704,1.0
560702791131471040,0.7096774193548387
561218278643722048,0.45454545454545453
561314758346250176,0.25
561953125189506944,0.16666666666666666
562199210567858368,1.0
562679284144784192,1.0
562725764955649664,0.5348837209302325
562725951848510464,0.37142857142857144
562764402910067072,0.625
562776586246512000,0.5
562795688724761728,0.4642857142857143
562820362514904320,0.5
562896052960028032,1.0
562902406998102464,1.0
563078078582228416,0.0
563460153759371456,0.5
563569578172476992,0.7441860465116279
563715583938484608,0.5714285714285714
564358876579407552,0.6666666666666666
564885140585684864,0.625
565066645458768832,0.6071428571428571
565822399907692864,0.17647058823529413
565881002376904064,0.6666666666666666
565893109396913216,0.43243243243243246
565908410786683520,0.0
565957508201559424,0.34615384615384615
566425254240417664,0.55
566477575331035968,0.0
566623578099251648,1.0
566642918242252096,0.2
566667497308563840,0.6666666666666666
566706084041147712,1.0
566712096797523648,0.5714285714285714
567141489382195968,0.7857142857142857
567202234546662848,0.7857142857142857
567241290351401856,0.8235294117647058
567284674506729024,0.6
567343548988951104,0.4
567791102847188608,0.625
567872237058306752,0.8181818181818182
568072849084424704,1.0
568189168116998208,0.9807692307692307
568529110115702016,0.6666666666666666
568727392757041600,0.5555555555555556
568779981706817600,0.8666666666666667
568850824429966592,0.4
569235758298849408,0.6
569302921937811904,0.717391304347826
569394003497926848,0.3333333333333333
569439966666473792,0.5
569582033506091648,0.2608695652173913
569634623182450176,0.375
569734972937798784,0.0
570001396172946816,0.3055555555555556
570031649109748800,0.6619718309859155
570169233789837888,0.42
571444333170701312,0.5813953488372093
571559505030816832,0.4642857142857143
571572908193345984,0.660377358490566
571604257270453568,1.0
571655888932846464,0.7446808510638298
571767669173947968,0.3
571784310326658368,0.5555555555555556
572272280169071040,0.5526315789473685
572347913695425536,0.48
572639171719989248,0.7906976744186046
572948290254820416,0.5
573037396474396160,0.8461538461538461
573074494690525696,0.4318181818181818
573157186934146816,0.5
573584093966691712,0.6896551724137931
573614558749998016,1.0
573639572636272960,1.0
573940540477566656,0.8787878787878788
574380053588576960,0.7241379310344828
574401198476727104,0.375
574406289849104768,0.8666666666666667
574440194565701248,0.3125
574478548641481280,0.84375
574480584126685120,0.8461538461538461
574515481716064960,0.5277777777777778
574537678324658880,0.5
574542101535432960,0.6
574579659127505984,0.4
574608056967140800,0.0
574705677559585792,0.6078431372549019
575029366424672384,0.68
575155571888265536,0.975
575233025095980864,0.8275862068965517
575234040573742016,0.5925925925925926
575424302433291264,0.4430379746835443
575826983630082240,0.5714285714285714
576041961178311680,0.3684210526315789
576061440304908416,0.8571428571428571
576497533096720128,0.6
576544394565756928,0.9310344827586207
576552026578281728,0.7692307692307693
576638290874835200,0.36363636363636365
576653276326345984,0.8695652173913043
576732565693454464,0.4659090909090909
576743985634779392,0.5465116279069767
576761580748200448,0.0
577229253270224768,0.8888888888888888
577377870857852928,0.0
577449348213273088,0.0
577492554401142784,0.7391304347826086
577921320433408384,0.3888888888888889
577945747987630976,0.6666666666666666
577975277273499520,0.5
577975700799875072,0.7916666666666666
578034618253011456,0.65625
578086513694721280,0.8627450980392157
578139197457034624,0.5652173913043478
578146362287402240,1.0
578177117182356992,0.3333333333333333
578226257917133440,1.0
578241972603636608,0.9545454545454546
578703209352809728,1.0
578730265788749696,0.5769230769230769
578795548354804352,0.7631578947368421
578869787219891968,0.5789473684210527
579352758842554752,0.45161290322580644
579387839965686784,0.5
579462561324807936,0.45454545454545453
579500680179134720,0.8253968253968254
579514496280619136,0.8333333333333334
579621999651322752,0.3333333333333333
579636949960261376,0.47368421052631576
580086343739404032,0.7804878048780488
580131535000338048,0.6
580181585871321216,0.8571428571428571
580281978979514496,0.8181818181818182
580495210997350656,0.6
580763028189399040,0.4838709677419355
580909839945196160,0.8695652173913043
581001696970604416,0.9491525423728814
581060656219493888,0.0
581491086951479552,0.5555555555555556
581759775469463552,0.36363636363636365
581803050501654912,0.5
582247958886037248,0.45
582294629209457152,0.6585365853658537
582337392160748544,0.3409090909090909
582398721821417088,0.4634146341463415
582427188926894720,0.5277777777777778
582441482864657024,0.38461538461538464
582464761323132160,1.0
582554017768562560,0.7222222222222222
582636228012211584,0.6190476190476191
583006608378770432,0.4888888888888889
583022099380772224,0.875
583053901629378560,0.8641975308641975
583186165078641152,0.36363636363636365
583707013924831360,0.5862068965517241
583721648651714432,0.64
583749176572555008,0.5
583871631651655808,0.38
583878924931050624,0.6
583886220095373952,0.2894736842105263
583923906457009280,0.3023255813953488
584001438532206976,0.7647058823529411
584101541297891200,0.5
584473300528558720,0.0
584606707719999104,0.5
584625012748179968,0.6428571428571429
584633493410807040,0.5
584641379035304064,0.0
584687426969970176,0.6792452830188679
584694021185456896,0.6
584723807398073600,0.5625
585136679315438592,0.8333333333333334
585256275750812032,0.8
585307863122023424,1.0
585371071269993216,0.7222222222222222
585376602087553280,0.72
585392968492531584,0.5
585410985029143808,0.6097560975609756
585436479085946752,0.6666666666666666
585547189607323008,0.8571428571428571
586091100053347968,0.8461538461538461
586293789886459008,0.6
586652165585838592,0.7105263157894737
586796710782843648,0.6206896551724138
586837898092693632,0.6
586953396936365184,0.576271186440678
587039190593361792,1.0
587289561672308224,1.0
587358949434153984,0.5
587367368356657152,0.9230769230769231
587380859395127296,1.0
587394177427265280,1.0
587403690838610688,0.6666666666666666
587476665621462144,1.0
587482510579131904,0.8333333333333334
587570210412292096,0.2571428571428571
587633983594796416,0.5
588035196811311488,0.0
588056656243984128,0.7446808510638298
588074667170881280,0.8846153846153846
588104361049933696,0.6290322580645161
588180229625563008,0.7
588274777593268480,0.0
588275792531457536,0.64
588285264358266624,0.375
588293313860662400,0.25
588428556260695424,0.75
588839272744087040,0.75
588980083862482816,0.4
589076288457574784,0.6666666666666666
589144845938539392,0.5294117647058824
589560037343847040,0.4666666666666667
589565707118469760,0.4782608695652174
589742442028271744,0.64
589746256539169152,0.75
589924502472561152,0.7058823529411765
590230924987336192,0.4782608695652174
590232850867417216,0.7142857142857143
590247552221507200,1.0
590254788627321216,1.0
590329477483915904,0.0
590408775429572224,0.4528301886792453
591817363590517248,0.6857142857142857
591960875393820416,0.8571428571428571
592059605368113536,0.5370370370370371
592428101475072384,0.18181818181818182
592438254552447872,1.0
592451488384551808,0.9130434782608695
592570457606487808,0.7894736842105263
592622995555210880,0.625
592803795412276864,0.6
593195175795154944,0.5
593247974421753600,0.9433962264150944
593418146739531264,0.7428571428571429
593480985144387328,0.5245901639344263
593489613009597440,0.6666666666666666
593816224297750016,0.6153846153846154
593838952575024256,1.0
593891702276006272,0.5
593891915124266752,0.8245614035087719
593955217612393216,0.8571428571428571
593992093962826496,0.9615384615384616
594108854920319104,0.46
594159522709771264,0.23333333333333334
594285415900056320,0.4375
594657746579064192,1.0
594730128134827136,0.5555555555555556
594797614496457472,0.6363636363636364
594827307238911616,0.42857142857142855
595007253497195136,0.8804347826086957
595243204692188032,0.5294117647058824
595341890986611072,0.3269230769230769
595460333904112512,0.6
595489980274563712,0.5
595502337162404864,0.7954545454545454
595507749891290752,0.625
595516014067115648,0.9210526315789473
595525566285223296,0.5714285714285714
595538849662689408,0.6666666666666666
595629535141526656,0.6
596067496222590464,0.5454545454545454
596257325184163200,0.6
596407490396801280,0.8888888888888888
596721633562391296,0.8125
596943084220805504,1.0
597011384142105344,0.7708333333333334
597514989872325632,0.75
597628349453826688,0.40540540540540543
597649488180716672,0.2727272727272727
597664324882027392,0.5151515151515151
597670205883790080,0.8780487804878049
597752439712066816,0.75
597761613246930944,0.46296296296296297
597796160028097792,1.0
598212866801584384,0.4444444444444444
598214679501477248,0.0
598236714694285184,0.7878787878787878
598302631227844608,0.3333333333333333
598321931974501632,0.5666666666666667
598324011539712768,0.5714285714285714
598326131313575680,0.5
598376146236695424,0.32
598484069676864640,0.5
598935430188717824,0.5625
598964762712414208,0.6
598984420804354304,0.8333333333333334
599208352491175552,0.5217391304347826
599621789461366912,0.875
599635724232583296,0.5238095238095238
599687749153468800,0.6956521739130435
599714609020730880,1.0
599802147327060096,0.96
599865965077078400,0.5625
599883284070991104,0.7931034482758621
600376885114511488,0.5454545454545454
600469506463382656,0.25
600471619200705152,0.5
601146431684060928,0.9032258064516129
601148864417953280,0.9285714285714286
601195852419408896,1.0
601690386821443968,0.9583333333333334
601895472829232640,0.7441860465116279
601997452938628608,0.5
602089421846421248,0.55
602123064347127296,0.8571428571428571
602123151327706880,0.875
602158825090376576,0.5
602489771443051520,0.7755102040816326
602636458398025088,0.5
602637116289719808,0.3157894736842105
602712619093307392,0.4444444444444444
602712775606941568,0.25
603281347876766208,0.6486486486486487
603386879194261888,0.6176470588235294
603405676168180992,0.75
603450245874451840,0.25
603519460372169856,0.8
603973320002634880,0.625
604107688817338496,0.7333333333333333
604130211123221760,0.3333333333333333
604181134813939584,0.5333333333333333
604188712860603136,0.2857142857142857
604193433141845632,0.375
604210047590210304,0.3333333333333333
604272037662557440,1.0
604813171578471808,0.64
604915670831100416,0.6373626373626373
605006606814509184,0.21875
605087145098023040,0.3611111111111111
605480090665411200,0.7142857142857143
605497744998506368,0.15384615384615385
605515418428219264,0.36363636363636365
605530499622415872,0.0
605585858810048384,0.2692307692307692
605603529018745344,0.25
605603677967255680,0.0
605609765102639360,0.2
605618704141401728,0.2
605625218094482304,0.4
605644950896092544,0.4444444444444444
605663790885401472,0.5
605696210005282560,0.6666666666666666
605792633269761920,0.47619047619047616
605847808324594304,0.34615384615384615
606556865543841664,0.7352941176470589
606564995462221696,0.0
606580042146669056,0.0
606935943539509376,0.2
607031095351651712,1.0
607091956294612224,0.6666666666666666
607107911255255680,0.4318181818181818
607137610033735168,0.40625
607157550786444032,0.6
607253975511785216,0.5333333333333333
607548121132029568,1.0
607596521264044928,0.42105263157894735
607674258805074432,0.7777777777777778
607713026767049088,0.2222222222222222
607788225172726656,0.5882352941176471
607909934512692480,1.0
607936969244151296,0.3333333333333333
608270198513553664,0.6
608380405567412864,1.0
608474164304798720,1.0
608499986071124608,0.34375
608503959272430208,0.9090909090909091
608570482227937152,0.5
608572210665481216,0.5789473684210527
608584182513924352,0.6666666666666666
609043485390073984,0.4
609076437890050048,0.25
609082482436250752,0.4444444444444444
609132907258362240,0.48333333333333334
609148576802424064,0.8333333333333334
609212604999342976,0.6097560975609756
609214502375861120,0.8607594936708861
609481634138812160,0.3142857142857143
609837656087296640,0.4
609866723021120512,0.42857142857142855
609869900012749824,0.6
609998876816641792,0.6470588235294118
610025602132720256,0.6666666666666666
610059416424180608,0.6904761904761905
610079216697132288,0.8620689655172413
610133161232352384,0.5454545454545454
610446726662917888,0.4406779661016949
610461512621271424,0.5833333333333334
610466374083112832,0.4861111111111111
610588174217490944,0.375
610862279643539968,0.5
611561036018257408,0.3559322033898305
611581519278373120,0.5
611652619313429632,0.5263157894736842
612162778688833664,0.6666666666666666
612228020447522304,0.8333333333333334
612355194542729728,0.3333333333333333
612696727361133440,0.21428571428571427
612780919439425280,0.0
613068044038662016,0.5517241379310345
613372092365779968,0.2222222222222222
613425573602674688,0.0
613457297114796544,1.0
613463072770173952,0.7346938775510204
613496894092214528,0.36363636363636365
613604835997409536,0.8571428571428571
613695470760978176,0.0
613807752133011712,1.0
613847613248508544,0.25
614112830109549056,0.37362637362637363
614166359256907136,0.47368421052631576
614221093438080384,0.8214285714285714
614747334319516416,0.75
614827407120534144,0.7083333333333334
615496635051765120,0.38
615524403214187008,0.3611111111111111
615550541727791232,0.4473684210526316
615704883495926272,0.4444444444444444
615775515327535232,0.5581395348837209
615798402372245888,0.5882352941176471
615804108421301760,0.6875
615841346506328064,0.3333333333333333
616320998442192640,1.0
616510958858465536,0.8888888888888888
616530818843477376,1.0
616650887264766336,0.8888888888888888
616914217081915392,0.6666666666666666
617067126974975488,0.5
617225040396834560,0.3333333333333333
617411171575855744,0.6
617762996348912000,0.7241379310344828
617766348504898688,0.8333333333333334
617847701161371136,0.7272727272727273
617891651875382656,0.42857142857142855
618101176622544000,1.0
618484857456074240,1.0
618622696628726144,0.0
618623457201536384,0.3283582089552239
618663193026336384,0.6551724137931034
618711112630171008,0.926829268292683
618774269226700032,0.90625
619125701259506304,0.7105263157894737
619456628948922368,1.0
619458674095810432,0.5789473684210527
619999077567415168,0.4489795918367347
620080250407078272,0.25
620084654812569600,0.8
620106278613524352,0.5
620110113333721472,0.0
620116634568700160,0.0
620127116497872384,0.5
620226823054039168,0.5686274509803921
620238943052229504,0.7
620254595400631680,0.5
620733514728037888,0.4626865671641791
620812203366059264,0.6290322580645161
620884605732492544,0.6551724137931034
620946954143851904,0.7692307692307693
621344925965659392,0.6111111111111112
621474635454932352,0.5675675675675675
621484378336491648,0.55
621487851196057216,0.0
621684423692558848,1.0
622408370407836928,0.0
622423588415456768,0.5833333333333334
622492629240048000,0.5909090909090909
622500703137062016,0.6
622517641403957632,0.7368421052631579
622852842274225152,0.5576923076923077
622911679999269632,1.0
622957634283897600,1.0
622963894067659264,1.0
622983579989031936,0.92
623105092888137728,0.4782608695652174
623492044811751680,0.84375
623555274913979264,0.34782608695652173
623734248804629504,0.7
623750656992698624,0.41304347826086957
623764839349178752,0.6060606060606061
623804646433291520,0.6
623868297404097536,0.7777777777777778
623933954972540032,0.2926829268292683
624415505093260032,0.0
624438091215077888,0.8695652173913043
624438957449297536,0.8181818181818182
624448016894319360,0.5384615384615384
624705029793006848,0.5774647887323944
625207172602226560,0.3269230769230769
625389194867101440,0.5789473684210527
625740176209481856,1.0
625808471914260864,1.0
625812128575859584,0.7142857142857143
625858108017001344,0.5
625910060665695744,0.8636363636363636
625962086129609984,0.5555555555555556
626107329407676672,1.0
626338089426786176,1.0
626431906119970560,0.3870967741935484
626476722944696576,0.6111111111111112
626505688140973696,0.0
626510118516427648,0.6666666666666666
626565536413420800,0.48
626629481544923520,0.0
626654440773485440,0.3157894736842105
626706418162660992,0.9074074074074074
627451684409787264,0.25
627913133966267008,0.39285714285714285
628059072775425792,0.6363636363636364
628087817536584192,0.8181818181818182
628091113221761280,0.5454545454545454
628092714253363328,0.3333333333333333
628329619334455552,0.5789473684210527
628397220074624000,0.0
628621175575685504,0.3076923076923077
628660058763241088,0.5925925925925926
628770894683084544,0.0
628787536684337024,0.0
628876556406938496,0.4166666666666667
629307184802523008,0.3888888888888889
629321966138585600,0.3684210526315789
629403036492983552,0.7945205479452054
629411464507066368,0.9230769230769231
629422883899096704,0.9473684210526315
629477418356003584,0.38461538461538464
629560917815357440,0.4
629566902663911296,1.0
629600755852633728,1.0
630235968560140416,0.5135135135135135
630304360110006400,1.0
630358494352572544,0.3333333333333333
630480782633871616,1.0
630483184100196224,0.4583333333333333
630528417664642048,0.24324324324324326
630758535463877248,0.0
630804382104314368,0.5
630835311558272000,0.7804878048780488
630855289038263552,0.3157894736842105
630959138836654464,0.7272727272727273
630998316994690688,0.6949152542372882
631053946538380544,0.75
631147993644528384,0.8333333333333334
631773889563594112,0.3076923076923077
631923255542945920,0.41379310344827586
632344954310270720,0.7647058823529411
632359884227705344,0.8448275862068966
632405777477186816,0.75
632530255258851968,0.5918367346938775
632951586221317376,0.6
633001831678279296,0.25
633010015119245696,1.0
633054424320239360,0.5
633145968414893952,0.7297297297297297
633195038715810944,0.4153846153846154
633231305042063616,0.6666666666666666
633253114045575808,0.8103448275862069
633266456356206208,1.0
633345705529408256,0.6666666666666666
633345945326273920,0.4230769230769231
633357893478835968,0.8518518518518519
633820743255762176,0.46875
633847630111828096,0.76
633882972623325184,0.5483870967741935
633903300963263616,0.5128205128205128
634445963154189440,0.9090909090909091
634454797818226816,1.0
634527276096470272,0.4
634614903446264192,0.5
634634828084881152,0.6190476190476191
634776839684124032,0.7931034482758621
635128407198409216,0.25
635186184575361408,0.4166666666666667
635447991335059072,0.64
635830208080324480,0.0
635919590727802496,0.578125
635943522208746496,0.3076923076923077
635974229955270528,0.7692307692307693
636671954458956416,0.75
636768354287372544,1.0
636847601129347456,0.65
636847667718456576,0.5
636888631817705600,1.0
637390810496533888,0.0
637563050235179392,0.5
637598640192457088,0.8571428571428571
637695125275707392,0.6363636363636364
638106086159583360,0.2727272727272727
638120101467656832,0.0
638185390012284672,0.75
638205768813506048,0.6666666666666666
638252873298856064,0.42857142857142855
638261582429065344,0.45161290322580644
638261750677149824,0.5517241379310345
638835249375611648,0.2
638841339625115392,0.0
638882663441706496,0.6829268292682927
639034670585840768,0.71875
639155224106673536,0.55
639194397454728064,0.0
639456752128222336,0.4
639457765036114432,0.43103448275862066
639597153799781888,0.75
639676814715022720,0.35714285714285715
639719327036313984,0.5
639723325261655680,0.6666666666666666
639736947897816704,0.14285714285714285
639747600186791808,0.8055555555555556
640106575136815744,0.3333333333333333
640415418094339456,0.65625
640464455033093888,0.6666666666666666
640545776395640832,0.8
640578328823564928,0.0
640808787344067840,0.5
640993116090261632,0.16666666666666666
641046041474371584,0.55
641079755434562176,0.38095238095238093
641097962191112832,0.5897435897435898
641223578370080512,0.39285714285714285
641317288101978880,0.7272727272727273
641707097660069504,0.9166666666666666
641729224985744768,1.0
641777765562052864,1.0
642405666881078528,0.46153846153846156
642511543476999296,0.6
642512017902854784,0.4268292682926829
642541060517708928,0.5833333333333334
642543554675028096,0.7843137254901961
642578262874703616,0.3548387096774194
642731755387705984,0.6666666666666666
642838019905863424,0.75
643075736340459008,0.7837837837837838
643135474565250688,0.7272727272727273
643139204660284928,0.0
643139357301740416,0.5
643180849225277696,0.8
643314191465078016,1.0
643329992058177024,1.0
643331670913329664,0.5
643333824360579200,0.75
643429909710290688,0.5
643832002378009088,0.6363636363636364
643918869382853760,1.0
643993827083451392,0.8947368421052632
643993886303209984,0.5
643994276423164288,0.3888888888888889
644000486305193600,0.28125
644015604508505216,1.0
644100951800904320,0.4
644636712377262336,0.8
644686880446835072,0.38095238095238093
644961254374000256,0.9076923076923077
645194729944733184,0.8947368421052632
645220743185547264,0.6
645288569455440768,0.625
645288630271766016,0.5714285714285714
645529811502002432,0.9166666666666666
645569106461519360,0.38461538461538464
645578165941768064,0.4576271186440678
645585926031777792,0.65625
646050549972129408,0.625
646053267610071040,0.2857142857142857
646066110971714816,0.5714285714285714
646237831272357120,0.3488372093023256
646272382163496576,0.9512195121951219
646356179923343360,0.5483870967741935
646479579216496896,0.8260869565217391
646681144653502592,0.8571428571428571
646722387500238336,0.9375
646836489386439424,0.7611940298507462
647247561466550400,0.3684210526315789
647501161689895808,0.4375
647590853543651712,0.6
647635892153681536,0.75
647725724998829312,0.6666666666666666
647746709132798080,0.625
647761947851825408,0.6
647841668853193088,0.703125
647867826569802112,1.0
648166054197860736,0.5238095238095238
648191422048831744,0.4772727272727273
648234042512763008,0.8181818181818182
648305071187224960,0.8108108108108109
648386313074619520,0.6904761904761905
648395903858483584,1.0
648446337467968384,0.7169811320754716
648520793804777344,0.0
648541787550369408,0.7894736842105263
648575886683831680,0.6896551724137931
648788984911770880,1.0
649076581268045312,0.7368421052631579
649086930214975360,0.45454545454545453
649099546851850496,0.42857142857142855
649115972823430400,0.7027027027027027
649119537577603072,0.0
649143767731795840,0.0
649709493145252352,0.6842105263157895
649804014504990848,0.6285714285714286
649814357629944064,0.6060606060606061
649983140287506048,0.0
650029397620783488,0.7666666666666667
650306508113145600,0.375
650365675823963520,0.0
650426784559780224,0.5
650439256960786432,1.0
650526684682381440,0.6285714285714286
651068924552458752,0.4
651250232958124928,0.5555555555555556
651324870344589312,0.5441176470588235
651348486047544832,0.125
651474551397927040,0.5
651849113105955456,0.84375
651923355843320192,0.68
652022706589673984,0.4666666666666667
652036870216771200,0.6891891891891891
652222202650316544,1.0
652699342914935040,0.3333333333333333
652706097577310080,0.46875
652915176364449408,0.45454545454545453
653268944102159488,0.5806451612903226
653279723856074752,0.5333333333333333
653293283513002752,0.7272727272727273
653295083527733504,0.0
653328972383847296,0.16666666666666666
653345596365794176,0.4666666666666667
653373503817519872,0.5625
653406216034589952,0.7857142857142857
653435233966364032,0.0
653476999435326464,0.5357142857142857
653490219725764864,0.3333333333333333
653569600231979648,0.8125
653610070705754752,0.4883720930232558
653641523147533312,0.5348837209302325
653976158669261184,0.42857142857142855
654012143892870016,0.5609756097560976
654019256572067200,0.5344827586206896
654055117251916928,0.6346153846153846
654121005149292672,0.4
654146203509963008,0.25
654166511130879360,0.2727272727272727
654170364080071424,0.5135135135135135
654231541317181312,1.0
654247785693164672,0.625
654320238979315968,0.3877551020408163
654354953566889344,0.375
654435838351959808,0.3333333333333333
654656634962131968,0.42857142857142855
654701971786415104,0.5357142857142857
654723663402057600,0.0
654753362362729856,0.6
654785893048212096,0.6875
654806344582683136,0.8636363636363636
654848604790312192,0.5217391304347826
654963317320927104,0.7619047619047619
654977553330149888,0.42105263157894735
654992914475657472,0.7083333333333334
654994090493957888,0.41379310344827586
654996326637849216,0.4262295081967213
655513030558528512,0.6
655533435117852928,1.0
655546232875197952,0.45
655548916232050560,0.0
655554667910436864,0.0
655560509078573056,0.0
655587252084489344,0.3333333333333333
655619914928593920,0.5294117647058824
655866054410358784,1.0
655922978197727232,0.5813953488372093
656086890874697216,0.5142857142857142
656190696263598464,0.14285714285714285
656196468067329920,0.5
656220549314419456,0.45454545454545453
656238206087514112,0.35294117647058826
656303774251597568,1.0
656304937089291520,0.6388888888888888
656585924927335808,0.5454545454545454
657062393546995200,0.64
657075652359454336,0.4444444444444444
657088782326657536,0.0
657114527114299264,0.9130434782608695
657131469631927168,0.5434782608695652
657168236271266816,0.925
657234698664429824,0.7
657571057650029824,0.2857142857142857
657574031761250560,0.5
657578438596355200,0.9090909090909091
657739430639900672,0.8378378378378378
657804854446348032,0.6923076923076923
657817775873488640,0.8205128205128205
657847724191725440,0.35714285714285715
657965299527396736,0.5
658468471880135424,0.8823529411764706
658570477812652160,0.39759036144578314
658601768281824256,1.0
658615074971250432,0.25
658709445345422592,0.5428571428571428
659014163943776512,0.45454545454545453
659030883163280640,0.4318181818181818
659062104410403072,0.5
659075107348022144,0.36363636363636365
659157901461602432,0.5384615384615384
659211595752584832,0.8823529411764706
659219522892888576,1.0
659287741620313088,1.0
659960899813497856,1.0
659981612325774592,0.6875
659990846591409280,0.5454545454545454
660044494429381760,1.0
660083725775559040,1.0
660111753983574400,0.5
660536480627455232,0.3333333333333333
660565910504364800,0.71875
660575103946270336,0.7450980392156863
660576715915235456,0.5
660628839087367680,0.62
660649749703841920,0.74
660748799612759936,0.0
660902262817855232,0.6578947368421053
660929470182059264,0.7272727272727273
660934132927826304,0.6190476190476191
660948966188510848,0.5789473684210527
660986970380379904,0.5
661279071899736064,0.2857142857142857
661282417853923840,0.5
661285053878612096,0.9111111111111111
661306340229526144,0.6666666666666666
661320074943455616,0.2692307692307692
661392253668339584,0.5
661466256960093184,0.0
661473588413098112,0.0
661518133256270336,0.6842105263157895
662029747809735296,0.5714285714285714
662077392552779904,0.28
662131054495245952,0.6896551724137931
662166194909875968,0.8947368421052632
662174201259963008,0.4444444444444444
662245172965008000,1.0
662455124136721152,1.0
662675528373544192,0.6086956521739131
662679790466594816,0.6666666666666666
662767121896838912,0.3333333333333333
662886994231952512,1.0
662935798395249792,0.8481012658227848
662936103127700352,0.8787878787878788
663005981108749824,0.2857142857142857
663548310302704768,0.0
663604707854290048,0.36363636363636365
663622845266085376,0.4827586206896552
663715312515071616,1.0
664054710045146752,0.9210526315789473
664205554265759104,0.2857142857142857
664349509827226112,0.37037037037037035
664356412873836288,0.0
664483742906490880,0.6571428571428571
664817260970129536,0.8333333333333334
664888789035335936,0.2857142857142857
664899369877471488,0.6428571428571429
665000651651498240,0.6666666666666666
665010547257009280,0.6666666666666666
665083367585244160,0.6842105263157895
665149975530084480,1.0
665157047527734400,0.75
665640088796790912,0.6440677966101694
665710048791410560,0.8333333333333334
665756323156606848,0.5714285714285714
665756888299751552,1.0
665757358768212352,0.5365853658536586
665757423694186496,1.0
665758500396592512,0.6666666666666666
665797864755953792,1.0
665836311693606016,0.4
665887073625144064,0.4864864864864865
665975740414690304,0.6666666666666666
666120741854790656,0.5
666396868499374080,0.7222222222222222
666447189854438144,0.3333333333333333
666462575544502528,0.6666666666666666
667013190218543104,0.7307692307692307
667222331854121088,0.6666666666666666
667303913003951232,0.8222222222222222
667360954653258112,0.7377049180327869
668043341780613888,0.5
668121818226330880,0.6333333333333333
668246478630688128,0.782608695652174
668552680938938368,0.7027027027027027
668634222751306240,0.8
668663047783226624,0.16666666666666666
668721255460610816,0.8
668728700230195072,0.38235294117647056
669205170379193472,0.8
669321419470267008,0.7058823529411765
669364887601844736,0.8461538461538461
669444855867303552,0.2222222222222222
669501562791301632,1.0
669501638888916736,0.32
669631128356272128,0.972972972972973
669721953377081984,0.25
669947968510490112,0.7777777777777778
670003099658048896,0.5833333333333334
670012152288848512,0.25
670021688392806400,0.5238095238095238
670065998001633792,1.0
670081899530103808,0.8611111111111112
670127091654254464,0.7058823529411765
670181611568220032,0.6842105263157895
670268655025950976,0.3333333333333333
670319247273713152,0.3333333333333333
670626816576636672,0.66
670733546903873536,0.0
670827209917902080,0.9302325581395349
670836961352081152,0.75
670928005329088768,0.7619047619047619
671129012804917888,0.5862068965517241
671400760415388288,1.0
671573741195382912,0.7
671583097605254144,0.8723404255319149
671592097805361792,0.75
671602030815921792,0.375
672891167807001600,0.9047619047619048
672971708050073984,0.6666666666666666
672992581469885184,0.25
673150980335415424,0.25
673179231084214784,0.8571428571428571
673569251773436288,0.0
673653733547469312,0.25
673716827735411456,0.35
673776448621703552,0.8947368421052632
674344055237195264,0.3333333333333333
674344126160470016,0.0
674344200259980544,0.3125
674458583745815168,0.5
674540211222102656,0.6
675042679006446336,0.34615384615384615
675087573948747904,0.7166666666666667
675205362605886720,0.7837837837837838
675244421376420992,0.0
675330373998315008,0.25
675419101344862720,0.4857142857142857
675745862035655296,0.3488372093023256
675780839433990912,0.0
675794536484541312,0.8181818181818182
675924251570461696,1.0
675964572155232256,0.6904761904761905
675997361966948352,0.5833333333333334
676435543115176448,1.0
676505011490609536,0.391304347826087
676518260378418944,0.5
676558171704206080,0.74
676559238454269440,0.3333333333333333
676587405634135296,1.0
676587436325949056,0.3888888888888889
676650061567257856,1.0
676887853040373888,0.7391304347826086
677313879528244352,0.72
677353470129092736,0.5789473684210527
677392043927916032,0.75
677420104654241152,0.75
677521747042804352,0.5263157894736842
677666437014218112,0.3333333333333333
677673439851443200,0.4
677681643774532608,0.7209302325581395
677975485043488640,0.9166666666666666
678056286720654848,0.7321428571428571
678143466078278784,0.8695652173913043
678174316580723072,0.5
678177145655135104,0.8
678202217563174656,0.8181818181818182
678662566819722112,0.7647058823529411
678802974570390784,0.75
678803109318186496,1.0
678860835904780160,0.7272727272727273
678902687344806400,0.5
678981981511893248,0.3442622950819672
678982103201187584,0.49019607843137253
679306547258364672,0.7333333333333333
679333915251684608,0.6
679373507561602304,0.25
679434178924354176,1.0
679486687507057664,1.0
679592150214264448,0.8
679602630019584256,0.7777777777777778
680136846422003072,0.5689655172413793
680229019790371200,0.7272727272727273
680286836240624512,0.3333333333333333
680383445682372224,0.3333333333333333
680510382058830208,0.75
680818143729167360,0.6666666666666666
680849692091793024,1.0
680902473402393216,0.9846153846153847
681041366184896640,0.5471698113207547
681098916567589504,0.6666666666666666
681181081736238592,0.5357142857142857
681213393795669632,0.3888888888888889
681344626801403776,0.6
681571684255961216,0.6666666666666666
681691659791317504,0.0
681738673128984064,0.3695652173913043
681742867583979392,0.4117647058823529
681782393484794240,0.75
681814708687379712,0.4791666666666667
682298332923727360,0.0
682455263687032192,1.0
682648638764524928,0.0
682765819846968320,0.38461538461538464
682986653635649664,0.9285714285714286
683183244413755264,0.5263157894736842
683189983810692864,1.0
683253927177669248,0.6666666666666666
683785960719079680,0.625
683895616661480576,0.0
683899340507942784,1.0
683972428609594496,0.5833333333333334
684081043543974400,0.4666666666666667
684531490803226240,0.6
684537739191507968,0.9384615384615385
684558665593342208,0.8235294117647058
684570602147809280,0.6666666666666666
684588359330278016,0.8888888888888888
684604127982614272,1.0
684604203258204800,1.0
684623811172329472,0.5517241379310345
684704838605429376,1.0
684705214549942912,0.42857142857142855
684707336530287872,0.8235294117647058
684739931663229952,0.4864864864864865
685139920416928640,0.8
685162146733406976,0.6341463414634146
685187655318217856,0.6470588235294118
685242279414854400,0.5
685522166574340992,0.0
685967139667797888,0.5483870967741935
686024349777942272,0.7142857142857143
686044282789673856,0.4
686047429089436928,0.6666666666666666
686079956170549120,0.9444444444444444
686643501849141120,1.0
686733925306699648,0.41935483870967744
686741151070126208,0.45454545454545453
686923619907949184,0.17647058823529413
686945818855724160,0.5555555555555556
687354821541685888,1.0
687412860338305024,0.48623853211009177
687421985153633792,0.9333333333333333
687441166617153792,0.4868421052631579
687447081628023680,0.4722222222222222
687478014673314304,0.8333333333333334
687489812723563520,0.75
688044920746418176,0.5
688124075361083520,1.0
688251295040284800,1.0
688860280964949376,0.42105263157894735
688886837828641792,0.703125
688924601269814912,0.13636363636363635
688984277320195456,0.0
689051465821861248,0.6
689484975224139392,0.7692307692307693
689535190672068224,0.6046511627906976
689568354879295616,0.4666666666666667
689731394930328192,0.0
689760049396981120,0.1
689822572724975488,0.3170731707317073
690094631431468800,0.9166666666666666
690275903973526016,0.625
690415931508557952,0.7
690500694711447680,0.6956521739130435
690504913564419200,0.4791666666666667
690659022221894784,0.5217391304347826
690942023151801984,0.5185185185185185
690951163872941184,0.4166666666666667
691100812031578880,1.0
691404494537675392,0.5263157894736842
691421240032084480,0.7241379310344828
691605559574067584,0.84375
691806216611812096,0.8571428571428571
691915180988448000,0.42857142857142855
692036411152509952,0.26666666666666666
692663135953493120,0.8636363636363636
692680579387040640,0.43478260869565216
692777110698318592,0.7142857142857143
693269692470409600,0.4
693270515599634304,0.7142857142857143
693298653881875328,0.5
693301103983578624,0.6666666666666666
693337838956211840,0.59375
693860218822783104,0.6097560975609756
693921342934220288,0.3333333333333333
693943201778758528,0.5714285714285714
694032913854393216,0.5161290322580645
694084062651010304,0.75
694167088105878016,0.7586206896551724
694546005796717568,1.0
694650598535490432,0.75
694770752422400384,0.45454545454545453
694795975256073216,0.5617977528089888
694856501984339328,0.75
695445687776420864,0.9545454545454546
695461837000009088,1.0
695544429818117504,0.5294117647058824
695616749392357632,0.7755102040816326
695628072766181504,0.6590909090909091
696041205836599936,0.7272727272727273
696183659509622656,0.5454545454545454
696204228258342528,0.6666666666666666
696308681348315904,0.6666666666666666
696727373844080896,0.5555555555555556
696749147397713152,0.0
696761129285382144,1.0
696905177244778112,0.4358974358974359
697497234204489088,0.5
697645482827290880,0.4
697715973494259200,0.3181818181818182
697717790200579456,0.4583333333333333
697738429774206464,0.5625
697826526713504128,0.625
698392565077833472,0.0
698609959082916736,0.2857142857142857
698657426690220032,1.0
698941407958035072,0.8043478260869565
699082624862466944,0.4
699144472552378112,0.6666666666666666
699261691723449088,0.75
699356848064071808,0.5
699608948708081920,0.5714285714285714
699683976435529856,1.0
699713408100840320,0.6326530612244898
699869172715094400,0.75
699959951622124288,0.5555555555555556
700026474616344832,0.5294117647058824
700320889010039424,0.5882352941176471
700325003842027008,0.4
700396343029541760,0.5454545454545454
700486967960307072,0.47297297297297297
700491454680787968,0.5
700501392690381824,0.6226415094339622
700570044571769472,0.42857142857142855
700673056671769088,0.6774193548387096
701000961738236032,0.0
701170470414050048,1.0
701346106070491392,0.5476190476190477
701776831399837696,0.5
701901598970565632,0.7413793103448276
701947188433009920,0.35714285714285715
702036087534364288,0.36363636363636365
702096100413003392,0.5277777777777778
702134055076174464,0.5
702748971386187136,0.7692307692307693
702761123001418624,0.7368421052631579
703411833873018112,0.3333333333333333
703566006523612160,0.3939393939393939
703633496965449728,0.0
704174061790761472,0.6111111111111112
704175957248160256,0.6875
704189401783428224,0.75
704190638098633600,0.8367346938775511
704193920987411456,0.8412698412698413
704216140250532864,0.8285714285714286
704249148266221440,0.5897435897435898
704367537803671552,1.0
704704039435414784,0.0
704777893409638400,0.3157894736842105
704806096221308288,0.45454545454545453
704806863314587392,0.0
704808968158443264,0.3333333333333333
704829730082828544,0.3333333333333333
704913701375239040,0.7037037037037037
704974318165417472,0.25
705080854554268800,0.8
705444563929795840,0.35135135135135137
705456496654096384,0.3333333333333333
705526089072409600,0.3
705531163420166912,0.4
705631866214726528,0.7096774193548387
705665001279488512,0.35714285714285715
705700528450054784,0.4
705860573760331520,0.0
706400613462900608,1.0
706484224831311488,0.4
706519218272784256,0.2631578947368421
707282707977876736,0.4
707286467348775424,0.2
707288379013076480,0.4
707290416322762112,0.5
707292162976939008,0.25
707292234304584576,0.42
707333298536262784,0.6
707595762072747520,0.625
707695116320353920,0.4782608695652174
708326307661441664,0.5714285714285714
708386277534551808,0.0
708561986580228608,0.6428571428571429
708569380000543744,0.5833333333333334
708610219013087616,0.42105263157894735
708618840367999104,0.631578947368421
709146868109847296,0.6
709265385048611840,0.8947368421052632
710026566651994368,0.0
710062171006632576,0.4583333333333333
710083256511985792,0.5555555555555556
710196666844949120,0.7391304347826086
710197087673791232,0.23076923076923078
710205508381081472,1.0
710249673612656640,0.8333333333333334
710454086405046784,0.7209302325581395
710586698980631424,0.4411764705882353
710636064537687168,0.5
710654028249721856,0.28888888888888886
710696534114088704,1.0
710697586873104128,0.7659574468085106
710712342482150272,0.6557377049180327
710721162412148096,0.25
710739404197193984,0.5526315789473685
710742583213353728,0.6666666666666666
710758833429743360,0.0
711405128175804672,0.8253968253968254
711492892224520960,0.5454545454545454
711493165297040128,0.3333333333333333
711536011308484480,0.7368421052631579
711971194689344384,0.7758620689655172
711992495375138176,0.4
712043409270152320,0.0
712168342211912832,0.5
712299771733809280,1.0
712352743028062464,0.6222222222222222
712711030119388160,0.5862068965517241
712854906046267904,0.6
713476896795097728,0.5
713555655769220224,0.7
714120288896517760,0.8888888888888888
714256690793683584,0.5
714325321061055744,0.7142857142857143
714385524561066240,0.35714285714285715
714441446839597696,0.7692307692307693
714923505370155904,0.775
714954259265734912,0.1
715024968426660608,0.84
715700188906434944,0.75
715737559699288704,0.52
715806030607250816,0.0
715822960762416768,0.0
715833190449016192,0.45454545454545453
715871223674503168,0.6
716302061864435712,0.6216216216216216
716346206877355648,0.6666666666666666
716435849430123904,0.9384615384615385
716473610055527296,0.5
716626675007121024,0.7692307692307693
717112051938609152,0.6153846153846154
717131033755134848,0.723404255319149
717140264299658112,0.6727272727272727
717148110577173632,0.8571428571428571
717298342721296000,0.5
717413475786874496,0.7692307692307693
717965410748074624,0.4594594594594595
718602813645589888,1.0
718751234365041536,0.5
719329271878853504,0.0
719391647936946560,0.5
719446337240192512,0.7446808510638298
719609769091147904,0.30434782608695654
719641762681166080,0.4
719953837279249280,0.7272727272727273
719965870940245504,0.3333333333333333
720011337178556416,0.6111111111111112
720013305776049280,0.25
720068165086093952,0.36363636363636365
720132202115244416,0.7142857142857143
720155516063873024,0.42857142857142855
720219445694002432,0.5
720324859992056832,1.0
720626759862530048,0.45
720635335377552896,0.2
720711921108144640,0.36363636363636365
720757634959384192,0.45454545454545453
720800989203692032,0.0
720801148927719808,0.6818181818181818
720846279614716672,1.0
720933846785554432,0.6923076923076923
720953458269611008,1.0
720961303748681600,0.36363636363636365
720967185992163840,0.5714285714285714
721374094752614272,0.25
721407611532735104,0.22857142857142856
721576442295116160,0.44
721584258422995712,0.7647058823529411
722064655590157952,0.55
722132829296471552,0.3333333333333333
722185233421684992,0.2857142857142857
722410247509861888,0.4807692307692308
722410575004330240,0.6363636363636364
722934376113208960,0.6666666666666666
722937523362745344,0.5714285714285714
722938280458951680,0.7796610169491526
722955180565583872,0.6875
723073235186948480,0.42857142857142855
723083587977545472,0.2
723134750996315776,0.7894736842105263
723527614278521472,0.7058823529411765
723664274410155776,0.8181818181818182
723734801568936320,0.5333333333333333
723745865871212288,0.5714285714285714
723752252062160768,1.0
723952606150216704,0.7272727272727273
724041120228089728,0.5833333333333334
724298373760592896,0.4666666666666667
724316113424712704,0.3090909090909091
724327788152825088,0.43333333333333335
724341249804992128,0.5
724344162318410368,0.6666666666666666
724363513605702016,0.14285714285714285
724423161492602624,0.8275862068965517
724467455843553024,0.3888888888888889
724548640412420352,0.4
724549032526367872,0.6296296296296297
724552769119680000,0.0
724554880953677184,0.45454545454545453
724561787998428672,0.7142857142857143
724562080532470272,0.0
724562356625440512,1.0
724680897864381056,0.8
724697859192545536,0.3333333333333333
725075316056346880,0.8135593220338984
725080805501476992,0.4
725196107265007360,1.0
725252081629640320,0.4
725327596541051008,0.75
725768890850560256,0.38461538461538464
725804595716180736,0.625
725817996213229952,0.7111111111111111
725997121876349184,0.9230769230769231
726456993596499456,0.5714285714285714
726484701555842048,0.6666666666666666
726501068158769664,1.0
726566738053863424,1.0
726805184180943104,0.0
727392950968612096,0.3333333333333333
727437190115664000,0.5714285714285714
727500610463892096,1.0
727551455746768896,0.6428571428571429
727887474793921664,0.6326530612244898
728149802640510848,0.7049180327868853
728207823171478016,0.3333333333333333
728256281321347840,0.75
728274371079437952,0.0
728630489896883712,0.0
728657443201937152,0.9833333333333333
728834917079468672,0.4
728884039468832896,0.0
728929261013684736,0.3333333333333333
728987716142395648,0.35714285714285715
728992926937356928,0.36363636363636365
728999864119784320,0.25
729026969511050368,0.5789473684210527
729072942754680320,1.0
729345863016599296,0.5
729354995341379200,0.6666666666666666
729362800348287616,0.53125
729606055389038592,0.43902439024390244
729660946190434176,0.38461538461538464
729768714301901824,0.7647058823529411
730123659259338240,1.0
730271694589295104,0.0
730280684189389440,0.4444444444444444
730306160400596992,0.5882352941176471
730327567733908224,0.65
730343986587245440,0.5555555555555556
730408569256008960,0.75
730469846406406272,0.3333333333333333
730866616544005504,0.6470588235294118
730890346853077632,0.45454545454545453
730920831506549376,0.5652173913043478
730999760381722752,0.8571428571428571
731022709663868160,0.65
731031555912825856,0.4
731046597212520448,0.875
731056978214566016,0.6666666666666666
731144540443127808,1.0
731630002623894016,0.9464285714285714
731713893611613056,0.45098039215686275
731767901364648192,1.0
731816262645023872,0.7142857142857143
731842310346245120,0.8285714285714286
731921867095734784,0.7741935483870968
732247102748448128,0.7314814814814815
732253287242463232,0.5
732263939834071680,0.6875
732297731606297600,0.26153846153846155
732300173107442944,0.3333333333333333
732319817912398976,0.65
732336135800709888,0.46153846153846156
732397068925863296,0.7857142857142857
732439816742629248,0.39473684210526316
732480875714414976,0.0
732546091720110080,0.0
732972715146173568,1.0
733000979408109696,1.0
733051490191090304,0.9298245614035088
733153686130875904,0.9166666666666666
733188447685331456,0.55
733194468119191808,0.8363636363636363
733226957248312704,0.6176470588235294
733239847450689920,0.16666666666666666
733663606839657856,0.5909090909090909
733712903217137792,0.6538461538461539
733744171989257088,1.0
733845463635959552,1.0
733900470397708544,0.6
734085480759919872,0.5319148936170213
734423918152133120,0.6875
734518908403559168,0.5227272727272727
734594896719228928,0.21428571428571427
734604680982308480,0.631578947368421
734704263007498880,1.0
734808463373630848,0.5106382978723404
734809041644028288,0.0
735138888912661504,0.6875
735198342265456896,0.0
735239267413127552,0.0
735292946030528384,0.3157894736842105
735302574906378496,0.0
735312028741863424,0.4222222222222222
735312667446236032,0.5
735397646531170944,0.5
735405361452706560,0.6363636363636364
735521126834568832,1.0
735544514695959936,0.4
735709020569370368,0.9
735887257879331200,0.8
735902515367505152,0.625
736090011018233856,0.7857142857142857
736129424461334656,0.5862068965517241
736490053237540480,0.855072463768116
736554288796487808,0.8333333333333334
736644642537357184,0.4857142857142857
736770979097280000,0.0
736813049405226880,0.8695652173913043
736995172769367168,0.5714285714285714
737372945825734656,0.9090909090909091
737461324977306752,0.0
737583926454796928,0.6
737761192289280896,0.5384615384615384
738265363795861248,0.7317073170731707
738277928368931840,0.7
738371030640142080,0.38095238095238093
738583932922241536,0.4583333333333333
738738402006126592,0.5161290322580645
738856124057523456,0.5333333333333333
739164994422037248,0.5
739182583937255040,0.7704918032786885
739565008523426688,1.0
739591275816912512,0.9259259259259259
739692351330734720,0.5
739698550874570880,0.8627450980392157
739715596587597824,0.5384615384615384
739715648112326784,0.7222222222222222
739734600632331008,0.47368421052631576
739887682118333056,0.20512820512820512
739892905017488512,0.3333333333333333
740240344470570880,0.782608695652174
740254835315751168,0.0
740299302886680448,0.7142857142857143
740306472774906240,0.5616438356164384
740445092522159872,0.6
740959939769548288,0.6
741122722576135296,0.92
741172818630872960,0.8809523809523809
741188900186614912,0.47761194029850745
741222563848345088,0.75
741291948614592512,0.7391304347826086
741576396509142272,0.75
741682568412027264,0.5
741793886369345280,0.0
741908320096763776,0.41379310344827586
741911060832104960,0.8656716417910447
741913717935626368,0.5625
742011876734352128,0.3333333333333333
742371271414541440,0.6666666666666666
742437780903285632,0.0
742537392595355904,0.7424242424242424
743302753760472576,0.5897435897435898
744055237466283904,0.3142857142857143
744586856670603264,0.8947368421052632
744598248002893824,0.5641025641025641
744688741635653888,1.0
744952593513961728,1.0
745001232536691072,0.8615384615384616
745355850183345536,1.0
745378654140900352,0.5
745406375655628160,0.0
745441446205711360,0.881578947368421
745478739873620224,0.72
745524175352690176,0.7142857142857143
745541341114675712,0.6904761904761905
745602192251927040,0.5454545454545454
745615369617259776,0.4827586206896552
745690257737298048,0.3333333333333333
745979620606510592,0.4444444444444444
746025175305547264,0.6666666666666666
746046629464565376,0.5
746071877739444480,0.5714285714285714
746134808839095808,0.625
746156492355128320,0.5833333333333334
746173777933752576,0.8723404255319149
746208173252639360,0.8888888888888888
746219946696897408,0.76
746404007761882752,0.9523809523809523
746730408954540544,0.7777777777777778
746749683654164736,0.8235294117647058
746794862731562624,1.0
746797944116801152,0.5769230769230769
746802204959521024,0.6470588235294118
746843828368204416,0.5185185185185185
746857512338911616,0.5636363636363636
746859110113625856,0.6226415094339622
746875059335244032,0.25
746883362703134976,1.0
746888325408593408,0.6956521739130435
746899228784299648,0.6
746918693906916096,0.7142857142857143
746976715231028736,0.8
747017497003504896,0.7272727272727273
747071706884015104,0.5897435897435898
747099300707906432,0.4
747190832857556992,0.5
747498383504300416,0.3617021276595745
747534439119534464,0.4666666666666667
747560132274405376,0.3333333333333333
747668375574358144,0.8809523809523809
747739438596722560,0.4
747762822769698560,0.7971014492753623
747811970862864000,0.75
748252888626579968,0.5714285714285714
748290456942201216,0.8
748358586261187712,0.2962962962962963
748459899558204288,0.4
748469393599101952,0.75
749084277303205504,0.5
749173729122480768,0.2222222222222222
749191069187829504,0.2631578947368421
749306530751844224,0.5
749677082030192000,0.8888888888888888
749875769738705024,1.0
750048277824159744,0.525
750722105259174272,0.4642857142857143
750740169204452608,0.6666666666666666
750785797417467520,0.6666666666666666
751300025245304448,0.9166666666666666
751301191603797248,1.0
751305967383221248,0.5833333333333334
751309842682118272,0.75
751314742691417088,0.32432432432432434
751315596339613696,0.37777777777777777
751316049300230144,1.0
751345078356096128,1.0
751407761164099456,0.5652173913043478
751789951030002688,0.75
751852041245023232,0.66
751863093420713856,0.6458333333333334
751870322435933824,1.0
751879322449335680,0.3333333333333333
751913573947253376,0.56
752040359295743744,0.3225806451612903
752094545131165184,0.0
752094848501910784,0.6
752219925435645312,0.4318181818181818
752313099653677312,0.8333333333333334
752630582475800576,0.391304347826087
752682353918775040,0.6101694915254238
752786674606198784,0.7333333333333333
752863674977269632,0.27906976744186046
752885336054872704,0.2962962962962963
752907150601355008,0.5
752974265243209216,0.5652173913043478
753255691409108608,0.8533333333333334
753447942079036032,0.17391304347826086
753460242144723712,0.25
753462014570206976,0.0
753547535117740800,0.8301886792452831
753555222895972736,0.5625
754007273725692800,0.95
754236491609010816,0.5333333333333333
754277587908085376,0.5357142857142857
754326545631041152,0.08333333333333333
754330004713301760,0.5
754750382482373760,0.5675675675675675
754923798387581312,1.0
754932633744389376,0.6666666666666666
754933652013023360,0.75
754943550063523072,0.5
754971579585431936,0.5714285714285714
754981338648360192,0.7096774193548387
755028993781474304,0.5483870967741935
755040731969361536,0.3230769230769231
755153744775132032,0.6666666666666666
755196658010700416,0.8333333333333334
755476691204862336,0.5384615384615384
755579026022132480,0.6666666666666666
755612392402512896,0.75
755652007891018496,0.6764705882352942
755653464287585024,0.4090909090909091
755715251584448000,0.6
755721336586979584,0.6481481481481481
755725447448637824,0.3333333333333333
755781758389839488,0.7837837837837838
755926296600867840,0.3333333333333333
756413799813210624,1.0
756432290133132160,0.6666666666666666
756493125815714816,0.5714285714285714
756936557194964864,0.9090909090909091
756945751483158656,0.5
756955945026441984,0.6363636363636364
757093297985997952,0.28125
757144222346266880,1.0
757347878851845632,0.6296296296296297
757764237908558336,0.6428571428571429
757792960055728128,0.6190476190476191
757853987984805120,0.9565217391304348
757864341683141376,1.0
757928324794158848,0.7073170731707317
758090349054312960,0.8666666666666667
758350572438388864,0.41333333333333333
758473310715356928,0.7307692307692307
758502104131677056,0.6590909090909091
758546246042151552,0.8048780487804879
758571198938374144,0.7777777777777778
758623342473740800,0.7804878048780488
758766568209508608,0.35
758768928934308608,0.4
758779075988133504,0.35555555555555557
759171930398056192,0.6666666666666666
759289368114160256,0.7647058823529411
759296858142763648,0.88
759423336798552960,0.8
759879993369183744,0.6666666666666666
759902089927767936,0.8928571428571429
760026034799482752,0.5185185185185185
760085161710683776,0.875
760197892908217856,0.4032258064516129
760202411497549568,0.6666666666666666
760226300392207744,0.2
760255144336627712,0.5657894736842105
760613654426131456,0.7222222222222222
760677842674385024,0.5714285714285714
760758402496673152,0.4915254237288136
760808638328702592,0.4166666666666667
760809338053504512,0.75
760883302708695424,0.4375
761405510772034688,0.475
761452585097005824,0.5
761464903518027904,0.5
761478455144108544,0.4838709677419355
761574956097007872,0.4
761693989677303040,0.5333333333333333
762043101712674304,1.0
762305628411752320,0.5263157894736842
762318530473475584,0.5217391304347826
762453619817773696,0.8448275862068966
762746679964776960,0.6935483870967742
762790623412768000,0.625
762826493097363200,1.0
762891948451236608,0.3333333333333333
762943892104284416,0.4
762984552236902016,1.0
763011612208445824,0.6136363636363636
763013450177128320,0.4166666666666667
763075153987627264,0.75
763152940705412864,0.49056603773584906
763153130278864768,0.509090909090909
763465324380310912,0.0
763471164372721408,1.0
763485671552941184,0.6666666666666666
763523309785074816,0.4
763658566048115072,0.4
763662972156078464,0.3333333333333333
764132838081751552,0.9166666666666666
764267746314021120,0.0
764563446318699136,0.0
764981232968185984,0.39759036144578314
764985979944402176,0.3333333333333333
764994857788491520,0.4375
765105382047965312,0.391304347826087
765150727310424960,0.6363636363636364
765154069054828800,0.0
765277076733906304,0.3888888888888889
765652378459474688,0.9090909090909091
765698291407761920,0.6470588235294118
765704302936251392,1.0
765844423569816704,0.36363636363636365
765861178897730560,0.7058823529411765
765882536933770112,0.8076923076923077
765888861413865216,0.64
765914724707466624,0.42857142857142855
765925502966018176,0.4074074074074074
765935656668040960,0.21951219512195122
766393237375192064,0.3333333333333333
766689632024455936,0.5
766828355101938944,0.5652173913043478
767088014175385472,0.75
767221599024655360,0.6
767255012492818944,0.0
767328921804838528,0.7692307692307693
767337756602662528,0.3333333333333333
767393910741556608,0.7692307692307693
767400982082729344,0.6666666666666666
767749333717332736,0.5
767842026117917568,0.5925925925925926
767938476479863552,0.5
767956024532396928,1.0
768003666207992704,0.8181818181818182
768531069934692864,0.58
768713549521402368,1.0
768758373483213312,0.7222222222222222
768773814252000896,0.6666666666666666
769284031695535104,0.5
769367144675247488,0.4
769519375440994176,0.6551724137931034
770017850387479040,0.6521739130434783
770063287049720576,0.5333333333333333
770261294288041472,0.2972972972972973
770270366035350400,0.5
770314859550922752,0.27586206896551724
770662377826396032,0.3333333333333333
770694929480338432,0.46153846153846156
770767039942768768,0.9047619047619048
770780016325493376,0.56
770807667078870400,0.2
770837659192522752,0.47058823529411764
770858695425731584,0.3076923076923077
770930757635609984,0.5
770978296938382208,0.9583333333333334
771052950008828800,0.7
771082978963857408,0.4666666666666667
771606036571371008,0.3695652173913043
771624978869136384,0.4032258064516129
771625962556600576,0.391304347826087
771628005882293760,0.3793103448275862
771630541212964096,0.3333333333333333
771808909271722624,0.6666666666666666
772157366158239744,0.6341463414634146
772163160082981376,0.4166666666666667
772216480551696896,0.6666666666666666
772243315914422400,0.5
772414429875265280,0.6666666666666666
772427910787477760,0.391304347826087
772467249345433856,0.5
772474842072707840,1.0
772901179284511104,0.5
772928637002766208,0.7777777777777778
772949595518262912,0.6666666666666666
772967259074898432,0.5
772968658797017216,0.4230769230769231
773048090359876608,0.21621621621621623
773117244192793600,0.55
773128000622268928,0.3076923076923077
773146657359942912,0.7288135593220338
773281146329126912,0.6521739130434783
773314271284488576,0.5
773318251982158976,0.7272727272727273
773644888370601600,0.5925925925925926
773660599697906304,0.7777777777777778
773673364011390080,0.875
773717119486106368,0.3333333333333333
773928300460465280,0.2608695652173913
774293120129863168,0.16666666666666666
774416663563790080,0.0
774549846657927424,0.36363636363636365
774582345064196224,0.52
774596224588829184,1.0
774597230892797568,0.8809523809523809
774599973735352064,0.0
774651894977670400,0.6842105263157895
775209283381784704,0.68
775247203861050624,0.4
775490553174543488,0.6136363636363636
775759623970225024,1.0
775839853194434176,0.5862068965517241
775861102396001024,0.6808510638297872
775869171946463360,0.5
775896946235487872,0.32432432432432434
775911702074119168,0.6923076923076923
775922490259665792,0.4
775986013612549888,0.6666666666666666
776070162317951104,0.7837837837837838
776510867840969088,0.5
776657715911049984,0.3333333333333333
776658538223632128,0.5416666666666666
776666132218400896,0.0
776695284501392640,0.4186046511627907
776939502605404672,0.18181818181818182
777285337927612544,0.7058823529411765
777306532360638208,1.0
777408174710130688,0.5294117647058824
777412136587234432,0.5
777507770470241280,0.2
777610140309685376,0.5555555555555556
778003036782435200,0.3333333333333333
778050188728691968,0.8333333333333334
778122182083777536,0.3333333333333333
778180998016703360,0.71875
778183745472978688,1.0
778523436095801600,0.5
778725518970012160,0.0
778919486633614720,0.7272727272727273
778922653349234688,0.782608695652174
779662213550937600,0.5
779665139497949440,0.6153846153846154
779688501955130624,0.631578947368421
779771057079988736,0.0
780141610825782400,0.3333333333333333
780231969391812224,1.0
780310089439107072,0.5
780314616341446784,0.5
780351485182257152,0.9166666666666666
780372539786769536,0.5333333333333333
780393381699625344,0.25
780848988755921152,0.25
780871290718931840,0.0
780877179889064192,0.0
780942605515562496,0.75
780993341919029120,0.5161290322580645
780998834719740288,0.5909090909090909
781046699074956032,0.46875
781061476428251264,0.4
781079891483812992,0.0
781157604884650240,0.5
781597271840916352,0.4666666666666667
781618176450151680,0.4090909090909091
781625341504304512,0.2
781748518989595008,0.9
781759076887365376,0.6666666666666666
781815173082735232,0.8
781831607615293440,0.75
781932106556569856,1.0
781942881229822464,1.0
782291945691094016,0.75
782347465838453888,1.0
782377283091774848,0.7894736842105263
782392149261514880,0.5
782413395034522240,0.25
782425574022347904,0.4782608695652174
782459636157278336,0.3333333333333333
782474272268044288,0.6428571428571429
782579169509121024,1.0
783052716823560832,0.0
783062457484153600,0.5925925925925926
783063106902795392,0.85
783067381976196864,0.75
783069261633293312,0.8095238095238095
783104085410122496,0.5342465753424658
783255840319778944,0.4074074074074074
783260382199257216,0.5263157894736842
783442835338113536,0.5769230769230769
783714622939616000,0.5
783972183630793472,0.7241379310344828
784060370950938752,1.0
784078854298277760,0.76
784123131063032320,0.7142857142857143
784126175506871808,0.78125
784131161114943360,0.9253731343283582
784477583392525696,0.5797101449275363
784594546182370688,0.6428571428571429
784725286748559360,0.8805970149253731
784726608358412032,0.5
784751295380705152,0.4
784759983819609984,0.5714285714285714
784859290760499072,0.6428571428571429
785160222921354496,0.35714285714285715
785190137113346560,0.0
785266822702374656,0.25
785282272022753280,0.875
785341555198903808,0.8666666666666667
785344067671170944,0.4
785429313768855168,1.0
785521933715258496,0.0
785537611025136256,0.45
785563577195003776,0.0
785956963994913024,0.3333333333333333
786110068527959936,0.6
786150680445051520,0.43478260869565216
786190535697859072,0.7450980392156863
786216507432719232,0.5
786530312780652288,0.5
786576126429327488,0.5609756097560976
786617883541601408,0.7272727272727273
786642261980268544,0.4
786697010310632448,0.5862068965517241
786770735322330496,0.07692307692307693
786856285135438592,0.45454545454545453
786974249916183680,0.7894736842105263
787467212474270080,0.5
787476954614438912,0.7428571428571429
787577295485476096,0.5333333333333333
787639463740854656,0.8157894736842105
787681696671023360,0.3333333333333333
788246879857710720,0.6666666666666666
788287641858689664,0.5454545454545454
788307033534828288,0.5
788310946374260864,1.0
788326467393486848,0.5957446808510638
788349723717779200,1.0
788366810931063424,1.0
788856441206255616,0.7777777777777778
788886401910845440,0.6
789501742701279360,0.6666666666666666
789772435571375744,0.5
790411657206078080,0.5555555555555556
790548869923139968,0.4
790581106118312064,0.4444444444444444
791001900412991360,0.5
791053690614160384,0.75
791093592493926016,0.5
791157411938661120,0.4576271186440678
791166861951995648,0.5384615384615384
791177036226203392,1.0
791272493516749056,0.5714285714285714
791286515917969536,0.5454545454545454
791371445623878400,0.6724137931034483
791405826188060672,0.891566265060241
791664032725659264,0.5652173913043478
791903154360338432,0.7058823529411765
791946649224185984,0.3333333333333333
792023364728951552,0.5714285714285714
792043643746401792,0.8333333333333334
792062231366893568,0.8
792080782905919744,0.59375
792112221857486592,0.7333333333333333
792137393409528576,0.4375
792137496747871104,0.6875
792545789017980288,0.2
792596214226116480,0.75
792628498211342592,0.38461538461538464
792637826275639936,0.6666666666666666
792682390703434880,0.25
792697146039040896,0.5
792703574562583808,0.5
792713559285761408,0.5555555555555556
793184822053084672,0.5
793210114038692864,0.6829268292682927
793337143127656192,0.6923076923076923
793370374206665728,0.5
793456359523784704,0.46153846153846156
793895819697083136,0.3333333333333333
794774218659987328,0.631578947368421
795104784149405824,0.5333333333333333
795439140237488896,0.5862068965517241
795442932970138624,0.375
795475557416535168,0.6779661016949152
795525127613193856,0.7333333333333333
795582260648381568,0.5
795613122211087744,0.5294117647058824
796115601399844736,0.5454545454545454
796158039829977728,0.5714285714285714
796163023808267008,0.8
796252379234492672,0.625
796263686256785536,0.0
796267630914487808,0.5384615384615384
796303478584496256,0.7083333333333334
796313905119135360,0.0
796399357642141312,1.0
796840172833833856,0.6486486486486487
796874026126781824,1.0
796890631340441472,0.0
796918644151445888,0.717948717948718
797047907495296768,0.4166666666666667
797513676513092608,0.49411764705882355
797528050607239680,0.6
797565430368684032,0.7674418604651163
797730788518548864,0.8651685393258427
797737923611701888,0.5
797750142751811072,0.0
798260642976152448,0.6875
798640391018979584,0.3181818181818182
799148729650322176,0.5
799192274610485632,0.8
799310855904966144,0.25
799727050875175680,0.0
799986116107970816,0.59375
800002569227174656,0.6666666666666666
800070364248081536,0.45454545454545453
800080719199840256,0.0
800427460904527488,0.3333333333333333
800461958534325888,0.5862068965517241
800518986046085632,0.5
800525884545918720,0.6666666666666666
800569576974385792,0.5238095238095238
800705026925991040,0.8
800720258645859840,0.3333333333333333
800780340918150016,1.0
801053193140630528,0.5909090909090909
801089849451739392,0.0
801156210466967168,0.782608695652174
801204294383874560,0.7878787878787878
801334394154881920,0.4838709677419355
801351983189381504,0.5277777777777778
801374741997390720,0.6666666666666666
801379063699315328,0.5172413793103449
801415120752417408,0.4375
801461448306072704,0.2
801894874729708672,0.8571428571428571
801921683624887808,0.896551724137931
801950937236182528,0.47058823529411764
802151536287945728,0.45
802169540392726400,0.8043478260869565
802253416491214336,1.0
802262980144024192,1.0
802757345487923072,1.0
802826683393967360,0.4634146341463415
802830554012741760,0.5217391304347826
802851723402530560,0.42857142857142855
802863011546159104,0.0
803337766252521600,0.6086956521739131
803369997281161728,0.5172413793103449
803623422159337216,0.0
803634862665059712,0.8125
803636173880739584,0.5
804054376879602560,0.6
804257679588963840,0.5714285714285714
804805993153432832,0.35
804808297850713344,1.0
804833361210790016,0.5454545454545454
804884521009828736,0.6666666666666666
805028748977997056,0.5
805039677770917248,0.45161290322580644
805144378557915008,0.34375
805653255121556736,0.8
805684965248090752,1.0
805749471688989440,0.8181818181818182
805791199214870016,0.5
806210561632346368,0.2553191489361702
806218194840256512,0.39622641509433965
806281362527337088,0.5
806304478497516800,0.4
806316026281921792,0.5909090909090909
806417787061001600,1.0
806438916828744960,0.6363636363636364
806600264392014592,0.7142857142857143
806609514963089152,0.14285714285714285
806672235645044608,1.0
806969086702590720,0.42857142857142855
806989146966916608,0.4
807114931390977536,0.0
807122485046865280,0.6
807422078872525824,0.5454545454545454
807814120141184896,0.25
807890641024082944,0.0
807918474323670912,1.0
807919810543134080,0.3333333333333333
808427113095825664,0.5454545454545454
808459157083322496,0.43478260869565216
808577935029900416,0.5
808615746023201536,1.0
808652516431375744,0.0
808748963501784448,0.42857142857142855
808782999957317632,0.8181818181818182
809083157798877312,0.7878787878787878
809176423625515008,0.7755102040816326
809322843101837568,0.41935483870967744
809360099375912192,0.52
809406220282744704,0.5416666666666666
809480451304866432,0.6764705882352942
809493469316676736,0.25
809845506568155264,0.3333333333333333
809858794091936640,0.5666666666666667
810082630445607040,0.8823529411764706
810146240275911808,0.16666666666666666
810307031052455936,0.4915254237288136
810594604974682240,0.3333333333333333
810610313253803904,0.7586206896551724
810625455258780672,0.6875
810672752482415232,0.5
810693165271964672,0.825
810755485631134720,0.5
810785045132122752,0.47368421052631576
810815618625494272,0.0
810887647997756544,0.7666666666666667
811354793364663936,0.5
811464960544585216,0.5238095238095238
811501066404511104,0.45161290322580644
811675795632968704,0.4
811677842485248128,0.9285714285714286
811993550040837248,0.6333333333333333
812054210451833856,0.0
812068456655051776,0.5
812075146260555648,0.3684210526315789
812115552598995584,0.6851851851851852
812242899301891968,0.0
812248199481775872,0.6
812260269426924544,0.6060606060606061
812363834354795392,1.0
812438982982710272,0.3939393939393939
812747080905229312,0.9056603773584906
812766669814941312,0.28125
812899768339549696,0.9259259259259259
812902907443465984,1.0
812967010688387712,0.75
812978117226318336,0.8571428571428571
812981105832825472,0.6111111111111112
812987661565704192,0.7222222222222222
813044119649581824,0.8028169014084507
813454248086919936,0.5
813573244543949952,0.6071428571428571
813628508386603008,0.6153846153846154
813655539799189376,0.75
813671805781813760,0.6190476190476191
814245765573867264,0.6896551724137931
814266262539676416,0.44680851063829785
814938202350207104,0.625
814948523345987328,0.6
814957749846649216,0.75
814986975671621632,0.0
815637948507646336,0.8888888888888888
815710134003716992,0.5454545454545454
815779280700775296,0.0
815863118611076096,0.5
816010324877006848,0.7333333333333333
816040608646501376,0.8148148148148148
816377262162525952,0.8275862068965517
816383835180972032,0.6363636363636364
816417849344818816,1.0
816445584516811264,0.5416666666666666
816542455416437760,0.8333333333333334
817159566847768192,1.0
817210824479900800,0.6666666666666666
817210934885302144,0.5
817244731052260096,0.7037037037037037
817250855700961408,0.5
817260983972044288,0.5555555555555556
817263202278478848,0.0
817296288533354496,0.3333333333333333
817310805288718464,0.5
817826639316286464,0.4
817887404802371456,0.6
817892418003608320,0.5294117647058824
817907760199837696,0.7142857142857143
817999490380707456,0.7352941176470589
818061889710807552,0.625
818068956187348096,0.5517241379310345
818114674247577216,0.0
818213134924973056,0.7674418604651163
818583589830191232,0.6666666666666666
818590390634999040,0.7142857142857143
818617022358747904,0.5
818621100145466496,0.6666666666666666
818714228935690496,0.35714285714285715
818729813200824960,1.0
818782721784871168,0.9583333333333334
818795639505497600,0.0
819041764544138496,1.0
819470509404813696,0.3939393939393939
819471550281851136,0.6666666666666666
819573882868334208,0.717948717948718
819583040520430208,0.4
820024926493653120,0.2777777777777778
820217506119215360,0.5555555555555556
820227699779857408,0.36666666666666664
820345028752587136,0.15
820745100213616896,0.6
820791770454617344,0.9
820916901592456576,0.4444444444444444
821044808706966784,0.6666666666666666
821458513720538752,0.5
821503964695692800,1.0
821626404833647104,0.55
821706117553422592,0.0
821761196724356224,0.6
822147557381704832,0.7692307692307693
822165783410624640,1.0
822222903741489920,0.8405797101449275
822239790169045248,0.8048780487804879
822258836565766400,0.8245614035087719
822315245799473536,1.0
822380654244050304,0.3333333333333333
822446191714880128,0.5333333333333333
822527960669192192,0.5471698113207547
822938538882100736,0.675
822962365420914816,0.42857142857142855
822979759726755328,0.0
823097623102567680,1.0
823192521620662528,0.7647058823529411
823411494420115072,0.5
823632177818528128,0.5
823644991462871424,0.391304347826087
823651946313474432,0.8125
823743848355168000,0.5555555555555556
823764568484936064,0.5
823771610665354624,0.9
823785710810154112,0.8
823874840658997248,0.8
823900628644607488,0.5769230769230769
823928968966889088,0.5
824013221989880960,0.6078431372549019
824542242517837824,0.4722222222222222
824593642777233280,0.4358974358974359
824597533074563456,0.75
824617240772357376,0.7
825029502959347968,0.6774193548387096
825171107778969216,0.23529411764705882
825264289388885632,0.9010989010989011
825291752052116096,0.6190476190476191
825298096500304640,0.6363636363636364
825326150395415936,1.0
825394345202225280,0.8888888888888888
825477009175567360,0.7142857142857143
825814612897469056,0.8571428571428571
825862355495692672,1.0
825873248809129216,0.0
825946517266296704,0.5
825975028965369856,0.6935483870967742
825999899319073408,0.7368421052631579
826004031673035776,0.9534883720930233
826011328306531840,0.8536585365853658
826032487935795072,0.8888888888888888
826540999160454016,0.8333333333333334
826593957706830464,0.5357142857142857
826594577120515200,0.0
826688354126404096,1.0
827290217810383744,0.5
827309810803076096,0.5365853658536586
827314605989693184,0.0
827350470965799040,0.6
827490338005425920,0.9
827528205097784064,1.0
827610650723991936,0.5789473684210527
827996926286851072,0.6176470588235294
828075700104843008,0.45454545454545453
828129527984616448,0.7272727272727273
828221399045858944,0.375
828369869895336832,0.5714285714285714
828638807505937664,0.0
828686780275959680,0.7948717948717948
828789659263189760,0.29411764705882354
828885952216652928,0.3333333333333333
828972472837297152,0.47619047619047616
828997579449401728,0.5106382978723404
829573232985374080,0.5
829614421410155392,0.53125
829657879269865088,0.75
829745975531904640,0.4788732394366197
830153185221358208,0.34615384615384615
830153674355394432,0.84375
830338553030681088,0.0
830863701644181504,0.42857142857142855
830875904627091712,0.7254901960784313
830959030872841728,0.4318181818181818
831105759335116544,0.2
831120786922467200,0.76
831147107601216640,0.55
831161812365368448,0.5
831165040158920576,0.7058823529411765
831248657434769408,1.0
831627507504292480,0.5
831724047233388672,0.5555555555555556
831771600183515136,0.5
831804557467675776,1.0
831836959674416000,0.3541666666666667
832335273810165120,0.45454545454545453
832353219617793536,0.6666666666666666
832387651988995840,0.8378378378378378
832405729715774848,0.5
832480350510960768,0.88
832493712881418880,0.9411764705882353
832497489633356160,0.6538461538461539
832498564033973248,0.5833333333333334
832500642882892416,0.8928571428571429
832526367863151104,0.6071428571428571
832616743673828864,0.6666666666666666
832629131292650752,0.25
833062669765743872,0.3469387755102041
833194521586950784,0.5714285714285714
833216752483935872,0.6724137931034483
833223241503575296,0.0
833233022404171136,0.5
833278794580993920,0.6666666666666666
833750194648264320,0.7272727272727273
833806725427184128,0.6666666666666666
833813036475128576,1.0
833836784104265216,0.7894736842105263
833844876015607296,0.8360655737704918
834393184348994176,0.6818181818181818
834440149500188928,0.8378378378378378
834591742244544512,1.0
834651984405011712,0.0
834716249687127936,0.7846153846153846
834743402233304960,0.875
834825744436867968,0.6666666666666666
835288738849714432,0.4107142857142857
835390095855987200,0.75
835429004128959104,0.7222222222222222
835459026553125248,0.3333333333333333
835509117613466368,0.6666666666666666
835859715878681856,0.28205128205128205
835969525084531968,0.6521739130434783
836005923784150016,0.6153846153846154
836067604307062912,0.3076923076923077
836102447366303744,0.5
836114517559593344,0.29411764705882354
836171866872967296,0.4925373134328358
836203970996564992,0.5
836224096182890496,0.0
836244856254295808,0.7083333333333334
836256931057170560,1.0
836490493228259584,0.4888888888888889
836713995496386560,0.5714285714285714
836717328871306112,0.45161290322580644
836849593991681152,0.25
836902292381512960,0.7291666666666666
836986322395550592,0.76
837040033706296832,0.9545454545454546
837435137882677248,0.46153846153846156
837445262813028608,0.9473684210526315
837448220397914880,0.7777777777777778
837490178565122688,0.7142857142857143
837595827744190592,0.5348837209302325
837623912072743168,0.8333333333333334
837763940705297920,0.0
838306423194196608,0.875
838306921905528704,0.0
838322130807227008,0.8333333333333334
838329314063409536,1.0
838338711167046400,0.6666666666666666
838410523809636736,0.5714285714285714
838457519770606080,0.625
838488497165168000,0.6666666666666666
838796188662002944,0.3333333333333333
838807540530569728,0.6
838817916019361792,0.5625
838847757571248640,0.2857142857142857
838864832147591936,0.0
838881293628051968,0.6923076923076923
838928966984705280,0.75
838976154549125888,0.6842105263157895
838987221816318976,0.7222222222222222
839023258001381632,0.3333333333333333
839525370087580928,0.5
839576789887243392,0.4
839591569614887424,0.45454545454545453
839613738409502464,0.5833333333333334
839634925114442496,0.926829268292683
839654436113394688,0.5625
839723842470233216,0.5
839756583639912064,0.8888888888888888
839765034765042048,0.4230769230769231
840430613207067776,0.2
840447810105637760,0.25
840452255078030464,0.7142857142857143
840468048756555648,0.5348837209302325
840470812691242112,0.4444444444444444
840643666122378368,0.3333333333333333
841005289783998208,0.5333333333333333
841009446769596160,0.7142857142857143
841161714050788992,0.75
841217241017770112,0.9090909090909091
841235031896870400,0.0
841291091408776832,0.6666666666666666
841315811410936064,0.8194444444444444
841783752000147840,0.9333333333333333
841813961202659328,0.3333333333333333
841878332900787840,0.4117647058823529
841891754904585344,0.5384615384615384
841929682717580288,0.5
841968700098778368,0.5
842026120102684928,1.0
842028281499609856,0.2857142857142857
842078748348003456,0.7
842093287974591616,1.0
842160520852548736,0.8333333333333334
842414358345178624,0.625
842514230006934272,0.3333333333333333
842530441405668224,1.0
842643043537458944,0.6774193548387096
842715617090707072,0.8333333333333334
842791053204933888,0.7777777777777778
843222641930391424,0.6410256410256411
843290410740084608,0.8823529411764706
843342933903881600,0.0
843355394676836736,0.47058823529411764
843363437088958464,1.0
843378166998025856,0.4
843394109325403264,0.5
843457911817150592,0.7272727272727273
843484247424779392,0.8205128205128205
843499275088832384,0.5833333333333334
843540787322482048,1.0
843669256922982016,0.21428571428571427
843871794709262848,0.75
843904321807535616,0.5666666666666667
843941138935275008,0.16666666666666666
843956326695445120,0.6
843994569109899008,0.8148148148148148
844035131162045440,0.589041095890411
844070602673333376,0.0
844079531092928128,0.4
844101725098190976,0.5
844143268450507136,0.7142857142857143
844157681057003136,0.391304347826087
844206700168880000,0.6
844677444984085248,0.6666666666666666
844786037167259520,0.0
844837280979319808,0.2982456140350877
844933262334275072,0.3333333333333333
844942592905428096,0.4
844976585137683456,0.6
844976651451048576,0.42857142857142855
845368021859175296,0.8461538461538461
845479412054658176,0.7368421052631579
845532500936436992,0.0
845557422952550400,1.0
845581045958122752,0.3
845620291595390848,0.7894736842105263
845641330670066944,0.3076923076923077
845704346064982400,0.8780487804878049
845889815245202560,0.5625
846108946448388608,0.54
846164752797949312,0.7931034482758621
846252961049777664,0.8666666666666667
846257287900893056,0.42857142857142855
846280816435363328,0.5
846317996358253440,0.6666666666666666
846332320728407936,0.6206896551724138
846339006069169280,1.0
846391462079596160,0.5
846439108490270592,0.6764705882352942
846441513382078208,0.4838709677419355
846794802632810368,0.5625
846831622956663040,0.0
846848934008092416,1.0
846865258056487936,0.6666666666666666
846870759603376384,0.6956521739130435
846886728437767552,0.8275862068965517
846901486357178752,0.0
846963003254806528,0.6774193548387096
846975359519096832,0.76
847005546231066752,0.8837209302325582
847098385096281216,0.3333333333333333
847114910980303360,0.37777777777777777
847132754364313216,0.65
847180045835344128,0.6
847215737965859200,0.5483870967741935
847224657612611456,0.6666666666666666
847573816608722944,0.8181818181818182
847608105442289152,0.0
847634612522201600,0.0
847673748742900352,0.3333333333333333
847725703599857024,0.7037037037037037
847742948001213952,0.6363636363636364
847771287533704192,0.9583333333333334
847829586316588288,0.8679245283018868
847840287070810624,0.7428571428571429
847845836786976640,0.5
848297485313422080,0.0
848305524453717632,0.5
848329961147173888,0.7419354838709677
848399180115766528,0.5
848424028649831424,0.4666666666666667
848445785201020800,0.7317073170731707
848560748675541888,1.0
848600219685928064,0.35714285714285715
848607977031640576,0.7894736842105263
849001028057037312,0.6666666666666666
849074481364567424,0.0
849125435315858304,0.375
849173498438484480,0.6111111111111112
849240633073726336,0.2857142857142857
849269609455838720,0.42857142857142855
849336296381339008,0.2631578947368421
849827391392997248,0.6792452830188679
849873393193116416,0.8
849956124448068736,0.6222222222222222
850000340332276352,0.5
850066101729778176,1.0
850471899518462848,0.25
850472132065011072,0.71875
850657596963021056,0.5217391304347826
850658891664797568,0.5806451612903226
850690674561672064,0.46153846153846156
850824275184951936,1.0
851211871451079168,0.34782608695652173
851214259347086080,0.6
851227182249148288,0.5294117647058824
851252887990067584,0.6470588235294118
851303958321191936,0.5555555555555556
851305313148873344,0.7674418604651163
851313386197165056,0.6944444444444444
851330835707192064,0.5
851330874762087808,0.8571428571428571
851380383362716544,0.7083333333333334
851497253445410304,0.8
851499644515502976,0.8888888888888888
851846441815599360,1.0
851889691540886272,1.0
851914919732460800,0.7377049180327869
851934423035519616,1.0
852015285936259072,0.6470588235294118
852042207387303808,0.7027027027027027
852310811257659008,0.38461538461538464
852612626106252032,0.6551724137931034
852631629740686592,0.71875
852674857517261824,0.3333333333333333
852697638526754432,0.3888888888888889
852759316618451712,1.0
853144944081415424,0.43478260869565216
853249002584798976,0.8095238095238095
853353750639614336,0.5185185185185185
853363301377048832,0.0
853365715627056000,0.7142857142857143
853411228019567104,0.9433962264150944
853420231164076160,0.5423728813559322
853518662761027584,0.6111111111111112
853521655337019520,0.7142857142857143
853532521563289472,1.0
853537581852891648,0.7662337662337663
853541760158386560,0.75
853588526116450560,0.7
853589714843099648,0.21428571428571427
853635863290449280,0.7254901960784313
853661364626001280,0.8
853742456181102080,0.8529411764705882
853754325602949376,0.15
853773821688486016,0.3333333333333333
854039112630150016,0.34615384615384615
854053521265037824,0.6666666666666666
854100195219270144,0.25
854135306626352000,0.43478260869565216
854161604714786688,0.5151515151515151
854168150399504512,0.47058823529411764
854254845227377024,1.0
854267485817009280,0.5263157894736842
854287425441162240,0.6666666666666666
854842147798999680,0.5714285714285714
854916490697593600,0.5
854966715359381760,0.4166666666666667
855509041540752000,1.0
855552635213878656,0.0
855588274258684160,0.4666666666666667
855846223344916480,0.4444444444444444
855846888862621056,0.5952380952380952
855879686357377152,0.5833333333333334
856186859607626752,0.5454545454545454
856198249787826432,0.2727272727272727
856241573818199936,0.6274509803921569
856296489444081280,0.42857142857142855
856298674619229312,0.6756756756756757
856335645282425984,0.42857142857142855
856452939773929472,0.3333333333333333
856453087765751808,0.6086956521739131
856461476484771200,0.88
856528263336764672,0.6666666666666666
856563930502262912,1.0
857026844447394816,0.3333333333333333
857075416097310848,0.3333333333333333
857088465259175424,0.2857142857142857
857159690872966528,1.0
857180503612515584,0.5555555555555556
857219560612102272,0.0
857245934798435584,0.5
857282203987481600,0.9130434782608695
857292672972628608,0.56
857685040131671808,0.5454545454545454
857707839119785600,0.5172413793103449
857712587717131392,0.875
857760265850204544,0.5555555555555556
857796871847430656,0.0
857936909421907584,0.5
858413535036391168,0.6
858419466145865856,0.391304347826087
858430572994058752,0.8586956521739131
858437302311816320,0.5714285714285714
858495762327680128,1.0
858499956887184512,0.5
858516949204279808,0.39473684210526316
858582779823389056,0.39285714285714285
858586439851372672,0.4444444444444444
858720922565347200,0.782608695652174
858728116976668160,0.8
858813712940603264,0.3275862068965517
859272338492847104,0.5384615384615384
859385327298360704,0.5666666666666667
859473364746650368,0.5217391304347826
859495588199225344,0.7894736842105263
859968176724089344,0.43478260869565216
859976578173880960,0.75
860006389110046208,0.5
860016183772761856,0.5416666666666666
860038880023230592,0.0
860041613637201408,0.6976744186046512
860081078903623040,0.5
860099067877352320,0.7111111111111111
860119526863569792,0.6785714285714286
860166392170981376,0.5
860312074839180160,0.7096774193548387
860570198006962560,0.4
860662101519804672,0.7272727272727273
860724560961689472,0.8611111111111112
860739138828210048,0.5714285714285714
860857603539811328,0.5625
861017429574387072,1.0
861240145484104192,0.25
861253324083572608,0.48148148148148145
861320606518371328,0.5555555555555556
861352763364076416,0.2830188679245283
861360316599820544,0.9523809523809523
861395869284238208,0.8
861490862420887424,0.3333333333333333
861491913607525120,0.7
861524349741569536,0.75
861528661375512576,1.0
861542205304886784,0.2857142857142857
861553936178835328,0.4
861562862794796416,0.75
861571472162055808,0.625
861646192933679744,0.8571428571428571
861665835873976832,0.631578947368421
861978766392186880,1.0
861978959403361664,0.3125
861995363479872640,0.75
862105039834957824,0.717948717948718
862111744192097024,0.65
862203737583422848,0.5
862214193395006208,0.0
862216726579437312,0.4583333333333333
862246193838579200,0.5769230769230769
862781706224111616,0.3333333333333333
862808826455330176,0.9259259259259259
862813065525682560,0.4827586206896552
862827195485495808,0.6829268292682927
862832420760773632,0.45454545454545453
862851176140101504,0.9090909090909091
862885617070060544,0.6829268292682927
862902087123022464,0.875
862914842591112832,0.7966101694915254
862937524596967552,0.0
862938771837761536,0.37037037037037035
862967027510991104,0.6296296296296297
863084058019396992,0.627906976744186
863447319541076480,0.3333333333333333
863452732010500480,0.8064516129032258
863470435973918848,0.7045454545454546
863646251135080064,0.375
863659951262862848,0.3333333333333333
863686355983475840,0.7916666666666666
863742220041478528,0.8571428571428571
864094956674917248,0.6842105263157895
864247630566234624,0.5
864351129049918464,0.5714285714285714
864386585061842176,1.0
864394079280118784,0.3783783783783784
865047344216341376,0.3333333333333333
865063444202408832,0.4166666666666667
865065015106209408,0.32
865073758233726464,1.0
865083530562684928,0.7083333333333334
865168718783229952,0.5
865658057997130496,0.7346938775510204
866038883804142848,1.0
866546069567028608,0.6666666666666666
866625778925538304,0.5454545454545454
866721625382219392,0.46153846153846156
867003215189164800,0.75
867009188111833088,0.6666666666666666
867061157040553216,0.7407407407407407
867151257809255168,0.7647058823529411
867152244252245632,1.0
867233107268123776,0.0
867234896620891008,0.0
867358530809227904,1.0
867364570403964544,0.4166666666666667
867367452546328192,0.7
867440119248472576,0.8
867451648209127808,0.41304347826086957
867809341202522880,0.5333333333333333
867855830098739584,0.4782608695652174
867938452175457664,0.7
867954177726841984,0.46808510638297873
867980385683850112,0.44
868037055750891264,0.0
868238891111787776,0.3958333333333333
868302290575886336,0.4716981132075472
868550422501959552,0.9333333333333333
868593427050002304,0.5882352941176471
868681600300152960,0.2
868724267493492736,0.3333333333333333
868727666487170560,0.48484848484848486
868766419355050368,0.8775510204081632
869321454664083328,0.8656716417910447
869331263804778496,0.5
869419823488549632,0.2857142857142857
869424391075500928,0.5116279069767442
869457926378229376,0.3333333333333333
869502674091377152,0.3
869557147628132352,0.55
869628147312944000,0.6538461538461539
870055427412858368,1.0
870056398667804800,0.6666666666666666
870076918636769024,0.4
870156479999897088,1.0
870182239949759872,0.47619047619047616
870217434105042176,0.3076923076923077
870308857618350976,0.6818181818181818
870312543850540032,1.0
870359700050803072,0.5454545454545454
870374487400384512,0.34375
870717138788959488,0.5
870815468803909632,0.4
870843448882462720,0.3953488372093023
870847338977593216,0.25
870878291997772288,0.8857142857142857
870915125891956736,0.5238095238095238
870976543449753984,0.7307692307692307
870985346745287680,0.7
871003681444107904,0.6923076923076923
871016636519227136,0.3333333333333333
871109309847769472,0.5
871116880482195712,0.4
871369151391140352,0.0
871438360402172160,0.6296296296296297
871503652548436480,0.5714285714285714
871506811576025728,0.509090909090909
871548581457304704,1.0
871571043246565248,0.5
871579877234477696,0.6739130434782609
871584961454606720,0.0
871599147734550144,0.7272727272727273
871599426989508736,0.375
871626303540857472,0.6
871652592614643584,0.6956521739130435
871680727449360512,1.0
871696508997650176,0.34375
871696740064523776,0.14285714285714285
871717149377150464,0.5952380952380952
871721682636388992,0.8461538461538461
871771212224293760,0.0
872174009544473088,0.75
872178267093178368,1.0
872199292467041408,0.0
872223342820287488,0.8333333333333334
872230528956218496,0.6666666666666666
872257142634125440,1.0
872294345382032384,0.0
872344912864041472,0.5
872438829143960320,0.6129032258064516
872441663735682176,0.3076923076923077
872474361668867328,0.5853658536585366
872489318106770048,0.9166666666666666
872556931609824256,0.0
872926201901204992,0.6666666666666666
872954098056663936,1.0
872982190392670848,0.6428571428571429
873042802291783552,0.3333333333333333
873067048648781312,0.5
873068197692338432,0.4
873075134569273216,0.5
873124509888035200,0.0
873136926020208384,1.0
873141166793526528,0.75
873233161665147136,0.5625
873270613063883008,0.75
873278764109178752,0.5555555555555556
873582358874884864,0.7142857142857143
873602684046252416,0.48484848484848486
873647537491712128,0.6862745098039216
873655589465123584,0.7777777777777778
873665758148426880,0.5714285714285714
873780414463509504,0.6666666666666666
873866959637042688,0.8
873977370978586368,0.5
874033668579984512,0.18181818181818182
874285157343761280,0.4
874307705641481728,0.7692307692307693
874345589120620288,0.8333333333333334
874456550911943808,0.5833333333333334
874479318271376384,0.7777777777777778
874497378579112960,0.43333333333333335
874497422640006400,0.7027027027027027
874514804509309824,0.6842105263157895
874534211980900608,0.9130434782608695
874543668020207872,0.4888888888888889
874588276721565056,0.6470588235294118
874619662565556992,0.6875
874619670377469312,0.9545454545454546
875173903973453696,0.5
875174111284940416,0.36363636363636365
875234015945584512,0.5384615384615384
875320732720172928,0.3333333333333333
875843019798590720,1.0
875860930964489216,0.3
875904580138458496,0.75
875914265249611904,0.6363636363636364
875930147511507328,0.6363636363636364
876010489252555648,0.5
876421715537405312,0.42857142857142855
876557146094029056,0.37037037037037035
876560020303692672,0.5789473684210527
876624103247377408,0.375
876649218571136128,0.8571428571428571
876657288698024064,1.0
876767710900465152,0.26666666666666666
876791739545482240,0.6666666666666666
876844542649072384,0.0
876887429348055296,0.56
876907461008195840,0.25
876979509449718912,0.42857142857142855
877247915769001088,0.5416666666666666
877255661809802368,0.7222222222222222
877260998662546432,0.6111111111111112
877402494100596608,0.5555555555555556
877460550168435456,0.4375
877654866998567424,0.5
878092354627568512,0.3448275862068966
878097100236856064,0.9076923076923077
878143345843477888,0.9333333333333333
878152301655641728,0.32
878162326120612736,0.8888888888888888
878162958047375488,0.9230769230769231
878195513154458240,0.7238095238095238
878206157296794880,0.8333333333333334
878212289937693696,1.0
878227303345080064,0.7142857142857143
878230202267608448,0.8888888888888888
878304379620208128,0.0
878350913395441664,0.4444444444444444
878504191854504960,0.75
878615610792005760,0.6666666666666666
878620561293782528,0.5
878650548562645248,0.7272727272727273
878665905104613632,0.0
878680236537432320,0.38235294117647056
878709266322731648,0.2857142857142857
878789982668589824,0.40350877192982454
878796582672649216,0.5
878813622461368064,1.0
878843061347278336,0.6666666666666666
878860896224753024,0.5
879020915953927936,0.825
879094211132925312,0.9090909090909091
879272792114661120,1.0
879381606340835840,0.43333333333333335
879382828578655872,0.5555555555555556
879402709253540608,0.5333333333333333
879404718596763520,0.8888888888888888
879407750090832000,0.5
879480256482806656,0.4444444444444444
879560767651902080,0.75
879588549763433600,0.4166666666666667
879635553740485888,0.5
879752892775622528,0.2
879837770662311040,0.45454545454545453
879840243500760704,0.0
880104223586621696,0.7435897435897436
880175109101308288,0.5
880268348404910464,0.6666666666666666
880285346516644736,1.0
880322321119070208,0.5853658536585366
880369621860643328,0.5
880376713021883648,0.5769230769230769
880399513553538432,0.3157894736842105
880806222288524800,0.746031746031746
880924637736744064,0.9285714285714286
880924644337435008,0.9347826086956522
880924649458934272,0.9375
880955247149830144,0.7777777777777778
881008042392006272,0.5
881052615415720704,1.0
881091010706473600,0.3333333333333333
881097974437173888,0.4
881173823439929600,0.35294117647058826
881187575893446912,0.0
881187580202499968,0.9333333333333333
881199426904894720,0.7142857142857143
881241121605881344,0.7333333333333333
881330683941275648,0.45454545454545453
881603968983499264,0.6875
881612401233021440,0.5116279069767442
881620727318751360,0.7380952380952381
881729204381254912,1.0
881735673624566784,0.875
881749934907756416,1.0
881808669408428800,0.0
881828990149203456,0.3333333333333333
881904244217881728,1.0
881914841760166784,0.0
881939810143635712,0.4
881939816999298304,0.41304347826086957
881992130740278144,0.0
881995572846779264,1.0
881996021778979840,1.0
882257441620802048,0.803921568627451
882295891073506944,0.5806451612903226
882418175206772096,0.6
882472212431557504,0.7894736842105263
882472394957431552,0.5897435897435898
882483964188300672,0.3333333333333333
882498327614684288,0.8409090909090909
882510348797241088,0.8064516129032258
882523594252684416,0.75
882571709682279296,0.0
882599913339253120,0.3333333333333333
882660721416864768,0.3125
882668722163803136,0.8095238095238095
882687799508122240,0.6666666666666666
882688674480559616,0.42857142857142855
882734766130590976,0.55
882949728319345024,0.47368421052631576
882997322649217792,0.48936170212765956
883006761374877568,0.4444444444444444
883009091509503744,0.5454545454545454
883069118545344256,0.0
883105185033467648,0.4
883144415387416064,0.8076923076923077
883156758296114944,0.5737704918032787
883185026408425728,0.6666666666666666
883213575931936128,0.3076923076923077
883232705949650944,0.35714285714285715
883269141931379072,1.0
883285398065874688,0.6666666666666666
883382919539440000,0.5789473684210527
883432906891319936,0.3181818181818182
883452403874800256,0.46938775510204084
883469650849070208,0.7
883485699398114176,0.5135135135135135
883716185230505856,0.6739130434782609
883724268309139712,0.8333333333333334
883805348584194944,0.75
883811261238742272,0.5833333333333334
883875073376997632,0.3
883891336954346880,0.42857142857142855
883945348098311808,0.8333333333333334
883984160264588032,0.3333333333333333
884036824146310400,0.76
884229131931813248,0.967741935483871
884497843870862464,0.5714285714285714
884545305783284224,0.6666666666666666
884610045700477824,0.6285714285714286
884630052670753664,0.3684210526315789
884645261050317440,0.8333333333333334
884668914646274432,1.0
884674644633932288,0.6666666666666666
884688402475449344,0.6206896551724138
884710101931399936,0.6086956521739131
884710526445449728,0.85
884722847313361664,0.86
884814970116583936,1.0
884879273744337664,0.7407407407407407
885382245512707456,0.775
885419498265018112,0.8448275862068966
885430983177720832,0.2916666666666667
885441531283481984,0.45454545454545453
885445219691829888,0.9411764705882353
885453977142690304,0.9767441860465116
885505069334640896,0.9767441860465116
885538762504721408,0.3870967741935484
885811989479751168,1.0
885924045856632320,0.6111111111111112
885941313968173824,0.4117647058823529
885970444009816960,0.4
885987155364658560,0.5714285714285714
886059128185468416,1.0
886090126124687360,0.5185185185185185
886194121193855744,0.6666666666666666
886202863772590464,0.52
886310992738435712,0.5
886334408691017600,0.9428571428571428
886345966987932544,0.9
886610126958060032,0.5686274509803921
886644013344802432,1.0
886644774138187136,0.3333333333333333
886656708081911552,0.8214285714285714
886684459290262016,0.8181818181818182
886688184140569472,1.0
886730212467292160,0.8636363636363636
886772696325356032,0.7045454545454546
886798935903640576,1.0
886803527002203776,0.4
886810196195373056,0.625
886831451732822400,0.75
886865372442721024,1.0
886942350591479168,0.5142857142857142
886950326790066432,0.625
886986209317538048,0.9523809523809523
886990114043412608,0.3333333333333333
887011501434076288,0.5
887029919198758784,0.5454545454545454
887380245535080064,0.6785714285714286
887394777670371840,0.5294117647058824
887408244814956416,0.6338028169014085
887412466512817536,0.0
887435005786593280,0.8888888888888888
887543140509833856,0.4727272727272727
887543950211715328,0.0
887568250945299072,0.5
887574395393415296,0.5
887677051079741952,0.9545454545454546
888013802184125952,0.95
888092735605945600,0.5555555555555556
888132529881207424,0.8115942028985508
888136461360779136,0.4838709677419355
888144681154414848,1.0
888182182806077440,0.7
888273851114645888,0.7777777777777778
888274543663976960,0.5555555555555556
888301776026700544,0.723404255319149
888321157724110208,0.44
888341678354204928,0.625
888348198594630912,0.4375
888435344607218048,0.875
888489289325337472,0.75
888504197379313408,0.5625
888557962610886144,0.5769230769230769
888829933660557312,0.3
888908257160809472,0.3125
888916144521412352,0.6470588235294118
888962855197190144,0.25
888964482628574720,1.0
888976645730659840,0.2894736842105263
889211915467615232,0.6
889242358216340352,1.0
889488494587478784,0.6818181818181818
889652956583723520,0.16666666666666666
889656576987610752,0.6666666666666666
889674392477656320,0.46153846153846156
889750691545724672,0.5333333333333333
889836905393964800,0.6111111111111112
889888191338415744,0.8
889915883177269120,0.0
889919862496541568,0.7777777777777778
889971029115837952,0.7021276595744681
890270023387314816,0.7857142857142857
890339707219723264,0.5490196078431373
890418648863791232,0.55
890478121235742592,0.5625
890611842111847424,0.0
890640562992571136,1.0
890681796292080256,0.8888888888888888
890970149066921728,0.3584905660377358
891082108637452160,0.47619047619047616
891084183971846016,1.0
891121596933925760,0.3333333333333333
891148123610744704,0.7142857142857143
891148764226702848,0.375
891348735400097152,0.7142857142857143
891394227382491648,0.7333333333333333
891401314275712000,0.47619047619047616
891560605019948032,0.40476190476190477
891737132304153728,0.5
891804634738825600,0.26666666666666666
891831216468294400,0.75
891839455208198272,0.6
891842786023645696,0.23076923076923078
891843184877926912,0.75
891888518846905472,0.6
891931369646930176,0.7142857142857143
891947742765629696,0.0
891952717069440000,0.8181818181818182
892024308524327680,0.5
892174832852476928,0.2222222222222222
892409733191936768,0.6
892493365172170624,0.5384615384615384
892554263499717248,0.7272727272727273
892570889799871616,0.5961538461538461
892588404662924544,0.4
892588748967210496,0.8863636363636364
892603828948945280,0.5882352941176471
892604608276859648,0.7368421052631579
892624998957533696,0.6
892665707834580480,0.8923076923076924
892674021605987200,0.3333333333333333
892772329760218368,0.5757575757575758
892926632256350336,1.0
893069786499980800,0.36363636363636365
893113960496914944,0.8
893123734973072768,0.625
893134629854100736,0.8823529411764706
893203595294322944,0.48148148148148145
893238724737767552,0.5
893240048338434048,1.0
893242546110639104,0.4117647058823529
893250265802326528,0.6
893251869596695424,0.6216216216216216
893300292597914752,0.0
893309962859484288,1.0
893364597764418560,0.6
893393139598347136,0.3333333333333333
893406925161181568,0.8214285714285714
893424348884871168,0.42857142857142855
893470707279735040,0.0
893522792384418816,0.5757575757575758
893526989292282496,0.8
893864464156539136,1.0
893929238953882368,1.0
893931447402566784,0.9166666666666666
893958748000093568,0.0
893967844646247296,0.5
894252213665002496,0.3717948717948718
894657215200011008,0.6153846153846154
894664612283256832,0.5172413793103449
894701996825945088,0.0
894713603925333376,0.8478260869565217
894813552003341696,0.25
894824479950896768,0.7647058823529411
894835241172022784,1.0
894849612289947904,1.0
895446192534658304,0.2857142857142857
895478692284049792,1.0
895505941217865472,0.4
895533215057310208,0.5714285714285714
895540771045424384,0.7
895620432972464640,0.0
895803995579213440,0.8
895837037428992512,0.3
896180581512500480,1.0
896221627114838784,0.5714285714285714
896225022921722624,0.7058823529411765
896276284146049152,0.5714285714285714
896279792036147968,0.5625
896315235029265280,0.7567567567567568
896415805362537344,0.5641025641025641
896443599647802240,0.5555555555555556
896498311787622784,0.5
896783175103122816,0.3333333333333333
896840314357916288,0.6744186046511628
896916998457245568,0.9166666666666666
896930336705261184,0.3684210526315789
896940659000706304,0.75
896970805852992128,0.8148148148148148
896978701206593664,0.5
897132069489655296,0.625
897148395925368832,1.0
897155349623433856,0.5555555555555556
897157561230049920,0.0
897159199271842560,0.509090909090909
897489150765737088,0.4
897513574076048768,1.0
897518004956989312,0.8620689655172413
897777335742654208,0.5555555555555556
897778345309211648,1.0
897809646207758848,0.31746031746031744
897869421260632064,0.35555555555555557
897913379606937344,0.7142857142857143
898207230221495808,0.5
898284930911350144,0.6153846153846154
898288390979590912,0.5217391304347826
898309867231267456,0.8
898313654338960640,0.7894736842105263
898335009968616576,0.3333333333333333
898357422047267712,0.625
898420726321591168,0.44
898437597273513088,0.36363636363636365
898475838978929792,0.5897435897435898
898514579339622272,0.5
898588235132115200,0.6666666666666666
898589056398491264,0.0
898589406469529600,0.7857142857142857
898734878416720512,0.3333333333333333
898971772669650816,0.42857142857142855
898973609172565376,0.75
899184445847244160,0.14285714285714285
899220773146702464,0.5
899236920313236352,0.43636363636363634
899253143764241152,0.5
899301250657620224,0.8571428571428571
899359537260679936,1.0
899628845508416640,0.6666666666666666
899767405368299904,0.0
899774446482272128,0.375
899873050502594816,0.0
899882485515010688,0.9848484848484849
899910723503355008,0.7272727272727273
899911939692045824,0.8571428571428571
899944411772640384,0.6923076923076923
899996560721109504,0.7857142857142857
900014130238290432,0.0
900302748642830976,0.5652173913043478
900361156574257408,0.9259259259259259
900494984852962944,0.4
900562698350968832,0.5789473684210527
900610676097997440,0.75
900658656586813440,0.5
900821309519326336,0.8
901174763690671744,1.0
901187431413881984,0.3333333333333333
901189355804866688,0.7142857142857143
901201979024924160,0.0
901405844313394944,0.2916666666666667
901491943220799104,0.4090909090909091
901527037262936704,0.4375
901558105213616896,1.0
901614026906132096,0.0
901814023614571392,0.75
901993424099577728,0.18181818181818182
902002124571587072,0.4444444444444444
902071810797105024,0.23076923076923078
902105249944654464,0.8947368421052632
902138928606708992,0.47058823529411764
902139668028704512,0.46153846153846156
902212405895275008,0.8
902317723572022528,0.2
902343167634649344,0.5
902587769316925696,0.5555555555555556
902592712191670656,0.5714285714285714
902613901829409920,0.3125
902615931792299520,1.0
902619756611751040,0.8888888888888888
902666950866005760,0.47619047619047616
902669041047202048,0.8
902678326370988032,0.5
902704758632323328,0.3783783783783784
902718654168633216,0.68
902772484017609600,0.6153846153846154
902792544692922624,0.25
902799853534948864,0.4
902823878917985152,0.875
902848881697657344,0.7777777777777778
902858876259341568,0.8928571428571429
902860971246480256,0.5333333333333333
903035710736722944,0.3148148148148148
903231119079793920,0.7857142857142857
903290437898448000,0.625
903293494137960064,0.5
903299375075135232,0.625
903301036890964096,0.5428571428571428
903317980475882240,0.3888888888888889
903337738048663168,0.7936507936507936
903384046689531904,0.3333333333333333
903391735826963456,1.0
903417602914879872,0.625
903434050996573568,0.42105263157894735
903436514453868800,1.0
903452126803749248,0.7333333333333333
903588093874226944,0.5714285714285714
903676540831854208,1.0
903696654733515136,1.0
904148604686530560,0.4
904190090013392640,0.6
904200431771990912,0.64
904235514345275904,0.4146341463414634
904244780601055872,0.5454545454545454
904247330399570176,0.5774647887323944
904294400808951680,0.3333333333333333
904334368030126976,0.3220338983050847
904341789822142080,0.5151515151515151
904376928718232064,0.44
904619204744519936,0.3448275862068966
904695996675034752,0.5172413793103449
904895959178089728,0.4
904920252375725440,0.65
904928360612679680,0.35714285714285715
905008420901975168,1.0
905044794526060800,0.0
905050871330479872,0.0
905173977033284480,0.8461538461538461
905424904440561920,0.42105263157894735
905516210949332864,0.0
905540136912143872,0.46153846153846156
905737735565755520,0.7142857142857143
905885509729259136,0.6071428571428571
906312376636555520,0.5428571428571428
906374094626242304,0.0
906436356173209856,0.5208333333333334
906530289342023424,0.34375
906544222661903616,0.5
906633962261039104,0.6666666666666666
906639442880962944,0.6
906919376864457856,0.5
906951075091287936,0.6923076923076923
906970556016103808,0.46153846153846156
906972253321021824,0.8
906996104520160384,0.5666666666666667
907013121565850624,0.4
907075717259828096,0.7454545454545455
907078432375426560,0.7804878048780488
907080640812398080,0.25
907092703302960768,0.42857142857142855
907130407655071744,1.0
907176204659529088,0.4166666666666667
907183963211672192,0.7647058823529411
907225780619666048,0.3157894736842105
907339626492258816,0.47058823529411764
907639949035922432,0.0
907827131754433664,0.4
907915147405474048,0.6363636363636364
907970486980498688,0.16666666666666666
908011910692434944,0.5
908023020986205056,0.4
908041567839036672,0.6956521739130435
908059451175865344,0.16666666666666666
908075137094010496,0.44680851063829785
908423445679406848,0.625
908474557966530304,0.8
908541703461218688,0.25
908559354666183424,0.6666666666666666
908579150059163136,0.5714285714285714
908593915357355136,0.5357142857142857
908599710578326784,0.8333333333333334
908706335002686208,0.4166666666666667
908748664817038336,0.0
908761388416332928,0.9523809523809523
908771645692787200,1.0
909076408195852032,0.5714285714285714
909085126409940608,0.6086956521739131
909124124432952576,0.38461538461538464
909137067450296320,0.5294117647058824
909159139270320512,0.7307692307692307
909167169600486144,1.0
909207164260835712,0.5
909222602655474944,0.3387096774193548
909227823300664320,0.7692307692307693
909234459325556736,0.875
909292832745260032,0.5961538461538461
909301108597693056,0.8
909391217089843328,0.71875
909454328703246080,0.3333333333333333
909468354933527552,0.0
909474904243442176,0.3888888888888889
909852871322791424,0.5
909877069741628416,0.5454545454545454
909894152291769344,0.5454545454545454
909900823178375424,0.41379310344827586
909941165167238912,0.9032258064516129
910018330496207872,0.4
910105785899445760,0.29411764705882354
910111802901057280,0.5555555555555556
910129304701582208,0.5714285714285714
910166431682944384,0.7538461538461538
910208920706698240,0.34615384615384615
910538489661370752,0.6285714285714286
910564848908661248,0.16666666666666666
910595616613395072,0.5714285714285714
910768320264699264,0.5
911288711397399296,0.6470588235294118
911389759552917504,0.9230769230769231
911467756003683200,0.6666666666666666
911529037072501376,0.6129032258064516
911561414466899712,0.16666666666666666
911615053541600128,0.7647058823529411
911708161872126720,0.6
911751292615373696,0.7045454545454546
912073161335427200,0.4642857142857143
912181807382684160,0.0
912201329523839872,0.5652173913043478
912228541038729216,1.0
912297985868295936,1.0
912803772836110592,0.46875
912811173024035072,1.0
912836243936941568,0.0
912856789714219008,0.5714285714285714
912870744907997184,0.2
912932128035442816,0.4782608695652174
912944964834740096,0.4864864864864865
912978963333492864,0.8571428571428571
912988960716600832,0.675
913016588505884672,0.5
913023849556852096,0.4909090909090909
913083238726882688,0.5714285714285714
913097128163101184,0.6792452830188679
913125112707063552,0.75
913459879440689792,0.6363636363636364
913502896630009216,0.62
913506311663095552,0.6666666666666666
913510148888074368,0.6666666666666666
913608085781817600,0.703125
913660467139372288,0.75
913681748670025856,0.6666666666666666
913701032554987648,1.0
913761689320771200,0.4166666666666667
914167705469857536,0.6851851851851852
914185140532295808,0.5769230769230769
914211444312929280,0.3333333333333333
914259151704476800,0.4782608695652174
914282840881002624,0.43478260869565216
914282891334413312,1.0
914364414293496192,0.9272727272727272
914389788600904064,0.9117647058823529
914459947445575296,0.0
914546329280452096,1.0
914569839581286528,1.0
914808422560299648,1.0
914910455641330304,0.7272727272727273
914913334029620352,0.24
914924329824994304,0.6
915086532169540096,0.5
915325255583455232,1.0
915336740460222976,0.625
915716061980526208,0.6666666666666666
915767618367588736,0.8
915776847941544960,0.6666666666666666
915842797529874176,0.5
915849964893360896,0.4117647058823529
915870762627526656,0.3333333333333333
915871748903702272,0.6
915874649536698880,0.0
915929333751937024,0.8181818181818182
916046679124039168,1.0
916365365520132608,0.6666666666666666
916607635221916672,0.8703703703703703
916628962349801472,0.5147058823529411
916657128341764096,0.75
916722215313741184,0.5625
916728949572583936,0.5
916751664585404032,0.5714285714285714
916791818633268096,0.3333333333333333
917104437325151872,0.5714285714285714
917124278750677632,0.3333333333333333
917235221307752576,0.46153846153846156
917248270541149184,0.8
917255143408379776,0.5
917258246576796416,0.5454545454545454
917265535269812736,0.6666666666666666
917265731082652416,0.6
917273657841953920,0.6666666666666666
917288623431589888,0.25
917290059868041600,0.7894736842105263
917402748476184320,0.8043478260869565
917418354815639808,0.6285714285714286
917832699172354304,1.0
917849075539092864,0.3333333333333333
917902068517412736,0.38461538461538464
917930154065333120,0.9375
918001706921362432,0.6666666666666666
918059264688484096,0.8275862068965517
918065558988154368,0.5
918073084195187712,0.3333333333333333
918168568703768320,0.2
918198473007547136,0.7254901960784313
918502778743335680,0.4666666666666667
918528455555625856,0.42424242424242425
918580680366608256,0.8333333333333334
918615783779465472,0.7
918648306129598336,0.3541666666666667
918694772177771392,0.9166666666666666
918809508615146112,0.0
918883735611154048,0.6785714285714286
918987994658589824,0.4375
919177271395584000,0.375
919322313818002048,0.5208333333333334
919350516316398464,0.7
919360125589524736,1.0
919366616411121664,0.0
919391066738299392,1.0
919401625302471936,0.5
919410153842217984,0.0
919468213209792512,0.5
919613314161601664,0.7058823529411765
919942873481844352,0.5230769230769231
919976581454184448,0.391304347826087
919980918303145344,0.675
920009855068191104,0.7142857142857143
920020440086641536,0.14285714285714285
920073475771830272,0.6296296296296297
920084688158958080,0.4482758620689655
920119629536583552,0.35
920146694900823168,0.5789473684210527
920212030789958912,1.0
920286425788540672,0.3181818181818182
920401993759188736,0.5714285714285714
920412107998631040,0.75
920474485808750976,0.8333333333333334
920670343458609792,0.9
920686894697304192,1.0
920772543656430080,0.0
920978867201017472,0.4642857142857143
920989577264081408,0.0
921000824503045120,0.9743589743589743
921073690346525952,1.0
921495594926506496,0.6428571428571429
922139306848682624,1.0
922147830551670912,0.26666666666666666
922316327715896576,0.7222222222222222
922327195884883328,0.6363636363636364
922338910142589184,0.41304347826086957
922381388781509760,0.38636363636363635
922405595497673472,0.6052631578947368
922409405079516672,0.7307692307692307
922429273352634752,0.5476190476190477
922551333881544320,0.29411764705882354
922848502880498176,0.75
922908521798852736,0.40217391304347827
922924143021416320,0.6666666666666666
922937122692507392,0.75
922967135544633984,0.6756756756756757
923011971896686464,0.5714285714285714
923081333271968000,0.3333333333333333
923163244863068544,0.3
923237780712553216,0.47368421052631576
923310230367005184,0.696969696969697
923623685546503936,0.47368421052631576
923934233137148160,0.4090909090909091
924423979070460800,0.5
924534045109876608,0.625
924539127568985600,0.0
924610727330035584,0.375
924685306517302400,0.35135135135135137
924722449994652672,0.5
925073200187656832,0.4634146341463415
925087177115509504,0.5
925134737591945984,0.8333333333333334
925146396123384832,0.47058823529411764
925217685952233856,0.6590909090909091
925222815958199680,0.2222222222222222
925260040661952512,1.0
925416656428075392,0.25
925417468072292736,0.5813953488372093
925746622631373056,0.5
925797775538140544,0.43902439024390244
925825501341850112,0.7
925955043151835264,0.5833333333333334
926115431419863424,0.6666666666666666
926147859038631040,0.16666666666666666
926256118351073408,0.5
926261293116266752,0.4166666666666667
926262033709499264,0.0
926535238409854336,0.47540983606557374
926537684850416768,0.3333333333333333
926575160636996608,0.25
926591117501290496,0.0
926709808005752832,0.2
926720355021612544,0.5
926771952054534016,0.7692307692307693
926797033452761728,0.5714285714285714
926906442293271296,0.0
927171026532629504,1.0
927176721010036992,0.34375
927229338319329280,0.7297297297297297
927283189178689152,0.6153846153846154
927326851666757248,0.52
927355601864043520,0.7948717948717948
927397337372549888,0.49122807017543857
927410274678258048,0.5714285714285714
927477133746293760,0.46153846153846156
927479179157811840,0.5689655172413793
927590868840209024,0.0
927624476311495936,0.6027397260273972
927943593942212608,0.5
927957002709615872,1.0
928072918092486016,0.75
928073847380044032,0.5
928081751943535360,0.6964285714285714
928089462043094528,0.3333333333333333
928097672667816064,0.6666666666666666
928153492839267712,0.42105263157894735
928186197422030720,0.37037037037037035
928195662243665664,0.5
928236727443762944,0.8524590163934426
928351296098115968,0.8840579710144928
928355522540303104,0.717948717948718
928562994402911232,0.9032258064516129
928695594411003392,0.47619047619047616
928724695427329280,0.5714285714285714
928745071003868800,0.9545454545454546
928773199431624960,0.7777777777777778
928775708939693696,0.42857142857142855
928785733429894400,0.48148148148148145
928811312709811456,0.4666666666666667
928819221972436608,0.6071428571428571
928820321533000832,1.0
928861530567515776,0.6
928899831654479488,0.8421052631578947
928969536887547776,0.47058823529411764
929025879885861376,0.6031746031746031
929108176669986048,0.2857142857142857
929302207766971776,0.6875
929417870895755392,0.5714285714285714
929476277453091968,0.4883720930232558
929477734241606144,0.4444444444444444
929478950335035136,0.6333333333333333
929599106821201280,0.3
929655182681887488,0.3333333333333333
929666341804271488,1.0
929721080448552320,0.391304347826087
929727597746511232,0.4507042253521127
929779300877068416,0.8461538461538461
929791325788305024,0.4482758620689655
929807901930624768,0.0
930294280874306944,0.4583333333333333
930299496091563136,0.6666666666666666
930339696951476736,0.0
930370524154374272,0.56
930417994953301376,0.5945945945945946
930435231100037888,0.6481481481481481
930533441264321408,1.0
930956399852702592,0.391304347826087
930967067681373184,0.8918918918918919
930997527439113472,0.7777777777777778
931042159102511104,0.5
931080709038487808,0.8166666666666667
931251851742924288,0.43243243243243246
931524607303097216,0.6875
931553791078858368,0.5
931562595208956800,0.3888888888888889
931596660318816384,0.3728813559322034
931607985401114496,0.75
931622008166548096,0.8
931632457936566016,0.75
931651787317563392,0.5
931687300743809280,0.6666666666666666
931704640408912640,0.6923076923076923
931742643828734080,0.52
931812870472345344,0.7272727272727273
931821243697044608,0.25
931875056525718528,0.22727272727272727
931986808815211008,0.5833333333333334
932078762228111488,0.0
932078769032903936,0.5
932293463848665728,0.6923076923076923
932319704096274176,1.0
932381398674178944,0.7674418604651163
932400313038458240,0.5714285714285714
932487716014381184,0.7446808510638298
932490040751972736,0.5333333333333333
932499135428457728,0.2916666666666667
932500724891215360,0.5609756097560976
932535801844593664,0.4074074074074074
932597811320404736,0.0
932611289391570944,0.4444444444444444
932684397579922560,0.7857142857142857
932688959328771072,0.5
932746447408793984,0.391304347826087
932986842483290368,0.6666666666666666
933016635627318016,1.0
933037674538189440,0.46153846153846156
933071607411341184,0.8
933079998216365056,0.0
933112298752795648,0.8
933139654157111680,1.0
933150016077166720,0.0
933183379965739008,0.5
933191765361696896,0.6
933206658486892160,0.5625
933356254111317120,0.41935483870967744
933416306325904768,0.45454545454545453
933425884606291328,0.6153846153846154
933429994020136576,0.8666666666666667
933853713628487808,0.8173076923076923
933901465924725888,0.5
933919029164493696,0.5714285714285714
933969969723565568,0.6521739130434783
934052197939467520,0.4375
934406268239693696,0.25
934526694691522688,1.0
934591438725634688,0.8
934628369360179712,1.0
934635884600011904,0.5555555555555556
934651327335074560,0.6666666666666666
934728359580212864,0.46153846153846156
934763449982665728,0.3333333333333333
934866748621366784,0.5294117647058824
934878994258132736,0.0
935151078786637824,0.7894736842105263
935338712979090176,0.7368421052631579
935401051939161728,0.8235294117647058
935409811147718272,0.7407407407407407
935418750344259968,0.5714285714285714
935503212419857920,0.38461538461538464
935572032223346304,0.6
935914753936049152,0.4
936070291448407040,0.6470588235294118
936082252002906240,0.6666666666666666
936097053619155968,0.4411764705882353
936167076266731264,1.0
936230081932019456,0.3333333333333333
936324306046378112,0.7647058823529411
936809117336698752,0.5
936839340791182080,0.6666666666666666
936887821410997120,1.0
936980249911467392,0.6991150442477876
937026782136232960,0.42857142857142855
937063047273185920,0.4117647058823529
937345671123672576,0.6170212765957447
937373447627961216,0.0
937407348007383552,0.5
937505955327925504,0.6666666666666666
937525679233839872,0.0
937574264870274304,1.0
937603798172509312,1.0
937615382685979008,0.40384615384615385
937621619156715904,0.0
937732144613980416,0.7142857142857143
937767489185630080,0.6
937782828990555392,0.5
937857163301563904,1.0
938032094731952512,0.6666666666666666
938102867754835840,0.5
938108852472450048,0.0
938118105590856064,0.4
938178518674834816,0.5909090909090909
938186615070656896,0.5853658536585366
938209972099029504,0.375
938224943035727488,0.4444444444444444
938265468011030400,0.7307692307692307
938280341064646400,0.8571428571428571
938308009364841984,1.0
938332510868695040,0.5555555555555556
938334454044799872,0.6304347826086957
938342617586447232,0.5909090909090909
938361419284280832,1.0
938361589798022784,0.6666666666666666
938385664724733184,0.5384615384615384
938409744040337536,0.76
938443698101012992,0.5
938478752922272128,0.24
938489368238668032,0.2978723404255319
938517860669858816,0.6666666666666666
938596313255624832,0.375
938848681085952000,0.7
938886093452563200,0.7
938934322509231232,0.4444444444444444
938988571319018752,0.5714285714285714
939002496069608320,0.45161290322580644
939005241664100608,0.0
939047353140134272,0.7073170731707317
939071271972241152,0.8205128205128205
939095276746735360,0.5
939111512466660608,0.7037037037037037
939206322453161216,0.4444444444444444
939358157618856320,0.3333333333333333
939519122713716736,0.9047619047619048
939558151543047552,0.4782608695652174
939579759890745344,1.0
939630917343693824,0.7575757575757576
939634674114052224,0.8888888888888888
939702928247455360,0.1875
939746852484411136,0.6666666666666666
939748033605938816,0.5588235294117647
939757472246064896,0.4166666666666667
939769076509548416,0.3333333333333333
939796844641537280,0.40625
939938292550968192,0.3333333333333333
939960554353685376,0.5365853658536586
939987239315284864,0.5945945945945946
940035408899097984,0.9354838709677419
940269495599692416,0.5
940384895186243328,0.5053763440860215
940393240131060352,0.4666666666666667
940411706754973184,1.0
940421722655852672,0.0
940438505882109440,0.6666666666666666
940462630885404416,0.6363636363636364
940485494241146112,0.30357142857142855
940593495348459776,0.7777777777777778
940977620565685888,0.8076923076923077
941024066949916544,0.8666666666666667
941043724377871744,0.5909090909090909
941069176012047872,0.2608695652173913
941083760663925376,0.5416666666666666
941086453732154624,0.4731182795698925
941088041220519552,1.0
941140978534132096,0.5
941160265600776960,0.631578947368421
941209435655105664,0.0
941309871242486272,0.0
941792200151083520,0.5
941867178938570752,0.3181818181818182
941868356731629696,0.2857142857142857
942504103947188736,0.9285714285714286
942528271450777344,0.5
942634210438927360,1.0
942710369842202240,0.65625
942755540905367296,0.5454545454545454
942905164029687040,0.16666666666666666
943205775257429504,0.14285714285714285
943336975089952256,0.6896551724137931
943399312961113344,0.4883720930232558
943413703048708224,0.75
943472727220184704,0.75
943517862024272896,0.5
943532319342130816,0.6538461538461539
943816251139906816,1.0
943827109340565248,0.9166666666666666
943938781527268736,0.38461538461538464
944012580509366912,0.4666666666666667
944038192599620096,0.55
944052840732683392,0.5
944091570418107392,0.8
944206928441709568,0.7692307692307693
944294910425633664,0.5
944297947764498816,0.5
944608512302014080,0.6842105263157895
944651206339454464,0.46153846153846156
944696391364345472,0.8076923076923077
944771299321424640,0.7777777777777778
944779467721067136,0.8571428571428571
944804559334703360,0.9347826086956522
944863325996662272,0.7333333333333333
944866477527351040,0.0
944927708346770560,0.43243243243243246
945441127088088832,1.0
945442241443007360,1.0
945492014639888896,0.2
945584419827204352,0.3
945733193266886528,0.75
945999816014425472,0.14285714285714285
946015439010890112,0.7714285714285715
946126516191491968,0.4
946148056404650752,0.953125
946193737105036544,0.43902439024390244
946217254520899072,0.7105263157894737
946269279870214016,0.20833333333333334
946340672863845376,0.8923076923076924
946354987267403648,0.47058823529411764
946364174808133120,0.4444444444444444
946364179662466688,0.375
946364184708231040,0.14285714285714285
946458950256666624,0.8076923076923077
946774221934146688,0.7777777777777778
946789757026679936,0.5714285714285714
946791637880620032,0.2894736842105263
946792743247001088,0.6
946841138492190848,1.0
946851304518249344,0.5
946911432563392640,0.45714285714285713
946928458080293376,0.0
947046229502967936,0.9090909090909091
947069066129845248,0.90625
947074967351560448,0.42857142857142855
947075910872670208,0.5531914893617021
947111505759614464,0.3870967741935484
947149520273164032,0.6666666666666666
947273006726643968,0.8108108108108109
947520589808561920,0.0
947538721688480000,0.5
947613940090046080,0.8
947631372629539456,0.1
947672823389490176,0.6363636363636364
947733605121296640,0.3333333333333333
947745818143170176,0.5
947759581024282624,0.5714285714285714
947799799794083072,0.5
947803281051337344,0.5
947827515608700800,0.42857142857142855
947832573505730688,0.14285714285714285
947850028755347840,0.0
947880985272272128,0.7
947907885798689408,0.0
947924033779720576,0.3333333333333333
948267312341355008,0.6
948279356016192512,0.7246376811594203
948367928124446208,0.3333333333333333
948385411416534272,0.7058823529411765
948389577902239488,0.7
948470679679959552,0.7868852459016393
948480163987613824,0.8620689655172413
948504435960610944,0.0
948528358979537408,1.0
948598548070418048,0.625
948674144289446144,0.5
948950820472240256,1.0
949008079892912256,0.5
949019651547259904,0.7121212121212122
949050898678421632,0.0
949058180595402496,0.5714285714285714
949080710168760320,0.46153846153846156
949096793918995840,0.6
949182333909339264,0.8222222222222222
949198204684088064,0.7307692307692307
949369928532426624,0.6206896551724138
949814902218582144,0.6666666666666666
949840831896401664,0.45454545454545453
949878097952565248,0.7894736842105263
949922094408156288,0.7272727272727273
949925434357486080,0.46153846153846156
949961545170005760,0.4444444444444444
950018680098157312,0.47368421052631576
950111573023209088,0.6470588235294118
950431756840842112,0.55
950486897209321856,0.2857142857142857
950573566719017984,0.5263157894736842
950615851323836288,0.9545454545454546
950621613414472704,0.56
950628900897902464,0.5
950643300926202496,0.6428571428571429
950648882754343936,0.0
950664903436022016,0.5806451612903226
950722166656087296,0.5454545454545454
950801138937150080,0.7894736842105263
950801360034724480,1.0
950808387306241536,0.5454545454545454
950812264311699200,0.6875
951213680404248832,0.35714285714285715
951279336882700288,0.9
951280085620147328,0.4098360655737705
951435781453460864,0.5869565217391305
951482429267889408,0.3888888888888889
951855294067652224,0.5925925925925926
951866539510720512,0.7058823529411765
951872503754199424,0.44
951873828982085120,0.6923076923076923
951878922140564608,0.5454545454545454
951967216832603776,0.5
952045718075824768,0.8333333333333334
952048654665703296,0.8181818181818182
952102144739118080,0.8620689655172413
952233434664412800,0.9019607843137255
952573032109226496,0.25
952687409672827904,0.9
952697646320732160,0.9069767441860465
952787961344911104,0.5121951219512195
952798976443989248,0.3333333333333333
952805379478514560,0.4
952882065970956544,0.6666666666666666
952890495374969600,0.4230769230769231
952947197247289600,0.6216216216216216
953106596533942912,0.8292682926829268
953283764746144768,0.7407407407407407
953299782116183552,0.5555555555555556
953386362552482688,0.8
953399551910655744,0.5294117647058824
953419773340027648,0.5
953430788775668736,0.5384615384615384
953445923051248384,0.5
953472708166129280,0.34285714285714286
953489426714221568,0.4897959183673469
953557707161497472,0.2
953574886858373248,0.47058823529411764
953588301403114880,0.7857142857142857
953670229719837312,0.5416666666666666
953691076140030976,0.6666666666666666
953871795552243968,0.5357142857142857
954209596349864064,1.0
954265055726310784,0.5714285714285714
954418104741959296,0.47761194029850745
954749589450902144,0.6666666666666666
954772430739132672,0.5555555555555556
954879727702963840,0.8775510204081632
954897847866901248,0.5
954924288165792640,0.5714285714285714
954937747786585728,0.4166666666666667
954954067785364352,0.2222222222222222
955066413038147200,1.0
955109905992696960,0.6578947368421053
955130411287837824,0.6857142857142857
955488325572919040,0.14285714285714285
955569298498846976,0.835820895522388
955586571421143808,0.5862068965517241
955632789686124032,0.5
955641958881837568,0.16666666666666666
955666747233012352,0.75
955686387696820224,0.2318840579710145
955784924116728192,0.5384615384615384
955826227733906816,0.75
955839519252974336,0.6666666666666666
955847707412125184,0.5272727272727272
956246260925224576,0.5862068965517241
956364829574312320,0.5531914893617021
956380336968750080,1.0
956394970425992576,0.3333333333333333
956407429511555840,0.6
956429974393867008,0.8666666666666667
956450030703379200,0.6875
956534625988414720,0.6666666666666666
956544405424710912,0.6857142857142857
956937277062948736,0.40625
957049759096260608,0.75
957064744215970688,0.75
957182031789175040,0.4716981132075472
957191061081119488,0.23076923076923078
957642830452448000,0.3333333333333333
957655872424260224,0.2857142857142857
957688430517428480,0.7428571428571429
957869284181586688,0.7
957924384027308288,0.5454545454545454
958048739944468096,0.5555555555555556
958056913485796608,0.6470588235294118
958062242754275328,0.34782608695652173
958069653940761728,0.3333333333333333
958073676095803648,0.42105263157894735
958076921849565440,0.38095238095238093
958079922116061312,0.14285714285714285
958257380600128768,0.2857142857142857
958414761572247424,0.0
958687249111153920,0.8
959164614084580992,0.7111111111111111
959285925045345920,0.30303030303030304
959476992010102784,0.8148148148148148
959499376605879296,1.0
959570590078599808,0.46153846153846156
959582619443135104,0.59375
959801317523086336,0.5909090909090909
959858264202214656,0.0
959892672636009728,0.48717948717948717
959996210425204096,0.375
960020438228597760,0.975609756097561
960054398164967808,0.2
960627906304735360,1.0
960630944030136832,1.0
960672976942262528,0.7837837837837838
960676056365778688,0.5
960718331230711296,0.4444444444444444
960752906848556160,0.5
960790619384032384,0.5
961036906291822848,0.0
961214540210885376,0.75
961229893259241856,0.6666666666666666
961281183542052480,0.25806451612903225
961374366668118528,1.0
961445111374378496,1.0
961448069791140224,1.0
961540273411032448,0.8536585365853658
961653393647174144,0.16666666666666666
961662527211392128,0.0
962089791848718336,0.4
962093664933479296,0.15
962271349240918528,0.7045454545454546
962353622214661376,0.7674418604651163
962401610718511360,0.3157894736842105
962723877963462400,0.9411764705882353
962731004431332480,0.5538461538461539
962764610885906304,0.2222222222222222
962794543700064256,0.9655172413793104
962811602338359040,0.6666666666666666
962932410627454720,0.3333333333333333
963107540029626112,0.5
963444392291625984,0.6428571428571429
963452736518696576,0.8
963462396922518656,0.72
963470440626071168,0.6666666666666666
963535377990541312,0.7142857142857143
963649123076078976,0.4634146341463415
963814054642899200,0.43902439024390244
963825689872325248,0.6666666666666666
963850924928562304,0.35714285714285715
963857416949581312,0.8888888888888888
964009179367327232,0.6
964282236767793024,0.4
964292470934021888,0.3125
964295370739634944,0.4666666666666667
964410948186182656,0.76
964432231383665920,0.75
964441036091851776,1.0
964449031128712192,0.6744186046511628
964567679736042368,0.625
965137198890733312,0.42857142857142855
965155143881812224,0.6666666666666666
965169522238317824,0.5714285714285714
965173263849331456,0.9259259259259259
965185295093731072,0.6666666666666666
965200266317749760,0.47058823529411764
965319092145317376,0.5217391304347826
965347526217624960,0.5
965350858178232320,1.0
965395293496169088,1.0
965754619408811136,0.4444444444444444
965845577114194048,1.0
965887466556391040,0.6428571428571429
965895736747498880,0.5405405405405406
966433815861448064,0.125
966460810818742016,0.0
966522298388345216,0.8275862068965517
966612831025885568,0.5
966613518441709440,0.3333333333333333
966627828419394048,0.6666666666666666
966704424353762688,1.0
967088775840495872,0.7567567567567568
967130822744491392,0.9545454545454546
967473916615767552,0.0
967839268291980160,0.6
967935105654506240,0.9322033898305084
967936857410134784,0.8421052631578947
968060915484477952,0.5
968101196562334464,0.5238095238095238
968106899092764416,1.0
968116666226444672,0.0
968167915297156096,0.45
968228162308114432,1.0
968241753972232704,0.6341463414634146
968442283627890560,0.6538461538461539
968549075490957568,0.5
968549357691982080,0.46875
968566154556471040,0.0
968590356323128192,0.8181818181818182
968597275856161152,0.6086956521739131
968613209862914304,0.6818181818181818
968613446840518272,0.9166666666666666
968641555445964544,0.5
968660991030772608,0.3125
968745498463176704,1.0
968768549914297600,0.7142857142857143
968772572375392256,0.8
968840313561158912,0.6666666666666666
968930470934150400,0.6956521739130435
969235589875686528,0.6129032258064516
969268771142097664,0.5
969343907231636352,0.5
969397514475561984,0.5138888888888888
969451622278548864,0.5
969462546558378880,0.6153846153846154
969498627576616832,0.7142857142857143
969519694855726080,0.7142857142857143
969558049988102144,0.0
969616375334731904,0.2857142857142857
969767191663020416,1.0
969985407004080256,0.5714285714285714
969985674261007232,0.30434782608695654
970039848715526016,0.42857142857142855
970056041254231680,0.631578947368421
970057329021885184,1.0
970059233365310336,0.6486486486486487
970108039869414272,0.4
970122929185911680,0.5
970170055578332672,0.6666666666666666
970192169598924032,1.0
970193016246113280,0.8717948717948718
970197439883223424,0.5
970204073995034368,0.0
970328050975782272,0.8793103448275862
970362594105870080,0.25
970368661508986240,0.6781609195402298
970698992326227200,0.5
970749904827608064,0.4
970755701868493824,0.25
970776894224902912,0.5
970867044577962112,0.8181818181818182
970932607463666304,1.0
971408821122360576,0.5263157894736842
971441576958896256,0.8695652173913043
971461813965772800,0.45454545454545453
971485683581591552,0.6909090909090909
971561239025224704,0.14285714285714285
971572041166948224,0.36363636363636365
971641494258560896,0.42857142857142855
971651994785005056,1.0
971661262720697856,0.6666666666666666
971680788108654848,0.7586206896551724
971855431552920576,0.4868421052631579
972089922881727104,1.0
972140881572377344,0.74
972244651873798784,0.15625
972256147186893824,0.6666666666666666
972330688820211328,0.4375
972358876299044480,0.3611111111111111
972375111555659008,1.0
972432597979539968,0.4722222222222222
972518055544265728,0.0
972543230029781248,1.0
972571249292824704,0.8055555555555556
972572973798232192,0.5
972838281847517184,0.7291666666666666
972846249933159168,0.7924528301886793
972874984277418624,0.5
972885044429048832,0.3333333333333333
972904330377022592,0.3333333333333333
972910446534051328,0.6415094339622641
972974950816292096,0.47058823529411764
972975482809205632,0.6
972977221060422144,0.5
972981238702248576,1.0
973013384553094016,0.7567567567567568
973027128601147904,0.6363636363636364
973040662966244608,0.45
973075238096788352,0.6923076923076923
973081766296296320,0.7575757575757576
973123697904220800,0.3902439024390244
973150563415025024,0.5102040816326531
973196272978289536,0.375
973251387118897408,0.6
973275275880810368,0.0
973318044263275008,0.6865671641791045
973656594418917504,0.38636363636363635
973722768152817920,0.6129032258064516
973730570958243456,0.8918918918918919
973750514954774016,0.5454545454545454
973755612902923008,0.2
973780988757658880,0.3333333333333333
973803491577691264,0.64
973815046712991232,0.5
973893932247547008,0.6808510638297872
973924988268774528,0.42857142857142855
973973446189655808,0.5172413793103449
974289148309646464,0.7317073170731707
974299198074458880,0.5357142857142857
974327786872931584,0.5370370370370371
974537127067566080,0.45454545454545453
974631055041895552,0.5
975074929165537536,0.4827586206896552
975077832311527168,0.0
975101777705115776,0.4230769230769231
975106664499293696,0.6615384615384615
975110643900402816,0.3333333333333333
975198846796822912,0.640625
975204861282928000,0.6521739130434783
975245787306078464,0.6666666666666666
975280682328829952,0.2
975283893165276416,0.6
975345184554753664,0.24
975416161921459584,0.23076923076923078
975443219013219584,0.5833333333333334
975803802393306752,0.3333333333333333
975976785345601664,0.8390804597701149
976007648333633024,0.8870967741935484
976057266675760256,0.22727272727272727
976125941603669120,1.0
976549872822917760,0.6410256410256411
976595674773865216,0.0
976637151666648064,0.8648648648648649
976643664497077760,0.6862745098039216
976682613799000832,0.9137931034482759
976740355586259840,0.6666666666666666
976867693514199552,0.5
977360248906949632,1.0
977385640424163712,0.38461538461538464
977424381476007040,0.6666666666666666
977449267252925952,0.36
977467829392461696,0.8
977575474500766848,0.75
977653514652631808,0.8736842105263158
977909746726667776,0.423728813559322
977941534322259840,0.5
977941899838830208,0.631578947368421
977962254090343936,0.5555555555555556
977973646607037568,0.3333333333333333
977983262434737280,0.42857142857142855
978019657734187520,0.9047619047619048
978032286701426560,0.6
978045450848692608,1.0
978140067302587904,0.7142857142857143
978157386288279168,0.5238095238095238
978196003664836608,0.4
978248326943078912,0.5135135135135135
978689928590062720,0.6
978722421579816064,0.0
978801739279393280,0.5
978810502925606016,0.5
978811437715694080,0.36363636363636365
978813702310050816,0.0
978836002435361280,0.5263157894736842
978860630720972672,0.8333333333333334
978872551095385088,0.391304347826087
978873748577815552,0.7659574468085106
978874358887949312,0.7647058823529411
978896767508047872,0.9433962264150944
978917766165844352,1.0
979036291082809344,0.47058823529411764
979037820433867264,0.6666666666666666
979441609334234880,1.0
979479518856020736,0.3333333333333333
979489418588681600,0.5454545454545454
979518699004305536,1.0
979536072469607808,1.0
979606346597252864,0.7
979640349730540288,0.5
979688278349420800,0.0
979698435905512704,0.18181818181818182
980158299106982784,0.8947368421052632
980175668892224128,0.5
980233573929877632,0.5555555555555556
980286168743172224,0.5806451612903226
980327976639210880,0.5
980512515126520576,0.75
980885244294243200,0.7777777777777778
980938070914595712,0.53125
981048795758951936,0.6666666666666666
981082672874207872,0.3333333333333333
981093273120413568,0.7916666666666666
981201240439818880,0.0
981288064378650112,0.3684210526315789
981578059618059776,0.5897435897435898
981645911131702272,0.7301587301587301
981694307943055232,0.5454545454545454
981748039444956800,0.75
981824938968596736,0.8333333333333334
981871011348938752,0.7142857142857143
981876923349563264,0.5555555555555556
982323861199846400,0.5517241379310345
982375300351703168,0.2
982397007964366080,0.5714285714285714
982404592729367296,0.8571428571428571
982411168066124800,0.3125
982456938788263424,0.6666666666666666
982493222943875072,0.5142857142857142
982525520154038528,0.36
982551016276111232,0.7297297297297297
982574400123399936,0.7083333333333334
982677631635424896,0.8461538461538461
982924994075988864,0.4782608695652174
983155846336536832,0.8
983232799514646784,0.8333333333333334
983265777662387328,0.5833333333333334
983267244063340032,0.6410256410256411
983283444502525312,0.7222222222222222
983336998328386176,0.47368421052631576
983358540214936064,0.5925925925925926
983546960759954560,0.78125
983738353736823936,0.5
983781960032191744,0.4
983823640817735296,0.7142857142857143
983838374553436800,0.16666666666666666
983855001417308800,0.0
983863357108325504,0.825
983921318856255744,0.5
983994544898528256,0.41025641025641024
984003118611374976,0.4
984009717052219392,0.35714285714285715
984040475828475264,0.29411764705882354
984063535953767296,0.65625
984130572222576384,0.5384615384615384
984505010794501760,1.0
984539357626596608,0.0
984589627558277632,0.5
984624080169753856,0.75
984641551561697920,0.8333333333333334
984667927283784448,0.5
984669646117819648,0.5555555555555556
984695505734641408,0.65
984718134295937280,0.8571428571428571
984768640460759936,0.8918918918918919
984810105920560512,0.6122448979591837
984817900327222656,0.0
984833987048459648,0.0
985254994903390464,0.7777777777777778
985255712948223232,1.0
985255931153399168,0.23684210526315788
985276769224252160,0.5428571428571428
985305931033692416,0.6274509803921569
985324711148194560,0.48484848484848486
985348111250358656,0.16666666666666666
985362792007157504,0.42857142857142855
985445706802009600,0.5952380952380952
985447013213228800,0.8214285714285714
985447107955544576,1.0
985548102701939968,0.5
985578704080022784,0.16666666666666666
985616088771650944,0.5238095238095238
985939346272066944,0.5
985951686121686656,0.43333333333333335
985960849239780608,0.6956521739130435
985979485026232576,0.8333333333333334
985979631261918208,0.45454545454545453
985982671005409408,0.5
985993884430369152,0.8305084745762712
986005705533595776,0.9016393442622951
986012142152033408,0.5555555555555556
986019602628058240,0.2727272727272727
986026314532734848,0.25
986028576288430976,0.25
986039624820433792,0.7142857142857143
986047266091903872,1.0
986103655247092864,0.6774193548387096
986231304488863104,0.3333333333333333
986498893902853504,0.5
986712513820258688,0.0
986801935775771264,0.5217391304347826
986957412817841152,0.42857142857142855
987483511751490432,0.38095238095238093
987556987605177856,0.7894736842105263
987561158738793088,0.6571428571428571
987566257801924608,0.6153846153846154
987726025941122944,0.0
987757848658699904,0.75
987832868964227584,0.25
987913591750478720,0.5
988057392816109568,0.3333333333333333
988094090466505984,0.6666666666666666
988112036188159616,0.6296296296296297
988153726303258240,0.43333333333333335
988155470939496448,1.0
988325334627169792,0.5
988332472263729792,0.6428571428571429
988379840744285952,0.5714285714285714
988384225835711488,0.5172413793103449
988452857648432384,0.0
988871199177623808,0.46153846153846156
988882381826603136,1.0
988925755392889344,0.9411764705882353
988972627637834496,0.75
988975733238857856,0.5
988986421498868224,0.37681159420289856
988994357021581056,0.4
989061790359086976,0.2857142857142857
989082459471027712,0.782608695652174
989135537671783680,0.8
989187628217286656,0.5555555555555556
989563377028269184,0.47368421052631576
989618330622968832,0.5681818181818182
989647204175519360,0.34782608695652173
989681625206932352,0.65
989692345673885440,0.5
989708989147128448,0.4666666666666667
989730603425291392,0.6
989748195667943296,0.7777777777777778
989762138705192320,0.5925925925925926
989818177639199488,0.7142857142857143
989837440397408000,0.3333333333333333
989870362498827136,1.0
989933572319731712,0.4444444444444444
989968047313536000,0.5806451612903226
990266222195558016,0.4166666666666667
990301352941745408,0.5
990347984788463360,1.0
990361132072544640,0.7333333333333333
990451159773304192,0.46153846153846156
990570525471533184,0.5135135135135135
990589756337300352,0.375
990601067369158016,0.36363636363636365
990651443355884800,0.72
990767700549586304,0.7647058823529411
991046237942064512,0.45454545454545453
991084582615740416,0.5714285714285714
991180278923618048,0.7692307692307693
991215486129339008,0.0
991215772761124096,0.5789473684210527
991230854645170048,0.0
991315950327331328,0.5
991674799771605888,0.5434782608695652
991694515888098688,0.875
991813470103774592,0.7714285714285715
991845452915656064,0.0
991880335108577152,0.0
991884005787910784,1.0
991940842524832384,1.0
991964248813106048,0.4482758620689655
992131998446961792,0.8333333333333334
992443167379010176,0.4473684210526316
992617505098520192,0.3684210526315789
992627119237942272,0.7
992657719324610048,0.46153846153846156
992687566664185088,1.0
992744912505056640,0.5609756097560976
992807507794754304,0.6666666666666666
993215392827338752,0.0
993221075183317760,0.64
993226198055788800,0.42105263157894735
993242942917971712,0.42857142857142855
993330453952048256,0.7142857142857143
993339908349204096,0.25
993348821347519104,0.7894736842105263
993440490681674368,0.47368421052631576
993454040449861120,0.6666666666666666
993464420067231616,0.5833333333333334
993479693403154560,0.6333333333333333
993482403867466240,1.0
993491426728445696,0.6
993608228737109120,0.8791208791208791
993879257658482176,0.5
993956560843464064,0.0
993992555147230080,0.84375
994071248762985600,0.0
994090738147200896,0.4423076923076923
994091724439071488,0.4375
994096144015234944,0.5526315789473685
994150880235458816,0.6666666666666666
994214280236757632,0.7142857142857143
994240782950151936,0.5294117647058824
994322142450114432,0.6607142857142857
994329533773002752,0.9
994780756111009152,0.3333333333333333
994829486463112448,0.5
994881891328438272,0.56
994888531964137984,0.47368421052631576
994919987600347648,0.7037037037037037
994934807275340928,0.5
994941745118626304,0.5769230769230769
995157927262676992,1.0
995325045555149184,0.5
995365188833873024,1.0
995407803949218688,0.7454545454545455
995430173845841280,0.3783783783783784
995435963001621248,0.5
995438996518531968,0.43243243243243246
995461193902547968,0.0
995495096612766336,0.38095238095238093
995569454232485376,0.2
995675561050879360,0.75
995751978183839360,0.7681159420289855
996089448196542336,0.45454545454545453
996123212476624768,0.6666666666666666
996140170924809344,0.7
996143076016235264,0.7142857142857143
996165559245842432,0.5
996190466317164160,0.36363636363636365
996251446086083456,0.2727272727272727
996296563635024512,0.46153846153846156
996296876898099200,0.6111111111111112
996305439109350400,0.4461538461538462
996314774564425984,0.5625
996337775892921216,0.5483870967741935
996856996955239680,0.2857142857142857
996873366922620544,0.5384615384615384
996879935108695040,0.3888888888888889
996894106173234944,0.0
997027135532185344,0.8
997029425558812800,1.0
997036574325535360,0.5
997073346124413696,0.5555555555555556
997265798099850112,0.65
997267689878937856,0.5416666666666666
997529397076530944,0.5185185185185185
997530912841723136,0.7090909090909091
997581006772911488,0.6666666666666666
997706379996408064,0.6666666666666666
997740635717065984,1.0
997744808289427968,0.35714285714285715
997750876405097472,0.3888888888888889
997763691152944384,0.95
998333601492735232,0.5238095238095238
998346242016693376,0.8125
998357238867373312,0.6511627906976745
998389528536632064,1.0
998397321506292480,0.5853658536585366
998405183278949760,0.8297872340425532
998416855086248064,0.7272727272727273
998452699337852672,0.0
998456028100807296,1.0
998474380957370240,1.0
998485669010640512,1.0
998494420978405760,0.42857142857142855
998506737832383744,1.0
998517244083699072,1.0
998547289252823680,0.7058823529411765
998551848857662720,0.875
998620647194767872,0.6808510638297872
998959846178414464,0.4166666666666667
998980162999708032,0.8125
999019156672366592,0.5
999028676883669504,0.25
999043485643387392,0.55
999085411656075136,0.5454545454545454
999094912771307008,1.0
999116839988863232,0.5
999149162860446080,0.6206896551724138
999162674042441600,0.5555555555555556
999185257611075712,0.6956521739130435
999190882351034496,0.3684210526315789
999203019925242880,1.0
999274152086809600,0.25
999390727984277248,0.8333333333333334
999733049314181632,0.7241379310344828
999734065853843200,0.74
999758253754800768,0.75
999776293739056128,0.6470588235294118
999836395636797696,0.8
999844427902324992,0.8857142857142857
999876787836171904,1.0
999892752560060160,0.6415094339622641
999939563202470528,0.4444444444444444
999944967748518528,0.5098039215686274
999958066220148480,0.4230769230769231
999976078352515712,0.28
1000074962707914112,0.55
1000085573090116608,0.4838709677419355
1000102098252710016,0.6
1000134858167506816,0.3611111111111111
1000435158709174400,0.55
1000448625268643328,0.0
1000512975918982528,0.5777777777777777
1000561862285321600,0.875
1000576766010179840,0.6176470588235294
1000590114262830592,0.4666666666666667
1000622445676442368,0.5
1000679754407855360,0.65
1001197109915956096,0.75
1001236256998280576,0.391304347826087
1001240471470062208,0.5135135135135135
1001247534304585600,0.6507936507936508
1001255100119859072,1.0
1001262282041905664,0.6
1001274928704907136,0.5925925925925926
1001373242196670336,0.3384615384615385
1001374177125572608,0.6829268292682927
1001379351767780608,0.2
1001437931547861248,0.6153846153846154
1001441897161629952,0.4074074074074074
1001491963229500544,0.4666666666666667
1001554063752289280,0.5
1001825514158318080,1.0
1001877448156247552,0.0
1002001842714946432,0.6379310344827587
1002049145788661760,0.7857142857142857
1002073717219127936,0.0
1002125192619195136,0.6
1002125451985929984,1.0
1002554108444986368,0.0
1002578247235079040,0.1724137931034483
1002754310494155520,0.4
1002788871882945024,0.375
1002812227035662336,0.8333333333333334
1002817639347702272,0.35
1002825053752586752,0.6
1002835338999038464,0.75
1002854581574169344,0.4897959183673469
1002966199312098176,0.0
1002987682964422912,0.0
1003354701933690880,0.3333333333333333
1003442986134213760,0.7272727272727273
1003481522969182848,0.8666666666666667
1003493086705815296,1.0
1003509068364158720,0.6666666666666666
1003511101627469056,0.5675675675675675
1003517336954310784,0.5238095238095238
1003565825752286592,0.9333333333333333
1004027736938133376,0.3333333333333333
1004036871681686784,0.4444444444444444
1004092934245412608,0.75
1004105239752212736,0.45454545454545453
1004126418975818880,0.52
1004160362926288512,0.6666666666666666
1004171924137906048,0.65
1004182652577394048,0.5
1004188510040757632,0.9078947368421053
1004219584733104640,1.0
1004261160716446336,0.0
1004368153312176640,0.5142857142857142
1004467203059323776,1.0
1004784696735657856,0.25
1004865456342066304,0.47058823529411764
1004867165226502400,0.9
1004890414959295744,0.5652173913043478
1004931124790957312,0.5
1005075882249037056,0.4864864864864865
1005105654153479552,0.6
1005126091231449856,0.7142857142857143
1005130899147773952,0.8032786885245902
1005146135576250112,0.7924528301886793
1005153368213110400,0.4090909090909091
1005478164708453760,1.0
1005485169773051904,1.0
1005609228305168896,0.6065573770491803
1005659993107126400,0.25
1005662719012264192,0.76
1005700721281473024,0.4642857142857143
1005747949747658880,1.0
1005857642379035648,0.0
1006160284028857728,0.16666666666666666
1006174692615160320,0.46153846153846156
1006209215120155520,0.0
1006282845376949888,0.5714285714285714
1006325478835929728,0.0
1006354861722223232,0.375
1006461997342978176,0.8
1006592820585437184,0.38461538461538464
1006622142730665856,0.6
1006920327022845952,0.5
1007026446799511552,1.0
1007091814323582464,0.42857142857142855
1007108255756333824,0.631578947368421
1007185021363912832,1.0
1007701271065653120,0.5
1007705268206536576,1.0
1007739438897334144,0.625
1007766789310443648,0.4696969696969697
1007874372915535872,0.58
1007905628657133952,0.8333333333333334
1007923481581202176,0.5
1007957510749231232,0.5
1007996831720007936,0.4827586206896552
1008338704337043968,0.5789473684210527
1008389561238750336,0.6923076923076923
1008407529406119936,0.25
1008435065664701184,0.6
1008454441808813952,0.4489795918367347
1008490915045529088,0.5362318840579711
1008501833614212992,0.25
1008573776877449216,0.4
1008601350640184960,0.6666666666666666
1008653464953224448,0.9433962264150944
1009102780377309952,0.75
1009188483875107968,0.7441860465116279
1009191544281808128,0.0
1009193999569981568,0.0
1009199002829206912,1.0
1009231102028012928,0.0
1009337833037709056,0.6153846153846154
1009345177861272064,0.7924528301886793
1009388619499138688,1.0
1009396877615072640,0.6842105263157895
1009836003821975296,0.5555555555555556
1009877582854958464,0.4444444444444444
1009877928869036928,0.5
1009886266782540928,0.5
1009901897477411968,0.4166666666666667
1009943801353263744,0.6666666666666666
1009953570134996480,0.0
1009957484070492800,0.0
1010026967196679808,0.4
1010041160436829952,0.4444444444444444
1010069615578768384,0.25806451612903225
1010080393643614464,0.7142857142857143
1010148255179606144,0.8333333333333334
1010564159715798912,0.25
1010615192120039680,0.75
1010722423752599808,1.0
1010796613107292544,0.4411764705882353
1010810573116918912,0.6666666666666666
1010828886532507136,0.5
1011338847505120128,0.7307692307692307
1011388129003256832,0.5
1011416942520085376,0.5
1011533366156668800,0.5
1011553579209450240,1.0
1011699988141008128,0.48
1011753845355395072,0.0
1012000596411243136,0.8
1012056398317033856,0.6818181818181818
1012074033610241792,0.0
1012199155050722688,1.0
1012251526470326016,1.0
1012264848091927808,0.4782608695652174
1012287747312466560,0.6857142857142857
1012290119687808896,0.3684210526315789
1012373042877959424,1.0
1012447542206313088,0.36363636363636365
1012458238964727424,0.48484848484848486
1012778122430300672,0.21428571428571427
1012813367001056512,1.0
1012897149820097024,0.5
1012905366803513088,1.0
1012980985318232832,0.8571428571428571
1013031641017885184,0.55
1013141344870646656,0.56
1013430061500149504,0.8125
1013511689395530496,0.6176470588235294
1013511919802715008,0.3
1013524197855750144,0.5625
1013559455582552576,0.5
1013578606502373376,0.5
1013590834811016576,0.8409090909090909
1013649446493244032,0.6226415094339622
1013712922924141184,0.5384615384615384
1013793630982125184,0.75
1013821932809364224,0.5294117647058824
1013867469515942784,0.6666666666666666
1014232497993613312,0.6153846153846154
1014245587333681280,0.42424242424242425
1014291981224326272,0.3888888888888889
1014439916931647488,0.6
1014455066949270144,0.3333333333333333
1014466266707003392,0.6470588235294118
1014654873677457408,0.42857142857142855
1014655065463035776,0.3548387096774194
1014948811121501056,0.5555555555555556
1015006672377816960,0.5
1015041074477032320,0.7931034482758621
1015143197311788416,0.5
1015175801919696128,0.5
1015230905023161472,0.2857142857142857
1015261218144976256,0.6896551724137931
1015335219872013952,0.25
1015365513397694336,0.5454545454545454
1015646114931281792,0.3333333333333333
1015718275107625728,0.5
1015728837074727680,1.0
1015848609968012544,0.5384615384615384
1015854469990065408,0.6823529411764706
1015858619814049280,0.5283018867924528
1015873960368006400,0.5161290322580645
1015885543877468800,0.5
1015921205727248128,0.0
1016014328236378880,0.5
1016220504523152512,0.5333333333333333
1016406086104821760,1.0
1016624520161076864,0.5
1016661839860740864,0.5428571428571428
1016834446092624768,0.5492957746478874
1016846111551672448,0.4166666666666667
1017030709600565376,0.44
1017059515651845248,0.4186046511627907
1017093946506343936,0.0
1017276613896801536,0.75
1017349902027752192,0.0
1017377983842189312,0.0
1017389148486089088,0.525
1017504947614551552,0.5625
1017522968435981056,0.25
1017814421790251264,0.5405405405405406
1017871878319824384,0.6111111111111112
1017872357877878272,0.5714285714285714
1017937042582657536,1.0
1017962834553168128,0.9047619047619048
1018060854780403072,0.7380952380952381
1018064581526189696,0.7619047619047619
1018080035946895232,0.6363636363636364
1018155357530746752,0.0
1018210125785444736,0.42857142857142855
1018257743366992768,0.36363636363636365
1018436479217994240,0.625
1018582389648716416,0.0
1018638427892764288,0.0
1018672430834813952,0.5172413793103449
1018674981487544064,0.5
1018737955720601984,1.0
1019378245300360704,0.6666666666666666
1019387984630601728,1.0
1019392018850198400,0.0
1019398160080894976,0.9090909090909091
1019411463340340352,0.5
1019439205572982656,0.2857142857142857
1019543123638458624,1.0
1019627650606986112,0.5
1019656575835385600,0.0
1020051570143637120,0.35135135135135137
1020150744222230144,0.5
1020164872676622720,1.0
1020165018223056768,0.3333333333333333
1020211426532896768,0.4
1020232672158390784,0.5
1020326040585945600,0.6323529411764706
1020521663785197184,0.7
1020708464790893696,0.7142857142857143
1020826078792931968,0.34782608695652173
1020906967478989184,0.5625
1020939858558092544,0.0
1020939913305552000,0.0
1020954095321318272,0.16666666666666666
1020991870383899264,0.7272727272727273
1021000245613690240,0.5769230769230769
1021038235241661312,0.3333333333333333
1021047651052092416,0.5
1021131624905178496,0.3125
1021502863354799104,0.0
1021549890311890560,0.5
1021609874675855872,0.5
1021616977060610816,0.6666666666666666
1021783543314076416,0.7142857142857143
1021896828642422016,0.5
1021897011694220800,0.42857142857142855
1022195172510806656,0.7916666666666666
1022197727188713216,0.0
1022314626770040448,0.4
1022330553290899968,0.3333333333333333
1022408421439423360,0.6086956521739131
1022420306436847232,0.5714285714285714
1022457116949711360,0.7096774193548387
1022960912825073536,0.6956521739130435
1022998185250383744,0.3333333333333333
1023163902341148800,0.0
1023228198652001536,0.5714285714285714
1023228327345428096,0.25
1023321809582821248,0.7
1023543429139294208,0.5714285714285714
1023547748414615680,0.2545454545454545
1023549467293401600,0.2
1023664989761917824,0.8387096774193549
1023675692797674880,0.8333333333333334
1023686567920610944,0.6
1023704004354706048,0.3333333333333333
1023715422963812608,0.4222222222222222
1023776160075551488,0.5806451612903226
1023792616703181568,1.0
1023899240545117440,0.4
1023931712892521088,0.6944444444444444
1023997422119851648,0.6923076923076923
1024053381504877568,0.25
1024062291166809856,0.5882352941176471
1024352242132912896,0.7407407407407407
1024359392369765376,0.3333333333333333
1024376868707222784,0.358974358974359
1024387073655648000,0.5
1024393591544885120,1.0
1024397796377623296,0.7073170731707317
1024451058141179520,1.0
1024454667190911872,0.46938775510204084
1024494730417525632,0.47368421052631576
1024555264483880704,0.5
1024569013470723072,0.6666666666666666
1024602507514153088,0.7352941176470589
1024677971557289984,0.6666666666666666
1024736926843079552,0.375
1025105233190515840,0.7307692307692307
1025127753580396928,1.0
1025144494009271552,0.8
1025155810247952896,0.4375
1025197035669392384,0.5
1025221839239879296,0.6792452830188679
1025233293461531392,0.47619047619047616
1025269658794762880,0.391304347826087
1025333982121199744,0.5
1025375927553529984,0.40625
1025807751654057728,1.0
1025868957568418816,0.4444444444444444
1025874702749383424,1.0
1025893345561399168,0.8695652173913043
1025917561534126208,0.35714285714285715
1025967306515969280,1.0
1025970657344956160,0.5
1025971082984116096,0.8
1026005613744008576,0.5
1026068560771448960,0.42
1026097457500046976,0.3333333333333333
1026111437951998336,0.8923076923076924
1026558323812028672,0.5909090909090909
1026562389197046272,0.6666666666666666
1026562811839585920,0.42857142857142855
1026593312321805696,0.25
1026656378763524992,1.0
1026670783536740480,0.0
1026678602487241472,0.3333333333333333
1026700732217485056,0.5714285714285714
1026734177583509632,0.7659574468085106
1026805253739362688,0.48717948717948717
1026854611389781248,1.0
1026917914733890816,0.5
1026919643122151680,0.0
1027241075407499648,0.4
1027350027106339456,0.25
1027354032480838528,0.5
1027376515996909056,0.5714285714285714
1027426858213225216,0.47619047619047616
1027535272003694208,0.75
1027598314746484352,0.75
1027976153348021760,0.0
1028117853092166656,0.6551724137931034
1028192351601000576,1.0
1028233491541802240,1.0
1028253437905353088,1.0
1028270163935868544,0.75
1028344036121655808,1.0
1028483100283473792,0.5757575757575758
1028743512114913536,0.35714285714285715
1028785261063099392,0.5
1028802573369019264,0.45
1028803462866040960,0.875
1028958295584923008,0.47058823529411764
1028963040555595904,0.5
1028983873913098368,0.7058823529411765
1029334677300319616,0.5
1029334687881583616,0.32727272727272727
1029405326570862208,0.6875
1029432697644891392,0.5238095238095238
1029463940006306816,0.5
1029508927422173824,0.8
1029557786126647552,0.3170731707317073
1029561375265115264,0.5
1029678383615756288,0.7674418604651163
1029805872343906048,0.6666666666666666
1029959302038249856,0.0
1030250859398726272,1.0
1030255985495029504,0.6756756756756757
1030340095751998848,0.525
1030444282723633536,1.0
1030874441038071936,0.4897959183673469
1030944880508574592,0.625
1031017241439406848,0.3333333333333333
1031021969121278848,0.40540540540540543
1031099443166505856,0.75
1031128135848091648,0.5555555555555556
1031133443712495616,0.6857142857142857
1031200728309334784,0.4444444444444444
1031603890171840768,1.0
1031643629577806720,0.5416666666666666
1031651904592689792,0.8333333333333334
1031670414590126592,0.6
1031681787588345472,0.765625
1031772764732692352,0.6274509803921569
1031862360393653120,0.5849056603773585
1031940734960873856,0.3829787234042553
1031949421681212160,0.41509433962264153
1032000936207121152,0.48
1032077880726406912,0.7
1032379248829826944,0.68
1032477243438371968,0.7
1032489375683488128,0.5
1032524418837981824,0.19047619047619047
1032555807903829248,0.4230769230769231
1032564821157467520,0.0
1032577791831917568,0.7222222222222222
1032603999256989184,0.375
1032616994671260032,0.7857142857142857
1032674428096377856,0.6875
1032983151412224640,0.7142857142857143
1033078716390014720,0.8235294117647058
1033093968489629568,0.75
1033327030324764928,0.28205128205128205
1033346382744821760,0.41025641025641024
1033492274298810624,0.375
1033525318777543552,0.6
1033796178734447872,0.7142857142857143
1033892323618520320,0.4074074074074074
1033957934621070720,0.6666666666666666
1033966863610795008,0.0
1033976682309864320,1.0
1033985272835145600,0.6857142857142857
1034031055405117952,0.5
1034045805887735424,0.8947368421052632
1034069305366991360,0.46153846153846156
1034164569375233920,0.41935483870967744
1034504603993650688,0.0
1034537264941409536,0.45
1034564565361483136,0.4883720930232558
1034577503734463872,0.6
1034591784447406336,0.25
1034593682028633216,0.5
1034615353684422912,0.8
1034751615086917632,0.5
1035246629552174464,0.625
1035297823885838208,0.7083333333333334
1035396198180863872,0.42857142857142855
1035439025393999872,1.0
1035439781255337728,0.3333333333333333
1035447648165273984,0.5
1035451629686960384,0.6666666666666666
1035455418172840960,0.0
1035456925578889472,1.0
1035478131497083392,0.5789473684210527
1035500031139175808,0.5185185185185185
1035506882678237696,0.8571428571428571
1035558518894807680,0.7352941176470589
1035593908312472704,0.5
1035961229281282944,0.5263157894736842
1036005392408710016,0.7692307692307693
1036006375066796800,0.525
1036032423568963712,0.6
1036033297970428544,0.16666666666666666
1036035389907230720,0.24
1036036902983182976,0.625
1036039743292919936,0.6923076923076923
1036057101623031680,0.55
1036145880109723392,0.4666666666666667
1036148508789628416,0.8571428571428571
1036207080879863040,0.7368421052631579
1036210791409461120,0.6785714285714286
1036261780408269696,0.0
1036291166589930368,0.6666666666666666
1036338044348902528,0.5238095238095238
1036354530944982016,0.7142857142857143
1036416249792001280,0.5666666666666667
1036714083837691008,0.5
1036725024166706432,0.4634146341463415
1036725829468332288,1.0
1036741196754451840,1.0
1036770937755025152,1.0
1036771192033910784,0.6666666666666666
1036800351392557824,0.3888888888888889
1036822244765030016,1.0
1036823188106936832,0.6612903225806451
1036838403125008512,0.3333333333333333
1036898737790177536,0.0
1036916208224184064,0.0
1036920355826511104,0.5
1036922066465143680,0.6153846153846154
1036929437574513024,0.6
1036961542409661056,0.5
1036990382959645184,0.3333333333333333
1037067184472351744,0.7164179104477612
1037505156288121984,0.6949152542372882
1037531707295466624,0.23076923076923078
1037531918606951424,0.2857142857142857
1037606062481259008,0.5
1037609647386442240,0.0
1037683910343369216,0.75
1038151225660908032,0.5882352941176471
1038261903735774720,0.6538461538461539
1038307355082701056,0.7142857142857143
1038316119613010816,0.813953488372093
1038374376153999360,0.6285714285714286
1038543049451809920,0.3888888888888889
1038849396468221952,0.7142857142857143
1038863806555096320,1.0
1038917370747445120,0.8148148148148148
1038924146893342848,0.4473684210526316
1038927082862926592,0.5
1038951129832006656,0.0
1038999185001082496,0.9024390243902439
1039014017847582720,0.0
1039031824759381248,0.25
1039080788551229696,0.7222222222222222
1039090022634212864,0.29411764705882354
1039114460649767168,0.4117647058823529
1039152865341608320,0.6388888888888888
1039214207343958656,0.5714285714285714
1039246332925112192,0.0
1039318710040748032,0.75
1039558650687587072,0.5
1039631900251985280,0.7241379310344828
1039643801035957504,0.0
1039728330307491072,0.6666666666666666
1039733092422493440,0.7428571428571429
1039837043383789952,0.78125
1039941067726655744,0.5571428571428572
1040019419516364928,0.8333333333333334
1040282002127523584,0.5
1040282606705863808,0.38461538461538464
1040385578321652480,0.3333333333333333
1040387714919000448,0.8235294117647058
1040394482565716992,0.5
1040403470476339712,0.2
1040551556531959936,0.5714285714285714
1040562767859680256,0.35294117647058826
1040576843737685888,0.5714285714285714
1040592312479830144,0.5
1040698125071685504,0.6571428571428571
1041054242368281472,0.5238095238095238
1041116282642878464,1.0
1041158796644159872,0.46938775510204084
1041186320319049344,0.8115942028985508
1041198022197533952,0.5263157894736842
1041214599956080768,0.7931034482758621
1041220160052005888,1.0
1041241309431611136,0.25
1041258170575680128,0.75
1041309662971097216,0.4634146341463415
1041327700991091200,0.8484848484848485
1041392053618839936,0.5
1041740160857049600,0.14285714285714285
1041757384911952384,0.8
1041779619733447936,0.4
1041800186300567552,0.25
1041814855797641088,0.0
1041822536759480320,0.47368421052631576
1041823513467085184,1.0
1041838225357928448,0.32142857142857145
1041866656313248896,0.8888888888888888
1042010203094654720,0.6666666666666666
1042030750259017344,1.0
1042060769357714560,0.5675675675675675
1042061129270032512,0.4716981132075472
1042067263781354112,0.5
1042659835409208832,0.4074074074074074
1042668307962357760,0.4222222222222222
1042680108675406464,0.6666666666666666
1042689952346229376,0.5
1042828383333897984,0.6666666666666666
1042884415492736256,0.3157894736842105
1043248519585202432,0.6666666666666666
1043276537472728704,0.5
1043294465842366720,0.42857142857142855
1043302098430086656,0.36538461538461536
1043407702020031360,0.5384615384615384
1043489775940421760,0.3333333333333333
1043600997304209536,0.8333333333333334
1043923806927237632,0.5
1043938201672790016,0.5
1044001044595814656,1.0
1044124322526106368,0.8636363636363636
1044167186254535040,0.5714285714285714
1044171162943140864,0.0
1044172316895054336,0.5
1044279320328480768,1.0
1044323012524868352,0.5714285714285714
1044676030549639680,0.3614457831325301
1044691808196322560,0.4
1044717361855826432,0.5555555555555556
1044719101636517504,0.6666666666666666
1044744458780034304,0.2777777777777778
1044769009409232128,0.2222222222222222
1044770155549043840,0.7142857142857143
1044772223239958912,0.16666666666666666
1044776507868310144,0.5
1044893751699991168,0.5
1044908002471596928,0.75
1045039256064807552,0.5844155844155844
1045070445415039488,0.8857142857142857
1045395649124855168,0.4
1045427605706968320,0.0
1045439361421398400,0.6666666666666666
1045445565885243904,0.5869565217391305
1045455177099932928,0.5454545454545454
1045462411526513792,0.7142857142857143
1045464771334049024,0.8333333333333334
1045493729493737344,0.4827586206896552
1045517271125872128,0.6
1045548228043701760,0.40625
1045590199989320320,0.4
1045593930303900800,0.0
1045597716048841984,1.0
1045600014050153856,0.52
1045603385224952576,0.9148936170212766
1045613345180557184,0.4222222222222222
1045618548794628224,0.8333333333333334
1045662244076729856,0.7
1045826099549347584,0.3333333333333333
1046137398702112000,0.4878048780487805
1046179647195523840,0.0
1046188728818092032,0.4772727272727273
1046217761468743296,1.0
1046225587179707264,1.0
1046257174249393024,0.4523809523809524
1046306435471166592,0.8780487804878049
1046336996997047424,0.8333333333333334
1046345431682207872,0.6111111111111112
1046411504489225088,0.3333333333333333
1046416393860374784,0.9333333333333333
1046431890455209984,0.0
1046442852226796032,0.0
1046465343172606976,0.0
1046914813900175744,0.896551724137931
1046923639795749760,0.45454545454545453
1046962276729153536,1.0
1047014325322089984,1.0
1047038166361433600,0.47058823529411764
1047076269441924736,0.4117647058823529
1047118331580536064,0.36666666666666664
1047213442232937600,0.7111111111111111
1047564290323532672,0.8135593220338984
1047607518537214976,0.25
1047634142587199488,0.3
1047649053797596160,0.7540983606557377
1047650905895110272,0.4
1047796909312091904,0.7142857142857143
1048326177706500608,0.5675675675675675
1048450850290250240,0.625
1048462988652416128,0.2222222222222222
1048502723849588864,0.3333333333333333
1048504378692043776,0.47058823529411764
1048506410909692544,0.6923076923076923
1048534351135184512,0.3684210526315789
1048574054492801920,0.46153846153846156
1048715449102845184,0.4406779661016949
1049056310530347264,0.5068493150684932
1049172852855821824,0.5
1049177630072670080,0.8387096774193549
1049195839795125888,0.0
1049223607435732864,0.5
1049223652478600960,0.36363636363636365
1049246488231529856,0.5
1049249897304740992,0.39285714285714285
1049260028854284288,0.0
1049371137225992960,0.9019607843137255
1049711335722841216,0.5
1049730481453205888,0.5084745762711864
1049739083505725824,0.4897959183673469
1049769850696638336,0.42857142857142855
1049785841800452864,0.5595238095238095
1049793238144640768,0.6666666666666666
1049840023264011008,0.5769230769230769
1049912145851924096,0.5
1049954972308724992,0.0
1049958525720022272,0.35714285714285715
1050028770311336320,0.29411764705882354
1050034881556254720,0.5454545454545454
1050057198410768384,0.8863636363636364
1050080641822190848,0.5151515151515151
1050240895839082112,0.3333333333333333
1050482103057664512,0.0
1050497592226693248,0.7794117647058824
1050502080167650304,0.4444444444444444
1050577462792901632,0.16666666666666666
1050683387791274496,0.660377358490566
1050690385491558528,0.7
1050694780001043968,0.7272727272727273
1050697233938564736,0.0
1050704114347531136,1.0
1050824801248675840,0.25
1050843717778750976,0.7317073170731707
1051145985410699776,0.3076923076923077
1051204211913317376,1.0
1051238862635791104,0.6
1051276581863840512,0.5
1051364206735331968,0.325
1051421909725632256,0.25
1051629809318442496,0.8888888888888888
1051928677126056576,0.0
1051946943327570048,0.6842105263157895
1051951256523978368,0.5294117647058824
1052058358355554304,0.5833333333333334
1052065930717627136,0.0
1052081037340159616,1.0
1052119842531002496,0.1111111111111111
1052136103392183680,0.6538461538461539
1052148451110606336,0.6363636363636364
1052153480736579072,0.5384615384615384
1052204324258765312,0.3333333333333333
1052237520194905856,0.6923076923076923
1052284945906686464,0.45614035087719296
1052319690607255424,0.6
1052630473896654336,0.7272727272727273
1052657579079898368,0.5344827586206896
1052667660324770432,0.6571428571428571
1052849635113322368,0.8181818181818182
1052853364330503680,0.5384615384615384
1052858718588436608,0.6666666666666666
1052880394637485696,0.0
1052938539965221888,0.631578947368421
1053031188962131072,0.35135135135135137
1053260669465482752,0.72
1053447490162624256,0.1
1053510387135705088,0.5652173913043478
1053521170163712896,0.4444444444444444
1053530487939897344,0.5272727272727272
1054371940558657024,0.6774193548387096
1054383827467576320,0.65
1054413626787689856,0.75
1054438267954554496,0.0
1054815993725874432,0.0
1054867371276565376,0.65
1054965251832452352,0.3
1055032324956002816,0.6486486486486487
1055043159666804992,0.15789473684210525
1055093785420609152,0.4375
1055185158969031040,0.45454545454545453
1055188823708598528,0.3409090909090909
1055201034912011392,0.64
1055242780725253888,0.40298507462686567
1055549602928853120,0.6486486486486487
1055589140065020416,0.8823529411764706
1055600524831639936,0.5517241379310345
1055613934556441984,0.7575757575757576
1055620031430550784,0.5
1055661681154495104,0.5128205128205128
1055705213381227392,0.0
1055708987779928320,0.47619047619047616
1055712671089675136,0.6538461538461539
1055741384529230080,0.6285714285714286
1055777884592778624,0.5
1055789161252091008,0.4444444444444444
1055847209873951616,0.8571428571428571
1055849453915454976,0.7307692307692307
1055867646772058624,0.7719298245614035
1055871990918368640,0.5538461538461539
1055881456147102848,0.4444444444444444
1055931456114724480,0.375
1055961975345196544,0.5853658536585366
1055986882982704000,0.0
1055997280931826432,0.0
1056253103068811648,0.56
1056282428307133824,0.71875
1056321963727751040,0.7
1056352236120950528,0.5
1056353277703396224,0.7096774193548387
1056370944624862848,0.8181818181818182
1056380451695707392,0.5
1056425275677636480,0.5681818181818182
1056442129319812608,0.6666666666666666
1056442944109783936,0.5714285714285714
1056444274884913920,0.0
1056461921645520000,0.5
1056471979930841600,0.0
1056475011417642240,0.8125
1056478414009828352,0.5142857142857142
1056555627462962432,0.7333333333333333
1056574765878313600,0.5128205128205128
1056585963163171328,0.625
1056616714270461696,0.5
1056690242811401600,0.9375
1056732401723908992,0.7017543859649122
1057035501659401344,0.6825396825396826
1057043147084569344,0.5294117647058824
1057060636422060160,0.5555555555555556
1057123472353281792,0.6176470588235294
1057143081938557312,0.7547169811320755
1057178263116132224,0.9
1057239015121334528,0.5454545454545454
1057271844258640384,0.8214285714285714
1057302620386783744,0.7916666666666666
1057361060673782272,0.8095238095238095
1057754306106700928,0.0
1057827481979211520,0.75
1057932420282295552,0.8
1057977563323166848,0.5185185185185185
1058020727429602048,0.75
1058057770480872704,0.0
1058059780518492544,0.5526315789473685
1058445557561479424,0.5333333333333333
1059247828329376128,0.43333333333333335
1059339905188262400,1.0
1059365334264417536,0.2857142857142857
1059391189632878976,0.75
1059416162360339584,0.0
1059477426820713728,0.6285714285714286
1059491671810227840,1.0
1059494531647885312,0.6923076923076923
1059536826336339584,0.5
1059867234567178496,0.8387096774193549
1059935880954540672,0.47368421052631576
1059969480182876416,0.38461538461538464
1060007851611512704,0.4
1060016560059697024,0.46153846153846156
1060043414195450368,0.8
1060078729635099776,0.6206896551724138
1060083128619123072,0.8
1060127422598083072,0.0
1060169858763899904,0.5
1060185285674505472,0.5
1060204963529806976,0.42028985507246375
1060209301615645056,0.35294117647058826
1060212380954259200,0.3225806451612903
1060216388000424576,0.4411764705882353
1060499955278712960,0.6216216216216216
1060605750491187072,0.4
1060625580979162624,0.5
1060683755078915328,0.4642857142857143
1060705651171624704,0.5
1060744434683094272,0.3225806451612903
1060752985036916096,0.6666666666666666
1060767987214357760,0.6222222222222222
1060820465673570176,0.5
1060821897596505856,0.6666666666666666
1060838090929422592,0.23076923076923078
1060917609969913216,0.5909090909090909
1060984962049842432,0.5777777777777777
1061300550751149696,0.6666666666666666
1061308109652051584,0.4782608695652174
1061366434322150144,0.16666666666666666
1061371302197328640,0.5
1061390775442205952,0.6206896551724138
1061492713306592128,0.5
1061522162175373056,0.0
1061523830255152896,0.7
1061527905085857024,0.6666666666666666
1061552549603919488,0.4888888888888889
1061576888713281408,0.25
1061634662719802496,0.8888888888888888
1062101722439891072,0.5384615384615384
1062174816722959104,0.55
1062218123522327040,0.5555555555555556
1062265393241563776,0.375
1062283100482939776,0.7
1062498866119229824,0.5
1062540499545733504,0.42857142857142855
1062847465350401664,0.4090909090909091
1062851771441447296,0.8970588235294118
1062947755472790016,0.6818181818181818
1062970198245656960,1.0
1063063107636501248,0.47058823529411764
1063101002709332992,0.7924528301886793
1063161181319339520,0.45454545454545453
1063550134493846912,0.6666666666666666
1063604470992633984,0.2857142857142857
1063661849341659264,0.2988505747126437
1063662647068025472,0.275
1063782922191331968,1.0
1063906937191622400,1.0
1063919783395497344,0.75
1064270325613305088,0.6666666666666666
1064287119075784448,0.36363636363636365
1064328886764723072,0.5277777777777778
1064359562008301568,1.0
1064382245605558144,0.5
1064400924704695936,0.48484848484848486
1064423809644790656,0.42105263157894735
1064424957835454592,0.5
1064433183431609984,0.5833333333333334
1064440347474704896,0.47368421052631576
1064440720421902080,0.6666666666666666
1064445723716576896,0.7666666666666667
1064518454074198400,0.65625
1064954212387571968,0.3548387096774194
1064997907920544768,0.8648648648648649
1065068889150393728,0.8227848101265823
1065132573701302400,1.0
1065140796996554624,1.0
1065163636760067200,0.475
1065184841558658688,0.423728813559322
1065202073572411904,0.375
1065213695062753792,0.4
1065231251983501952,0.16
1065239623286995968,0.5
1065252165773577856,0.5789473684210527
1065332261425244160,0.5185185185185185
1065704213364316672,0.3333333333333333
1065709821520663680,0.42857142857142855
1065731147082577536,0.0
1065752119368179712,1.0
1065794670624545152,0.75
1065796595009101824,0.0
1065826544135057408,0.9
1065833587448888960,0.2222222222222222
1065854357981258624,0.5
1065899313758884992,0.34285714285714286
1065908264898638464,0.76
1065921838396244352,0.2222222222222222
1065957883970658560,1.0
1066021706765733504,0.0
1066056878819458304,0.44
1066166695703192576,0.7
1066449556506465152,1.0
1066464053711405312,0.4
1066478054612626432,0.34285714285714286
1066488709130249600,0.4
1066530806939669760,0.2978723404255319
1066545652823552512,0.6363636363636364
1066556446643823360,0.75
1066557412563545984,0.3333333333333333
1066562504300859776,0.8421052631578947
1066603101904056320,0.8571428571428571
1066624614172557440,0.7547169811320755
1066634851727106048,0.7636363636363637
1066635995510060288,0.3333333333333333
1066664563077744384,0.9166666666666666
1066683236672144512,0.6666666666666666
1066699405570225536,0.5555555555555556
1067135436652484352,0.8214285714285714
1067194648438596864,0.2
1067197084320335744,0.35714285714285715
1067250826332402304,0.391304347826087
1067279504928711424,0.36363636363636365
1067294540888148224,0.4
1067316071883260288,0.68
1067344243218189568,1.0
1067356663776071552,1.0
1067370150144288256,1.0
1067386916446284288,0.5555555555555556
1067390736738951424,0.3953488372093023
1067395875874064896,0.29411764705882354
1067406745225612544,0.35135135135135137
1067413832764984832,0.3939393939393939
1067427008488061824,0.4722222222222222
1067432924403855616,0.34285714285714286
1067437280241172224,1.0
1067479234994681984,0.0
1067511485762217728,0.6
1067551336203842432,0.4888888888888889
1067606714103538048,0.49230769230769234
1067868935193217536,0.5
1067890087122802176,0.863013698630137
1067939756209832576,0.7619047619047619
1067981411076301056,0.3617021276595745
1067993333282529920,0.8125
1068073012232731392,0.896551724137931
1068117387355659008,0.9272727272727272
1068123587335801344,1.0
1068137717293254144,0.5
1068145066700740096,0.75
1068222510320690688,0.6428571428571429
1068541454080415360,1.0
1068604471078403456,0.9230769230769231
1068611003443934592,0.2826086956521739
1068633100291959424,0.5217391304347826
1068649824066448000,0.0
1068651507555351936,0.14285714285714285
1068665635293427712,0.7777777777777778
1068730102433000192,0.7380952380952381
1068743882555628160,0.5416666666666666
1068785935459410816,0.0
1068786789439494912,0.0
1068791867608846848,0.7391304347826086
1068812834388003072,0.8571428571428571
1068816108657565184,0.3076923076923077
1068846245217038208,0.44776119402985076
1068854610864477952,0.6
1068860988979752576,0.7358490566037735
1068923764277607424,0.8888888888888888
1069294426447742336,0.6944444444444444
1069327959769863680,0.0
1069332233448891392,0.8333333333333334
1069374798825509632,0.5789473684210527
1069380057732414592,0.5652173913043478
1069392870265575040,0.8125
1069475609230792064,0.3888888888888889
1069502978742282752,0.22727272727272727
1069526958463459456,0.25
1069560340539835776,0.875
1069608371311563136,0.5555555555555556
1069613723069135232,0.6724137931034483
1069624115456651776,0.7058823529411765
1069650067919019520,0.46153846153846156
1070029752758480640,0.5172413793103449
1070039621221644160,0.7666666666666667
1070045429552958720,0.4375
1070071289752652928,0.0
1070161022410062976,0.5
1070218362647875968,1.0
1070233509905833088,0.38095238095238093
1070247582113428864,0.36585365853658536
1070275998933702016,0.4074074074074074
1070282603051372160,0.8541666666666666
1070294901085392768,0.3684210526315789
1070322598478396416,0.65
1070350456008297856,0.6944444444444444
1070705352031629824,0.5
1070777608126838272,0.4074074074074074
1070779264939595136,0.5517241379310345
1070779902414393984,0.875
1070819037186228224,0.49504950495049505
1070829185616061184,0.7297297297297297
1070845804880063616,0.6875
1070850044335821312,0.625
1070903296810877824,0.7419354838709677
1070904698807903360,0.5675675675675675
1070944729774486272,0.6226415094339622
1070989881177502208,0.575
1071001607599207424,0.6363636363636364
1071078033950407168,0.0
1071133415163568000,0.5
1071354027645122560,0.48148148148148145
1071444826789477376,0.6842105263157895
1071478099128941824,0.75
1071478182833319552,0.5
1071490421051622400,0.0
1071614684903683584,1.0
1071628637865929728,0.0
1071675299340088960,0.3
1071702296627216512,0.55
1071705933355534592,0.2857142857142857
1071709429807229184,0.5
1071865719113644416,0.8378378378378378
1071929248066303360,0.0
1071929578739118592,0.42857142857142855
1072215009657023104,0.0
1072322608841843328,0.5
1072378185182947584,0.7142857142857143
1072408649459776512,0.972972972972973
1072410870701159680,0.0
1072447481717821184,0.8
1072455160083322624,0.56
1072456208104532224,1.0
1072606538139099008,0.6666666666666666
1072712822465029376,0.5405405405405406
1072886942271593984,0.7857142857142857
1072923346399372672,0.8076923076923077
1073007202476514816,0.48
1073099576323690368,0.7777777777777778
1073255590452185216,0.38461538461538464
1073390134876656768,0.3
1073751047487322496,0.7959183673469388
1073760243531049344,0.2857142857142857
1073762173089372672,0.3333333333333333
1073813270086019584,0.8055555555555556
1073816512503843584,0.6666666666666666
1073885771889352320,0.6
1074007521544337280,0.8214285714285714
1074026673189033344,1.0
1074030415156783104,0.4153846153846154
1074036790174724096,0.8571428571428571
1074069719187693184,0.6363636363636364
1074125739682605056,0.3333333333333333
1074127605783266560,0.47619047619047616
1074406276788859520,0.0
1074455204073187840,0.2
1074531883009370624,0.65
1074559783741392128,1.0
1074588480200965248,0.4375
1074619407364009728,0.8367346938775511
1074642312598358144,1.0
1074666937706071040,0.8571428571428571
1074683938403343872,0.6666666666666666
1074742037095877760,0.625
1075061930712172416,0.8023255813953488
1075104904686649344,0.2839506172839506
1075123362466286848,0.7916666666666666
1075153645253936256,0.5416666666666666
1075183999320810112,0.6
1075197418811926656,0.2
1075218108249543552,0.25925925925925924
1075327162803129856,0.0
1075368850402870656,0.352112676056338
1075388582632471936,0.5
1075473427650943488,0.6666666666666666
1075846829627636480,1.0
1075855125684207488,0.4666666666666667
1075879385291187328,0.5714285714285714
1075882722202114560,0.5714285714285714
1075895887658582016,0.5
1075957735501683200,0.4
1075965990587672448,0.6571428571428571
1076049470855767168,0.6
1076054719479299968,0.0
1076057108045343872,0.6206896551724138
1076065730077053568,0.7142857142857143
1076066414787547648,0.3333333333333333
1076072949630058624,0.5454545454545454
1076116962719199744,0.7567567567567568
1076129215689024768,0.8
1076196280253029376,0.6363636363636364
1076251415659213568,0.6666666666666666
1076458564139429504,0.6666666666666666
1076721808131338752,0.6296296296296297
1076731475885551744,0.3939393939393939
1076768833143846016,0.8461538461538461
1076784313543707904,0.5
1076811605432498816,0.75
1076892249642662528,0.3333333333333333
1076910196949070720,0.36
1076948837734008960,0.3333333333333333
1077279821513367552,0.53125
1077340984820962688,0.6666666666666666
1077341026582710784,0.7777777777777778
1077343101218167680,0.625
1077347651186253568,1.0
1077355601320647808,0.5192307692307693
1077367977870745088,0.40540540540540543
1077380535573491328,1.0
1077416447079584000,1.0
1077511596968732800,1.0
1077551726294230784,0.5526315789473685
1077617419940543616,0.5714285714285714
1077646597435131136,0.8048780487804879
1077687908812422144,0.6666666666666666
1077980522173361792,0.7352941176470589
1078105128373392896,0.6666666666666666
1078159209862837504,0.3888888888888889
1078216242636144896,0.30434782608695654
1078221463633188992,0.7692307692307693
1078303212637716224,0.6666666666666666
1078798243298956544,0.5357142857142857
1078812717380733568,0.6666666666666666
1078877051496701312,0.0
1078906730210084992,0.5
1078981372813896576,0.32
1079037346869065472,0.3333333333333333
1079043145649370496,0.5862068965517241
1079498491609661568,0.4090909090909091
1079511349869037312,0.5714285714285714
1079525432410882944,0.42857142857142855
1079543879316474368,0.6216216216216216
1079558531902077952,0.32
1079614019019062656,0.5625
1079633325760405376,0.7
1079642047095676672,0.7777777777777778
1079653895946304512,0.6129032258064516
1079662356382023168,0.5
1079775973942664320,0.391304347826087
1079816093536617728,0.34615384615384615
1079826501868621952,0.0
1079836308640334336,0.34545454545454546
1079861998624731520,0.8571428571428571
1079984548407405824,0.6818181818181818
1079998250117495296,0.3333333333333333
1080107347879927296,1.0
1080186567721828608,0.26666666666666666
1080202165754656256,0.75
1080214034042508544,0.8888888888888888
1080257616789160320,0.0
1080263573722393984,1.0
1080275880342012160,0.5
1080283521041359616,0.5945945945945946
1080293174305290624,0.6666666666666666
1080324776367443712,0.603448275862069
1080350040101153792,0.75
1080367487422808192,0.9428571428571428
1080394579376741632,0.696969696969697
1080395944071216512,0.8035714285714286
1080469696372157312,0.5
1080486500995042816,0.0
1080490091362167936,0.6
1080521157883437952,0.3333333333333333
1080906228900600832,0.6428571428571429
1080920125083829504,1.0
1080954038309254528,0.6
1080990729555729536,0.6341463414634146
1081041927529423360,0.425
1081060586597372032,0.5677966101694916
1081063778457396608,0.8
1081091876864110592,0.42857142857142855
1081097310020246912,0.8333333333333334
1081097638614443136,0.0
1081118246195460096,0.45652173913043476
1081168656336728576,0.0
1081186273683327232,0.0
1081268758099338880,0.2777777777777778
1081357879446417024,0.75
1081613190185217024,1.0
1081619972493388800,0.5
1081624579188924672,0.2857142857142857
1081644264345301760,0.6896551724137931
1081648446313850496,0.0
1081661329159855744,0.5833333333333334
1081685144953782912,0.0
1081693371409584256,0.8076923076923077
1081733828593121920,0.9310344827586207
1081801225231389184,0.6
1081830053022040448,0.7272727272727273
1081847177569453824,0.6666666666666666
1081849462990843904,0.3076923076923077
1081874196858900480,0.3333333333333333
1081920907846335488,0.0
1081937222732544640,0.2653061224489796
1081938228599036800,0.5135135135135135
1081956093221105408,0.5
1081975215631019648,0.17857142857142858
1081987561984745600,0.75
1081988723303637120,0.38095238095238093
1082323114367460480,0.625
1082382775893012224,0.725
1082408878597990784,0.6129032258064516
1082455336350270208,0.4666666666666667
1082484656181194624,0.625
1082488214006248448,0.875
1082523999941773056,0.8823529411764706
1082535519716301056,0.47058823529411764
1082540926606768768,0.75
1082648658368125056,0.6428571428571429
1082656614820206720,0.4883720930232558
1083106450387575552,0.5
1083111848508311296,0.5
1083142902688285824,0.48333333333333334
1083146381448200576,0.37142857142857144
1083190171592034944,0.5454545454545454
1083220040193791488,0.7391304347826086
1083249458770029696,0.5
1083275567582446848,0.84
1083299914766213120,0.5
1083302906995068416,0.16666666666666666
1083317097485035648,0.48717948717948717
1083358407172373376,0.4375
1083364728077538688,0.5757575757575758
1083371771983736320,0.5
1083378667420950016,0.4444444444444444
1083384843598950016,0.5
1083390785870677248,0.75
1083415167601082112,0.4666666666666667
1083422454837881856,0.38235294117647056
1083769389007275136,0.0
1083981892242143232,0.9166666666666666
1083984835794221824,0.8
1084063298459219840,0.8378378378378378
1084081782632456192,0.375
1084081931660546816,0.2608695652173913
1084098755618609280,1.0
1084100485883927168,0.3
1084115663288508416,0.9090909090909091
1084143873171633536,0.9298245614035088
1084159063043517056,0.6363636363636364
1084161039245326080,0.76
1084235256007958016,0.5932203389830508
1084354556813179776,0.3333333333333333
1084507435386247296,0.5
1084527490232397056,0.5555555555555556
1084530763666685824,0.5416666666666666
1084594869667084416,0.52
1084608272805861888,0.47619047619047616
1084609156687116800,0.8333333333333334
1084626778376571520,0.5
1084697795280134144,0.5
1084703287872237696,0.6875
1084715468805311104,0.0
1084717888686465664,0.35714285714285715
1084725557628267136,0.7948717948717948
1084747467604715136,0.6388888888888888
1084796580605483776,0.0
1084873195097951872,0.5178571428571429
1084891908631677696,0.391304347826087
1085249974638580352,0.7142857142857143
1085263549318061952,0.5
1085299096059526912,0.3888888888888889
1085388986476972416,0.4
1085396012406717056,0.75
1085404473415272832,0.4666666666666667
1085405350690046208,0.42105263157894735
1085417089587362304,0.6
1085441881945088640,0.8888888888888888
1085493599624433536,0.5283018867924528
1085501360250000000,0.6842105263157895
1085539073090169856,0.5
1085543484071452160,0.6666666666666666
1085607207418575488,1.0
1085616693287317376,0.42857142857142855
1085619867527487488,0.4
1085977874774299904,0.35135135135135137
1086075178026793216,0.8461538461538461
1086102844360634112,0.6567164179104478
1086130657551920640,0.5833333333333334
1086152979170114432,1.0
1086181378107617024,0.5
1086184616018075648,0.0
1086199631883096832,0.42857142857142855
1086243773623661568,0.4583333333333333
1086251500749976576,0.35714285714285715
1086324077025346304,0.5217391304347826
1086357273993300480,0.325
1086373542411118336,0.7647058823529411
1086390170498546560,0.0
1086761312291736832,0.0
1086772309945649792,0.375
1086799613575575040,0.6491228070175439
1086805891622935552,1.0
1086865053753659648,0.7777777777777778
1086901807738400768,0.75
1086929103165639424,0.5652173913043478
1087094887929233280,0.4166666666666667
1087100431166604928,0.625
1087444779247210240,0.7058823529411765
1087493569311110400,0.8
1087544530243343872,0.5833333333333334
1087559035653678720,0.0
1087604448947333120,1.0
1087768287706598144,0.0
1087794849039320704,0.5
1088149536745198848,0.5757575757575758
1088192613547269376,0.5555555555555556
1088256854287855360,0.625
1088415496432945024,0.6666666666666666
1088430270914251648,0.5
1088450337232440704,0.8571428571428571
1088457865454229504,0.5428571428571428
1088539362716354560,0.48
1088621539280843008,0.75
1088835333788023808,0.3333333333333333
1088899528118096384,0.5555555555555556
1088904938273054208,0.0
1088952721546293632,0.6428571428571429
1088970805946235008,0.6610169491525424
1089022036606983680,0.0
1089037086087843456,0.8571428571428571
1089037580797167872,0.2222222222222222
1089043708460903296,0.6875
1089084527390935680,0.8611111111111112
1089097972036563328,0.36363636363636365
1089117759590830720,0.5
1089123433385869824,0.5
1089130447895225856,0.5625
1089176098905247616,0.5
1089188775245128960,0.8125
1089565223999558400,0.375
1089595176427408256,0.4444444444444444
1089626981486928768,0.2727272727272727
1089639354568325120,0.7272727272727273
1089677557308406784,0.25
1089681943770075904,0.42857142857142855
1089699386749538176,0.7346938775510204
1089776096181189632,0.38636363636363635
1089776410690354688,0.4827586206896552
1089777971880302848,0.6
1089805470299414912,1.0
1089813448792394112,0.6956521739130435
1089873944827658112,0.4523809523809524
1089885923129469824,0.391304347826087
1089903907648525312,0.5
1089914517239908992,0.0
1089953976017284480,0.8157894736842105
1089954451954154496,0.6666666666666666
1089987359860321664,0.0
1089992614990994048,0.4090909090909091
1090293368490053504,0.5833333333333334
1090389760905772672,0.627906976744186
1090450815250518400,0.8333333333333334
1090482899266746240,1.0
1090554319552170240,0.6
1090637192245417728,0.5098039215686274
1090649902277746304,0.5
1090701591780138880,0.3076923076923077
1090806942651422976,0.48717948717948717
1090809409236268416,0.32558139534883723
1090810849847979008,0.47368421052631576
1090946706611062784,0.7307692307692307
1091074639493306752,0.631578947368421
1091078291213402368,0.8163265306122449
1091086276604767232,0.4
1091107020793586176,0.33035714285714285
1091123693986481920,0.5714285714285714
1091215706431193728,1.0
1091295326062349184,0.7407407407407407
1091352307701910784,0.5
1091757865144873984,0.25
1091786696222300160,0.7755102040816326
1091809170060255744,0.14285714285714285
1091834474405873024,0.32075471698113206
1091860735534965888,0.5217391304347826
1091895049745068544,0.6666666666666666
1091908249105854080,0.8245614035087719
1091916698144138496,1.0
1091916698224255488,1.0
1091952066322935424,0.75
1091978741572408448,0.2
1091992714832920192,0.4
1091993711755431680,1.0
1092022589418105088,1.0
1092128356637481856,0.75
1092171828522658432,1.0
1092522874288134016,0.5681818181818182
1092526036484269568,0.4594594594594595
1092536165961504128,0.78125
1092538868987200000,0.6451612903225806
1092545674131104384,0.5357142857142857
1092559836091332736,0.8
1092568320407959296,0.7346938775510204
1092572689677069824,0.6
1092576817578973056,0.25
1092590339355889408,0.0
1092595538047725312,0.42857142857142855
1092633348334782976,0.71875
1092669383117101824,0.875
1092683127142405248,0.4
1092695962619199104,0.6129032258064516
1092723654013181696,0.0
1092727020290747392,0.5645161290322581
1092730924559142400,0.5625
1092754634424658048,0.4827586206896552
1092926149972877184,0.41935483870967744
1092935987254960640,0.9148936170212766
1093240966400033280,0.9285714285714286
1093352888457755648,0.55
1093415189303560832,0.75
1093419432411438848,0.6470588235294118
1093420816441911424,0.5714285714285714
1093471607692634240,0.41379310344827586
1093958017322765056,0.8333333333333334
1093987038072767616,0.3783783783783784
1094017631552637440,0.8297872340425532
1094151415807865600,0.5892857142857143
1094270711550958208,0.2777777777777778
1094323149123754112,0.8
1094341163922819584,0.7272727272727273
1094364660658352896,0.6333333333333333
1094668517408669056,0.5094339622641509
1094707148514393856,0.5714285714285714
1094710273232317824,1.0
1094713482380567552,0.4444444444444444
1094720155618014720,0.6304347826086957
1094752738951209216,0.6
1094790965652268800,0.5769230769230769
1094797641381093120,0.8958333333333334
1094829252492145536,1.0
1094879307716491008,0.5833333333333334
1094893780227156864,0.5
1094895221589106816,0.0
1094900584569640448,0.7142857142857143
1094909493282737536,0.6136363636363636
1094911002097252480,0.4827586206896552
1094926331926209792,0.4117647058823529
1094943291960276992,0.625
1095031520542707712,0.7352941176470589
1095087386893237248,0.4444444444444444
1095122746017670016,0.875
1095159823063897856,0.2857142857142857
1095225116601135488,0.3333333333333333
1095412217046021632,0.2857142857142857
1095438699067749504,0.6888888888888889
1095443331253999232,0.5645161290322581
1095450567177785856,0.6
1095463107235145472,0.3333333333333333
1095520242664216960,0.4583333333333333
1095576450113812352,0.23076923076923078
1095611611017007488,0.4117647058823529
1095613549867674240,0.6
1095617730053022720,0.3333333333333333
1095623741070661888,0.68
1095693446201514240,0.7
1095700903174007936,0.8
1095731002373625600,0.5555555555555556
1095948387924391296,0.43209876543209874
1096119262903344512,0.75
1096127983982242816,0.7586206896551724
1096134326587113600,0.35714285714285715
1096134441938860800,0.5
1096165174649433856,0.8947368421052632
1096165446689665536,1.0
1096197003663635456,0.0
1096213068087446272,0.2857142857142857
1096237178609564800,0.48936170212765956
1096274924329477632,0.40816326530612246
1096306977053483776,0.32142857142857145
1096318834998742528,0.8571428571428571
1096332179991182080,0.6
1096346790776066048,0.6129032258064516
1096346873104622720,0.32558139534883723
1096361238518090624,0.47058823529411764
1096393418025644672,0.35714285714285715
1096454249610024448,0.8095238095238095
1096838156177243904,0.5555555555555556
1096859668944188928,0.5454545454545454
1096887964621943552,0.6052631578947368
1096892005878592512,0.5384615384615384
1096906425974185216,0.5
1096915191748035968,0.5409836065573771
1096971226523616000,0.38235294117647056
1096977222653119744,0.0
1096980532768077184,0.7619047619047619
1097035310484639872,0.5
1097064072931526144,0.5294117647058824
1097065727624250752,0.8181818181818182
1097075432666877696,0.47619047619047616
1097078425890302208,0.0
1097079140755789824,0.3181818181818182
1097082186771729280,0.5
1097199332700604928,1.0
1097277731730771712,0.5
1097499724904699008,0.7741935483870968
1097578182659600000,0.42857142857142855
1097632229438210560,0.5172413793103449
1097665438926506880,0.4827586206896552
1097718725381857536,0.5
1097774231561287040,0.4166666666666667
1097784506403425536,0.6615384615384615
1097785182552593792,0.75
1097788553224605824,0.4057971014492754
1097790761558062464,0.640625
1097823837867170048,0.8125
1097850413556071296,0.0
1097930403654342528,0.5853658536585366
1098292680625907584,0.7142857142857143
1098339368299748224,0.0
1098400921091973632,1.0
1098466517743807744,0.0
1098470303839540992,0.0
1098533301132725248,0.7017543859649122
1098540837738274688,0.7333333333333333
1098569071014043520,0.75
1098621460002647680,0.6428571428571429
1098630961646535040,0.4807692307692308
1098666307477397120,0.6666666666666666
1098838409018250624,0.8571428571428571
1099067590969190400,1.0
1099076385354416384,0.8333333333333334
1099096799199101440,0.835820895522388
1099120161134793344,0.4230769230769231
1099163393090137216,0.6774193548387096
1099212125193168640,0.25
1099241490449992064,0.7037037037037037
1099263162193481216,0.6774193548387096
1099274326311575808,0.5333333333333333
1099282422079662592,0.5714285714285714
1099295208955451648,0.5555555555555556
1099342598443071872,0.6666666666666666
1099362761853891840,0.7096774193548387
1099499176898885248,0.3793103448275862
1099743649849988352,0.5476190476190477
1099816710362908800,0.75
1099836365207090688,0.3333333333333333
1099888711783477760,0.7142857142857143
1099905559425629312,0.23809523809523808
1099918714719218048,0.3333333333333333
1099932669240177280,0.7222222222222222
1099962852488779136,0.2727272727272727
1100007426006140288,0.0
1100063164497445888,0.8333333333333334
1100102854228759552,0.631578947368421
1100356860685149696,0.3888888888888889
1100481623748332032,0.8
1100534346362852480,0.5357142857142857
1100542206330104320,0.5
1100549762755270016,0.5
1100667682553437696,0.8
1100711038168955776,0.8
1100724904867836928,0.0
1100824728847953280,0.16666666666666666
1100853314060883840,0.0
1100925781947596160,0.75
1100945120917417984,1.0
1101153991870115712,0.5
1101181327174139648,0.53125
1101251084660795264,1.0
1101262242953377280,1.0
1101268300049258752,0.7142857142857143
1101277022571835136,0.6363636363636364
1101283301466060416,1.0
1101301483218750080,0.0
1101302992454014592,0.2727272727272727
1101308722250076928,1.0
1101395231821069952,0.46153846153846156
1101422713062807680,0.7575757575757576
1101447938918948352,0.5
1101467343445617536,0.671875
1101502870779597184,0.3870967741935484
1101508670458287360,0.3137254901960784
1101578439742443904,0.4444444444444444
1101596538808188160,0.6904761904761905
1101891868700940032,0.0
1101952688896226432,0.8484848484848485
1101982934872689920,1.0
1101986727655670656,0.5357142857142857
1101990640734759040,1.0
1102014944268907392,0.5777777777777777
1102024246665829376,0.2
1102045529488199424,0.8571428571428571
1102080693359740160,0.55
1102102437982522368,0.9333333333333333
1102142549858571136,0.6111111111111112
1102146183659381120,0.8333333333333334
1102165152109893504,1.0
1102168567467899648,0.4
1102172860436440576,0.6666666666666666
1102203950429243392,0.34375
1102214821561944576,0.6538461538461539
1102237804039755904,0.25
1102250073449087232,0.3333333333333333
1102267589918621312,0.5
1102311510671431168,0.5853658536585366
1102313816498560768,0.8
1102334081732966912,0.8064516129032258
1102635348279269504,0.8148148148148148
1102773597164028672,1.0
1102817001479915648,1.0
1102829404585731584,0.5
1102902720959257984,0.8260869565217391
1102911464771062272,0.6326530612244898
1103003532239224064,0.7727272727272727
1103358337788173440,0.7894736842105263
1103374534948367488,0.3
1103422515066910336,0.0
1103426620603352192,0.42857142857142855
1103438586972971776,0.25
1103447540621733632,0.56
1103490848944641024,0.7619047619047619
1103534614661225344,0.3333333333333333
1103537812563720320,0.4838709677419355
1103538803312817152,1.0
1103570735561606400,0.6612903225806451
1103597809485566720,0.47619047619047616
1103601337169670528,0.8125
1103638560517437824,0.631578947368421
1103649951488359680,0.47058823529411764
1103703896713623168,0.25806451612903225
1103805620330479360,0.0
1104075849654099072,1.0
1104239136795644672,0.8513513513513513
1104251767563571072,0.6666666666666666
1104252238121567616,0.5625
1104254773264472960,0.7894736842105263
1104263411326333568,0.9166666666666666
1104267606611731840,0.6666666666666666
1104291015273630976,0.6666666666666666
1104310346220231296,0.38095238095238093
1104310804885888896,0.0
1104356644898970112,1.0
1104372157873227008,0.5
1104373535596556032,0.7272727272727273
1104442920638391936,0.2857142857142857
1104447668671058176,0.3103448275862069
1104509196360348800,0.4230769230769231
1104729148926234240,0.2857142857142857
1104879275883749248,0.35294117647058826
1104904631126759680,0.0
1104906252728244480,0.6666666666666666
1104911546096026880,0.5
1104924171522781824,0.8235294117647058
1104929074688554752,0.45454545454545453
1104939259618614144,1.0
1104946311844311680,0.5555555555555556
1104960006507162624,0.0
1104967894637067264,0.5652173913043478
1104969552773099392,0.5806451612903226
1104994474157164544,0.0
1105033257717282560,0.6078431372549019
1105039466325910784,0.46938775510204084
1105155787080706816,1.0
1105211349713375616,1.0
1105506990892992640,0.6078431372549019
1105547716954278016,0.34615384615384615
1105568009417051520,0.2
1105594373425971456,0.6153846153846154
1105609420399568384,0.5925925925925926
1105672111202932608,0.0
1105705208282860288,0.45
1105712577291055104,0.8181818181818182
1105752280115924480,0.9375
1105770272304422272,0.5277777777777778
1105792983611208960,0.6666666666666666
1105797390758867840,1.0
1105819115593016320,0.5384615384615384
1105820269616133504,0.5
1105875117525355520,0.35294117647058826
1105903368763210112,1.0
1105930760776164608,0.3829787234042553
1106222795722275712,0.0
1106255877795240704,1.0
1106272114203780096,0.5333333333333333
1106292212503837056,0.5454545454545454
1106293694377498496,0.7222222222222222
1106305003668189440,0.6666666666666666
1106305420408089600,0.9178082191780822
1106321579077593216,0.6129032258064516
1106347790246370048,0.375
1106386932189245312,0.7368421052631579
1106409686623238272,0.6716417910447762
1106439781096707584,0.8
1106447103382743296,0.3333333333333333
1106453319742382976,0.5
1106455754765311616,0.7936507936507936
1106467597826423296,0.8
1106491237773053824,0.6451612903225806
1106493070534333952,0.6956521739130435
1106503653639718912,0.0
1106509289930308480,0.6119402985074627
1106509410562245504,0.6140350877192983
1106509507385895936,0.56
1106509618377194240,0.45
1106549393641224576,0.9
1106552022012423296,0.5555555555555556
1106552878329457792,0.7407407407407407
1106619385784494336,1.0
1106624962839661824,0.8571428571428571
1106630363779711232,0.25
1106654465049856896,0.0
1106684989222420736,0.5384615384615384
1106920677179838080,0.6216216216216216
1106923272841320064,0.42424242424242425
1107022717119868800,0.35714285714285715
1107026691355185536,0.7727272727272727
1107046472441596544,0.46153846153846156
1107075395952219136,0.6153846153846154
1107085882103289088,0.8285714285714286
1107102424686198528,0.5
1107114009672863104,1.0
1107124868953451648,0.6333333333333333
1107147874679755392,0.6
1107150112610867328,0.6
1107157138980656640,0.7
1107170173226650240,0.6
1107265854780004352,0.05263157894736842
1107307238883010048,0.46153846153846156
1107317724675122176,0.5
1107323031009222656,0.75
1107336117090537216,0.7727272727272727
1107369742955155456,0.8048780487804879
1107399586375873408,0.4375
1107401077744628864,1.0
1107453255320209152,0.0
1107745298190186752,0.8333333333333334
1107749482293712384,0.47058823529411764
1107755662575078656,0.7142857142857143
1107763159764375936,0.6666666666666666
1107763600234456960,0.3181818181818182
1107790220476123008,0.75
1107852580872119168,0.5483870967741935
1107880690716553216,0.25
1107889721757719808,0.45454545454545453
1107927037304973056,0.9090909090909091
1107930639544148608,0.55
1107941298869121152,0.0
1107959654747981056,0.24489795918367346
1107960234526429952,0.813953488372093
1107984304710542848,0.640625
1108017820275098496,0.4594594594594595
1108019791542703616,0.36363636363636365
1108086114731482368,0.6
1108088498269577984,0.8024691358024691
1108415830774233344,0.7222222222222222
1108493228566231808,0.5
1108509794493194240,0.9032258064516129
1108534488096918144,0.52
1108541523501012736,1.0
1108611085335455360,0.5714285714285714
1108628722020374400,0.7
1108637815547945856,0.2857142857142857
1108658200689524224,0.7142857142857143
1108659175422619520,0.6363636363636364
1108659361412614144,0.8048780487804879
1108694187794052352,0.8
1108885196341079552,0.8163265306122449
1109170591674568832,0.2
1109178410022053888,0.6
1109256288482320640,1.0
1109298187908648320,0.5833333333333334
1109330824110394496,0.2857142857142857
1109360214259983104,0.6956521739130435
1109385185382022784,0.9090909090909091
1109401112480749568,0.35714285714285715
1109404882251973504,0.40625
1109422640378264832,0.9166666666666666
1109550435091964416,0.0
1109563954729382272,0.6388888888888888
1109892312930793728,0.8888888888888888
1109895192837157376,1.0
1109908689462318464,0.35294117647058826
1109908787420265856,1.0
1109921466945698432,0.6470588235294118
1109923140986687360,0.75
1109950802573002368,0.8157894736842105
1109962954217005184,0.46153846153846156
1109967617325368576,0.7222222222222222
1109975310730549248,0.5
1109976410424265728,0.2857142857142857
1109978319961176960,0.38461538461538464
1109994187420604544,0.9285714285714286
1109995997335049472,0.5333333333333333
1110023883854531712,0.631578947368421
1110037380955437440,0.0
1110043269300501120,0.8235294117647058
1110048207324251648,0.2608695652173913
1110066434760504320,0.7666666666666667
1110084676736015360,0.4074074074074074
1110126110857458688,0.5714285714285714
1110146786088537216,0.45454545454545453
1110160008496463616,0.6666666666666666
1110214406632985344,0.45652173913043476
1110227872030696064,0.5416666666666666
1110291267108696448,0.5833333333333334
1110626860657930752,0.6666666666666666
1110635178849211264,0.2857142857142857
1110645941688099968,0.7906976744186046
1110663523610843520,0.6923076923076923
1110664335451915776,0.5
1110674037681416704,0.6363636363636364
1110674448240320512,0.3111111111111111
1110760381317074688,0.625
1110826076013373568,0.8333333333333334
1110845635392694144,0.4
1110898200186154112,0.9555555555555556
1110939962294516608,1.0
1110942135732073344,0.6944444444444444
1110956944949726976,0.4444444444444444
1111000594241150336,0.4375
1111328306132475520,0.7272727272727273
1111364266585822464,0.5
1111367482692358528,0.9
1111408964107694976,1.0
1111417430182072448,0.6621621621621622
1111418494849098496,0.9761904761904762
1111421928876353152,1.0
1111428306208053504,0.6363636363636364
1111428914539131776,0.9565217391304348
1111484490244732288,1.0
1111499450550371328,0.7058823529411765
1111507933105038976,0.52
1111508704121510400,0.5517241379310345
1111512992938759424,0.0
1111515764089165312,0.7619047619047619
1111524306138634624,0.8076923076923077
1111524865964422144,0.1111111111111111
1111551102128147072,0.6888888888888889
1111566123266854144,0.6666666666666666
1111600849336939520,0.7037037037037037
1111605378030887424,0.8055555555555556
1111624549140681728,0.8850574712643678
1111669646284644352,0.2222222222222222
1111699489468232192,0.4
1111711036721712384,0.2727272727272727
1111713234281742720,0.53125
1111720672473653760,0.6666666666666666
1111729851412049280,0.7857142857142857
1111770212839962112,0.75
1112048649655483520,0.7619047619047619
1112063773090273024,0.7777777777777778
1112085821800549120,0.5
1112093217870099840,0.3103448275862069
1112093739886019584,0.3333333333333333
1112113326169017600,1.0
1112126773702285696,0.5714285714285714
1112183936655662976,0.4166666666666667
1112184303591214720,0.4482758620689655
1112211442595079168,0.6666666666666666
1112222096335030528,0.0
1112228375042010752,0.2413793103448276
1112248532817417088,0.47619047619047616
1112292811989311616,0.5740740740740741
1112308626283725568,0.5490196078431373
1112327701165420160,0.6538461538461539
1112350355610845696,0.5652173913043478
1112368139424058496,0.48717948717948717
1112394873034866944,0.4
1112401036174800896,0.6
1112439904621322624,0.5
1112656587059642112,0.45454545454545453
1112734007945850112,0.53125
1112778955381300480,0.5428571428571428
1112804953727288192,0.5277777777777778
1112844428448309888,1.0
1112850627538324480,0.29411764705882354
1112895254136975104,0.8604651162790697
1112958369842805120,0.9090909090909091
1112965210769907968,0.23809523809523808
1113014189448589184,0.5263157894736842
1113024018241247232,0.6
1113026062297584000,0.5945945945945946
1113056632479120128,0.47368421052631576
1113059185754212224,0.7368421052631579
1113124284256863744,0.0
1113195871374257152,0.6666666666666666
1113432886612539776,0.46153846153846156
1113471186600761856,0.625
1113523772953011712,0.5
1113581646480919040,0.1111111111111111
1113689735363695616,0.1875
1113700502905426944,0.5384615384615384
1113708824153998848,0.6818181818181818
1113750953571391360,0.9433962264150944
1113752144932524160,1.0
1113753230352091136,0.14285714285714285
1113761776221562240,0.7
1113856091713787264,0.18181818181818182
1114294708715660672,0.6666666666666666
1114313288823193984,0.5714285714285714
1114360646008230400,0.47368421052631576
1114399342963053184,1.0
1114462952267613184,0.6666666666666666
1114529982634035712,0.5294117647058824
1114545376131787776,0.35714285714285715
1114565896773524096,0.3548387096774194
1114581611748898432,0.3333333333333333
1114588971118047616,0.4
1114637665918738560,0.6190476190476191
1114994978881896832,0.0
1114996191470615552,0.08695652173913043
1114996826345131008,0.75
1115003957266048512,0.4
1115008865246492416,0.29411764705882354
1115014554568097408,1.0
1115033108986147968,0.8571428571428571
1115039461189481216,0.5
1115046090512864256,0.18181818181818182
1115047477848446208,0.3333333333333333
1115087375460113408,0.5625
1115101921021703168,1.0
1115106641791431296,0.0
1115111824821147136,0.2
1115122016569516544,0.0
1115129751426561536,0.48484848484848486
1115144474654928384,0.2727272727272727
1115198442997374848,0.6829268292682927
1115205652283533952,0.7
1115216333446987520,0.5853658536585366
1115242067338494976,0.34210526315789475
1115276976496341120,0.35
1115301959747728512,0.5208333333333334
1115388697372508928,0.47058823529411764
1115753611793715456,0.0
1115771188797325568,0.7222222222222222
1115791632926106752,0.5333333333333333
1115823435040528896,0.38095238095238093
1115855244147824640,0.631578947368421
1115859512991003136,0.5333333333333333
1115866228874584448,0.45454545454545453
1115873713371444864,1.0
1115879658203504128,0.4074074074074074
1115881846234953984,0.75
1115911390811666688,0.0
1115934061685495552,0.40625
1115951453047406080,0.4
1115956716911555456,0.46153846153846156
1115970277575345408,0.42857142857142855
1116028891493568896,0.8113207547169812
1116061685592297472,0.0
1116406619163172096,0.5925925925925926
1116407525786419968,0.65
1116450702635814400,0.4482758620689655
1116459581183879296,0.75
1116530743017250048,0.0
1116545912489512320,0.8571428571428571
1116555959456848896,0.4
1116612029158732672,0.0
1116612133241573888,0.4444444444444444
1116612624623644800,0.43478260869565216
1116612741964325632,0.3333333333333333
1116659355484339840,0.36
1116666855921372800,0.8
1116680097481639808,0.0
1116685064546682240,0.23684210526315788
1116741207302510464,0.8977272727272727
1116744745272170880,0.3333333333333333
1116781655805453824,0.7916666666666666
1116790941752737664,0.5833333333333334
1116796498174307200,0.7272727272727273
1117149028508495872,0.5
1117171920867917696,0.0
1117204770494449408,0.5
1117208048418513280,0.2
1117212766616489984,0.36363636363636365
1117213534321269120,0.42857142857142855
1117232067441479808,0.7435897435897436
1117235987811437184,0.9285714285714286
1117243824697516032,0.0
1117274464027235456,0.5357142857142857
1117314486530641280,0.6666666666666666
1117364983375194880,0.8285714285714286
1117380996769090432,1.0
1117386096072580096,0.0
1117423040202700032,0.475
1117472936647375488,0.7
1117490813509169536,0.7142857142857143
1117491661848637696,1.0
1117537966507696768,0.36363636363636365
1117558932716607104,0.3333333333333333
1117809640217189248,0.5714285714285714
1117838446424063616,0.25
1117887643029158144,0.7058823529411765
1117945914120713600,0.5833333333333334
1117950292583088512,0.5555555555555556
1117979430129379328,1.0
1118011803056398592,0.6578947368421053
1118022896097560832,0.4
1118026489421556096,0.5416666666666666
1118036411680707584,0.5454545454545454
1118054865090027648,0.6363636363636364
1118090042474928384,0.44
1118094329218786560,0.5
1118099427037045632,0.7333333333333333
1118192072996447232,0.6666666666666666
1118261347001121152,0.2
1118306171625396736,0.30434782608695654
1118318693089375360,0.5714285714285714
1118538238517745536,1.0
1118587132320057600,0.37037037037037035
1118647336371991296,0.8378378378378378
1118715062244678272,0.6666666666666666
1118743307163485952,0.375
1118751901685603328,0.3333333333333333
1118766206088020480,0.16666666666666666
1118778640905363328,0.8636363636363636
1118797047622939520,0.5
1118799648962290432,0.0
1118800400473519360,0.5
1118824039183751680,1.0
1118825997666537856,0.3
1118831836654996224,0.7777777777777778
1118861504597130240,0.3333333333333333
1118885783676345984,0.7058823529411765
1118953090965461248,0.6714285714285714
1118966144353053568,0.6896551724137931
1119130202976195712,0.5
1119268799902888704,0.3333333333333333
1119285212560078720,0.8157894736842105
1119375275997745024,0.0
1119393735293908864,0.8529411764705882
1119406156503224192,0.5
1119424920196884736,0.375
1119429249341171584,0.375
1119457676550848000,0.25
1119489151244080384,0.7352941176470589
1119493107029537152,0.7307692307692307
1119496839958771712,0.4406779661016949
1119501512959936128,0.42857142857142855
1119518363060770432,0.32051282051282054
1119519170865197440,0.5
1119544844908381952,0.45454545454545453
1119549670577736064,0.75
1119550902131544704,0.4
1119564015462470272,0.22727272727272727
1119564021663846528,0.4230769230769231
1119588089376504960,0.7058823529411765
1119590826194557440,0.3684210526315789
1119623775850438272,0.2857142857142857
1119629382996529792,0.42857142857142855
1119659417042951296,0.8
1119717150944338432,0.8636363636363636
1119737809122676736,0.625
1120047901032260096,0.2727272727272727
1120068737589074432,0.9393939393939394
1120102019389896064,0.625
1120113934675887488,1.0
1120121718482648832,0.5
1120255356039904896,0.5555555555555556
1120280848516799104,0.5882352941176471
1120285378190573056,0.6060606060606061
1120289123767528704,0.717391304347826
1120304127531751680,0.5454545454545454
1120308047686543360,0.7307692307692307
1120312476173340672,0.5
1120364895439596160,0.6666666666666666
1120404755714520448,0.5
1120424044726128128,0.6
1120766755343950592,0.7586206896551724
1120784193639659264,1.0
1120791236999337088,0.375
1120804979662396672,0.8
1120810464531769600,0.46153846153846156
1120840542419212672,0.8333333333333334
1120856168691129728,0.8064516129032258
1120866527131703552,0.0
1120885987485369728,0.2
1120904799441166720,0.7058823529411765
1120965009383022976,0.4782608695652174
1120987468238445312,0.7647058823529411
1120988384248925440,0.7777777777777778
1120989495042582144,0.22727272727272727
1120995595491082624,0.5
1121019550584338560,0.56
1121024693112840064,0.3333333333333333
1121024697362237056,0.8095238095238095
1121045567750858368,0.5666666666666667
1121055533055443840,0.7391304347826086
1121093919003655808,0.0
1121214004737806208,0.5142857142857142
1121397790436761728,0.6
1121524355962447872,0.5
1121537063261649408,1.0
1121609135897327616,1.0
1121661429681642112,0.5555555555555556
1121662833000520960,0.6716417910447762
1121672800665983232,0.44
1121676351876740736,0.42857142857142855
1121680946712461184,1.0
1121684245833130880,0.6857142857142857
1121694610597821184,0.8333333333333334
1121694918342932480,0.0
1121702724093956736,0.7428571428571429
1121716075685679104,0.5555555555555556
1121740786286496768,0.5833333333333334
1121764537952816128,0.8333333333333334
1121776238613985408,0.7368421052631579
1121839101778741120,0.375
1121877508853503488,0.4444444444444444
1121917329128666752,0.3333333333333333
1121946818481314048,0.25
1121951062032675712,0.39285714285714285
1122158152763604096,0.7307692307692307
1122204272218743168,0.5454545454545454
1122254494457994496,1.0
1122260332450223616,0.0
1122281580614411136,1.0
1122288502337917824,0.5454545454545454
1122294011131456896,0.42857142857142855
1122350041431067264,0.34210526315789475
1122393405653402624,0.3076923076923077
1122402092595835776,0.5263157894736842
1122426709311561600,0.6428571428571429
1122463814564016896,0.5789473684210527
1122467290425466496,0.25
1122499681883310720,0.5384615384615384
1122513926035149312,0.0
1122517528079728768,0.42105263157894735
1122526672354479232,0.3333333333333333
1122652931625058688,0.6944444444444444
1122923505541704960,0.38461538461538464
1122930520722963968,0.5714285714285714
1122982729632476416,0.8666666666666667
1122996660213664000,0.5
1123000694331620352,0.6521739130434783
1123040613773494784,0.5
1123135349219552256,0.6428571428571429
1123160296885936000,0.6764705882352942
1123176487693549824,0.75
1123192504746977408,0.45454545454545453
1123195463835420928,0.75
1123201056011263616,0.7272727272727273
1123213815683112576,0.7647058823529411
1123302306721632768,0.5490196078431373
1123580285480781184,0.2727272727272727
1123678762840353792,0.5294117647058824
1123697782522591232,0.5833333333333334
1123810956191518848,0.4864864864864865
1123822059420911872,0.6666666666666666
1123828404824022272,0.25
1123847472625596672,0.25
1123967932399225344,1.0
1123974049483284352,0.5833333333333334
1123993528199451776,1.0
1124048000559799296,1.0
1124382390417591296,0.625
1124385310966299520,0.9090909090909091
1124436063478601600,1.0
1124466928042681856,0.5263157894736842
1124639568886508160,0.0
1124704073475475968,0.625
1124767309553683584,0.5454545454545454
1124929646442129024,0.0
1125064508653727360,0.38461538461538464
1125136323414276480,0.4090909090909091
1125277444663332736,0.32142857142857145
1125388965605036928,0.5238095238095238
1125438508462187264,0.5
1125455920155536128,0.52
1125488099897308800,0.0
1125530105964953472,0.7575757575757576
1125758339556028928,0.15
1125793223929212160,0.6296296296296297
1125850589216221184,0.8
1125875366669545600,0.0
1125927717371117312,0.6666666666666666
1125931974044603520,0.47058823529411764
1125946960928180224,0.0
1125989247555015424,0.5217391304347826
1125993099052319744,0.0
1126006639899926272,0.6956521739130435
1126007506158494336,0.8857142857142857
1126019428824447744,1.0
1126024104930747648,0.4230769230769231
1126028439763368960,0.8181818181818182
1126039974345253760,0.9
1126052882859672704,0.8958333333333334
1126061007692975872,0.7692307692307693
1126148274574676736,1.0
1126187941842416000,0.6086956521739131
1126202027220633856,0.7894736842105263
1126332060349296128,0.7619047619047619
1126529225918012672,0.5106382978723404
1126530218158740864,0.7391304347826086
1126558520114595712,0.5
1126560528190959872,1.0
1126601402616335744,0.5476190476190477
1126602258773286912,0.36363636363636365
1126621958509188480,0.0
1126657956233136384,0.6923076923076923
1126673635806676096,0.2857142857142857
1126692806167490944,0.65
1126699883053530368,0.2916666666666667
1126707430256825472,0.3333333333333333
1126707547660546816,0.5833333333333334
1126719439917023488,0.6617647058823529
1126860421437446656,0.56
1127161506823683968,0.2
1127259584873627392,0.46808510638297873
1127275230029693312,0.7142857142857143
1127352596148518656,0.0
1127355029325457408,0.2
1127390385255755392,0.8
1127416855434816512,0.25
1127449857948190848,0.48484848484848486
1127520698780634880,0.45454545454545453
1127555500522630656,0.7407407407407407
1127557648867504512,0.36363636363636365
1127599879911437696,0.5
1127603536947986560,0.625
1127965315494074496,1.0
1127981554833138048,0.7
1127982277783326720,0.21428571428571427
1127997594788698240,0.65
1128002757514568320,1.0
1128033328943856384,1.0
1128035811372494592,0.75
1128068118514359296,0.5384615384615384
1128073696395795968,0.0
1128077573169481216,0.4230769230769231
1128106470021022848,0.7
1128129757601272576,0.5
1128158542281030272,0.875
1128167430104188544,0.4782608695652174
1128175205535998976,0.8888888888888888
1128224031006743168,0.75
1128235397348597376,0.45161290322580644
1128240340470561408,0.7857142857142857
1128243940152605056,0.66
1128272313860752512,0.4782608695652174
1128398696438139776,0.42857142857142855
1128783420886518912,0.5
1128870310420729600,0.375
1128919283897436032,0.7916666666666666
1128931367350386432,1.0
1128940220267323264,0.6
1129063257422112000,0.46153846153846156
1129124761928239872,0.46153846153846156
1129144819118816640,0.7142857142857143
1129470699664781184,0.42105263157894735
1129494349867934848,0.5
1129559410275001856,0.45454545454545453
1129578567012956544,0.0
1129595655375473408,0.45454545454545453
1129597835581219840,1.0
1129604271470149248,0.5
1129605498679859584,0.3333333333333333
1129669606828818048,0.835820895522388
1129699617767016448,0.5555555555555556
1129716927114233088,0.8235294117647058
1129789442511086464,0.5625
1129986969242170752,1.0
1130013108232556928,0.6764705882352942
1130171766204966272,0.45714285714285713
1130201465720292608,0.5
1130212887267160704,0.9
1130215120958931968,0.4444444444444444
1130216858136817664,0.2777777777777778
1130230527437819264,0.25
1130284158062877696,0.6571428571428571
1130344998240272896,0.68
1130364446978940160,0.5555555555555556
1130368338086704128,0.55
1130398242156200320,0.65
1130403587222303232,0.5
1130411682257699968,0.4074074074074074
1130431478306894592,0.5555555555555556
1130464174448907008,0.2
1130555937595333888,0.5
1130828928344488448,0.3333333333333333
1130855685204459008,0.3333333333333333
1130910954285362432,0.14285714285714285
1130922398671579136,0.9358974358974359
1130977593280889984,0.7
1131039225817318272,0.7857142857142857
1131042494899369088,0.6
1131099443106062464,0.68
1131135157049668736,0.6818181818181818
1131146334868496000,0.6666666666666666
1131168659070853120,0.75
1131175150777998208,0.8076923076923077
1131195231816352128,0.358974358974359
1131207827689229440,0.5
1131252931795822592,1.0
1131546848826255616,0.0
1131613613174079104,0.6
1131618278442201216,0.0
1131624661286105216,0.3611111111111111
1131631833881298432,0.0
1131636115599749248,0.4166666666666667
1131642265985234560,0.45
1131653522054713728,0.5714285714285714
1131668393563212416,0.9166666666666666
1131668604205573376,0.7777777777777778
1131697767042405888,0.0
1131729928254934912,0.3695652173913043
1131748697212981632,0.9193548387096774
1131806557974798208,0.0
1131811805190150144,0.9090909090909091
1131818621376993024,1.0
1131827105530584320,0.0
1131828779292947584,1.0
1131831287907035136,0.8
1131879978185464320,0.8
1131885908390196864,0.6129032258064516
1131887542967593728,1.0
1131967603225129088,0.6086956521739131
1131977568884078080,0.5333333333333333
1131983555414837504,0.375
1131994395779610752,0.45454545454545453
1132039608512182784,0.5769230769230769
1132341071526148480,0.5384615384615384
1132363707531524736,0.5
1132385135962231808,0.5
1132387908783382016,0.4444444444444444
1132436381186563968,0.0
1132438762210391424,0.65
1132501697340009856,0.25
1132555539810359168,0.7857142857142857
1132596698369645312,0.5
1132610930203457792,0.19047619047619047
1132620142306848384,0.6
1132624541541652224,0.46153846153846156
1132652198044048896,0.8305084745762712
1132659083832207872,0.5652173913043478
1132727636525708672,0.5217391304347826
1133039458084741248,0.8571428571428571
1133044674913593088,0.5
1133054204386686848,0.37254901960784315
1133069481854155392,0.9545454545454546
1133273775706696448,0.5116279069767442
1133287881712305280,0.5384615384615384
1133339119929410176,0.7272727272727273
1133355220307806848,0.6111111111111112
1133504132850351232,0.6976744186046512
1133555139876877312,0.2222222222222222
1133803706634697856,0.7391304347826086
1133863205001385856,0.5
1133866568186679040,0.41935483870967744
1134008514862468736,1.0
1134022141294069632,0.4857142857142857
1134028394400544256,0.4782608695652174
1134068932599712896,0.5217391304347826
1134073218807189888,0.5
1134098509079425024,0.3333333333333333
1134144806609795840,0.7884615384615384
1134497772043501184,0.6666666666666666
1134518209877469952,0.4
1134585614741969280,0.47619047619047616
1134670644333591168,0.45454545454545453
1134689140323570688,0.6666666666666666
1134753470928163456,0.25806451612903225
1134762459531546496,0.0
1134865377568917888,0.24
1134912848614045440,0.4782608695652174
1135165163006010752,1.0
1135295404777515776,0.375
1135326391781166464,0.4838709677419355
1135328195947649152,0.5294117647058824
1135369505410879488,0.7894736842105263
1135383013521357056,0.75
1135416206602227328,0.8378378378378378
1135452331380347520,0.8333333333333334
1135476001680978816,0.8947368421052632
1135480067367026944,0.25
1135484530289176832,0.6153846153846154
1135486126073092992,1.0
1135488425750872320,0.38461538461538464
1135515777456872192,0.8571428571428571
1135539785130702720,0.5
1135559136245256832,0.6774193548387096
1135591409809212032,0.0
1135624153030384768,1.0
1135961355249402368,0.7058823529411765
1135962491506756480,0.6111111111111112
1135971591689543680,0.0
1135988116481785728,0.3333333333333333
1136004006782500224,0.0
1136019346498878080,0.0
1136028543367583232,0.5454545454545454
1136065713100760576,0.3333333333333333
1136080249715058560,0.5915492957746479
1136081786255997568,0.7692307692307693
1136085038145309824,0.8695652173913043
1136087745421732864,1.0
1136102094760884224,0.4864864864864865
1136105967732452864,0.48484848484848486
1136125097972459264,0.34375
1136137040862875776,0.6052631578947368
1136143952690568832,0.38461538461538464
1136174821175823360,0.6111111111111112
1136202926714477184,0.8
1136207026505309056,0.8
1136300730245386880,0.5263157894736842
1136343333895843968,0.84
1136376887149461376,0.8125
1136378689279628416,0.5714285714285714
1136683314925324672,0.6666666666666666
1136686130105916544,1.0
1136710465011627776,0.18181818181818182
1136734957657624192,0.4782608695652174
1136745905179040896,0.8947368421052632
1136747147493265920,0.6470588235294118
1136757470328854144,0.9166666666666666
1136771645289809280,0.6363636363636364
1136825038483953152,0.8620689655172413
1136837938327888384,0.3333333333333333
1136878610049055104,0.23333333333333334
1136897769311696128,0.35714285714285715
1136923876962043136,0.5862068965517241
1136941465983805312,0.6896551724137931
1136968886536433792,0.3333333333333333
1136975875960640000,1.0
1136994423698442112,0.47619047619047616
1137083176403506304,0.6666666666666666
1137373627776432000,0.782608695652174
1137391274275210112,0.631578947368421
1137413759787476096,0.7333333333333333
1137425641057736576,0.6666666666666666
1137451121796393728,0.8214285714285714
1137482772823430016,0.6206896551724138
1137496832346102144,0.7096774193548387
1137503229334129408,0.5384615384615384
1137530693840490240,0.3
1137536544421082624,0.6170212765957447
1137544205611740800,0.0
1137549188556102272,0.8666666666666667
1137550491176868736,0.7272727272727273
1137565455309010432,0.0
1137568436563159808,0.4
1137584384062760064,0.6666666666666666
1137609058375252736,0.5
1137621275611528192,0.5384615384615384
1137639274678065920,0.5
1137642245937542016,0.875
1137654828920082816,0.6923076923076923
1137678947781185024,0.6
1137687966071099392,0.5
1137689376513347072,0.5357142857142857
1137715382292822912,0.6666666666666666
1137723835427023104,0.6764705882352942
1137739170424888576,0.6891891891891891
1137746323507975552,0.6666666666666666
1137826497199371136,0.36363636363636365
1138091672286116864,0.47058823529411764
1138128150678240128,0.0
1138136731020340864,0.0
1138142869378417152,0.7272727272727273
1138163164579862912,0.65
1138175080358495232,0.25
1138177125607170304,0.7894736842105263
1138195375652999680,0.6666666666666666
1138204917088916352,0.6086956521739131
1138217405917192704,0.5384615384615384
1138224764395473664,0.5384615384615384
1138260240001145728,0.2708333333333333
1138289730862464896,0.27586206896551724
1138292356689155712,0.6266666666666667
1138332534511332864,1.0
1138378262890047872,0.4642857142857143
1138448857131799296,0.8
1138520044097436032,0.6666666666666666
1138588790882281728,0.4090909090909091
1138596526344170752,0.5357142857142857
1138908840636155520,0.6666666666666666
1138920947194783104,0.7647058823529411
1138941387495022080,0.0
1138954556376735488,0.5
1138978829582219392,0.6875
1139047209358995200,0.8148148148148148
1139105199191858688,1.0
1139146579737354496,0.5714285714285714
1139190502624394240,0.625
1139655334779007488,0.4117647058823529
1139741919326494592,0.8
1139751017257920896,0.3939393939393939
1139761198295022720,0.5
1139763731903450624,0.0
1139834649198385408,0.7121212121212122
1139834834873772928,0.8787878787878788
1139853909231906048,0.25
1139869998555391872,0.45454545454545453
1139889266182311424,0.43243243243243246
1139889806439400064,0.5161290322580645
1139900730373786112,0.5555555555555556
1139920491892566400,0.0
1139926866521986176,0.625
1139955797693451776,0.3333333333333333
1140019708135347072,0.7692307692307693
1140232282818225280,1.0
1140296838452951296,0.0
1140323857815955840,0.0
1140327864876241664,0.696969696969697
1140337014851477888,0.8
1140340945661633152,0.4
1140347527800395136,0.5
1140352787976735360,0.42857142857142855
1140400637185671552,0.0
1140416815998998144,0.4838709677419355
1140423424234399616,0.8
1140432312500422784,0.7704918032786885
1140445998900298112,0.0
1140483446601896832,0.45714285714285713
1140502891421209856,0.0
1140517105312222464,0.5
1140518057288394112,0.2857142857142857
1140529726213180800,0.7333333333333333
1140554560290519296,0.75
1140576525457242496,0.5714285714285714
1140686902695805696,0.90625
1140955317954208000,0.5
1140958604221270016,0.4
1141019586641812224,0.38095238095238093
1141074644148870528,0.41818181818181815
1141159458284338432,0.0
1141161254764019072,0.8372093023255814
1141193853798697088,0.6216216216216216
1141198839829215360,0.68
1141220581269959552,0.7142857142857143
1141238776451272960,0.42857142857142855
1141265294027794176,0.7
1141270355919904000,0.5652173913043478
1141276060653149568,0.2857142857142857
1141276786918964864,1.0
1141283539460104576,0.1
1141299918992426752,0.18181818181818182
1141315979482000256,0.0
1141367124946296192,1.0
1141371838827068928,0.6
1141421393064215424,0.8363636363636363
1141423887895493120,0.4
1141430095558996096,0.40625
1141746344497443712,0.5
1141750659780890368,0.6538461538461539
1141763904002121216,0.4
1141766771819619968,1.0
1141783644135512576,1.0
1141788786039916032,0.6
1141796197160136960,0.8333333333333334
1141830827531976064,0.0
1141852808738308480,0.5416666666666666
1141872792693825024,0.0
1141884838135610880,0.7857142857142857
1141892892991054208,1.0
1141920067917862144,0.7058823529411765
1141925821116669440,0.5
1141931697860233600,1.0
1141942770994542720,0.6
1141982413609577088,0.39622641509433965
1141999412499310464,0.9166666666666666
1142001234350539520,0.5121951219512195
1142136969687743488,0.7
1142140507627189376,0.90625
1142146442528513792,0.5454545454545454
1142526790621897600,0.5
1142540109301792256,0.6666666666666666
1142547992016168704,0.0
1142548413726028288,0.0
1142551308111416320,0.36363636363636365
1142634920938754944,0.9047619047619048
1142675975889842304,0.5416666666666666
1142679021213672832,0.4
1142704473914069760,0.5714285714285714
1142707472007851520,0.7288135593220338
1142732805971882880,0.24324324324324326
1142752463315627904,0.41379310344827586
1142808381608246272,0.94
1142838449463972096,0.4375
1142923938437261184,0.6129032258064516
1143028347351807744,0.7142857142857143
1143031944328363264,0.4444444444444444
1143040219738752640,0.5833333333333334
1143058297333816320,0.5714285714285714
1143212625674963072,0.6595744680851063
1143262117938854144,0.8333333333333334
1143269258712185984,0.8787878787878788
1143379094173256192,0.75
1143419381660384384,0.631578947368421
1143455718680147328,0.0
1143465362001967616,0.5882352941176471
1143491387125358080,0.6666666666666666
1143561601856606976,0.48717948717948717
1143610096024709248,1.0
1143613586455925120,0.6666666666666666
1143639626709352192,0.7272727272727273
1144087655835421824,0.6363636363636364
1144107136469288704,0.5555555555555556
1144154568190066432,0.375
1144170037408037120,0.6666666666666666
1144339518437086848,0.46153846153846156
1144514418076560768,0.5
1144598050791889152,0.7777777777777778
1144719658591694336,0.46153846153846156
1144751663097509376,0.7073170731707317
1144829886138993152,0.8
1144840046911782400,0.8181818181818182
1144847089645659136,0.8088235294117647
1144930293872896384,0.0
1144935396218506752,0.5
1145005966141826688,0.5517241379310345
1145020309254514688,0.8
1145088661419017472,0.6666666666666666
1145109934475681024,0.5
1145371533115173888,0.35294117647058826
1145372446954362112,0.9622641509433962
1145427705055895168,1.0
1145436765147515648,1.0
1145454353469031040,0.0
1145473192548196480,0.6666666666666666
1145478427334747008,0.5
1145479264772273024,1.0
1145515308918087808,0.6136363636363636
1145521462493111680,0.625
1145542293594312320,1.0
1145569191039950976,0.45454545454545453
1145590881861952000,0.8275862068965517
1145608950812400512,0.8333333333333334
1145611286044830720,0.9230769230769231
1145649209354004224,0.0
1146033680929529728,0.5
1146077822884640640,0.45454545454545453
1146079886961545856,0.6666666666666666
1146087805757604352,0.20833333333333334
1146163620863672448,0.46153846153846156
1146174524232746112,0.6818181818181818
1146193821792460288,0.3333333333333333
1146201890128539648,0.0
1146219217151189632,0.375
1146321857289731200,0.3157894736842105
1146340674999451136,0.8076923076923077
1146364017188543360,0.8333333333333334
1146418715481231232,0.6274509803921569
1146419110566925312,1.0
1146427160245251072,0.6666666666666666
1146452086750375296,0.5434782608695652
1146459156430918016,0.2222222222222222
1146865899469283968,0.0
1146887680540301568,0.4
1146892995602196096,0.44
1146896217635606272,1.0
1146898796837266560,0.75
1146969182997006720,0.6363636363636364
1146974501472780032,0.5128205128205128
1146977317280444928,0.6857142857142857
1146984553111830912,0.2
1147008947405644416,0.75
1147038761119727232,0.5384615384615384
1147067199900649472,0.7619047619047619
1147080711702052352,0.5454545454545454
1147092738512660224,0.5
1147144742201566976,0.3333333333333333
1147147104319023616,0.8545454545454545
1147162873948660096,0.2558139534883721
1147192886596949376,0.8518518518518519
1147200729662735232,0.660377358490566
1147253423615272832,0.4827586206896552
1147333289301936256,0.25
1147537198642393216,0.7777777777777778
1147538221239880064,0.6631578947368421
1147546268163456128,0.6486486486486487
1147574332435308672,0.8
1147600520009244544,0.0
1147601610543580032,0.5
1147625121111853440,0.14285714285714285
1147679020973558784,0.7671232876712328
1147698642733604608,0.8333333333333334
1147718206079081600,0.6666666666666666
1147719143573685632,0.19607843137254902
1147744646872324352,0.4367816091954023
1147777252121383040,0.8285714285714286
1147781118331143424,0.625
1147874407007516672,1.0
1147942997034415104,0.45652173913043476
1147992391206870016,0.5581395348837209
1148040147415159296,0.5135135135135135
1148136175635550464,0.75
1148275867135386752,0.5
1148370867625669632,0.7837837837837838
1148383772921488640,0.7142857142857143
1148396720503893632,0.5
1148406703838510976,0.25
1148457556706100480,0.6785714285714286
1148489695492267904,0.8857142857142857
1148490492739423360,0.8709677419354839
1148548367845883264,0.6923076923076923
1148578462519476608,0.5
1148657820338154112,0.2
1148674522894574976,0.2
1149023176708086400,0.8461538461538461
1149034687263310592,0.6428571428571429
1149051700574478080,0.5
1149078043931842688,0.2962962962962963
1149082228601418624,0.7083333333333334
1149133440228615808,0.5869565217391305
1149165172206819968,0.6
1149172696500695936,0.6923076923076923
1149174160397762688,0.4117647058823529
1149266744466244992,0.3333333333333333
1149299331979364736,0.0
1149343386124557696,0.6
1149351087946297216,0.5714285714285714
1149722811899247232,0.6578947368421053
1149772548428172288,0.4
1149784123305022336,0.8064516129032258
1149794809424390272,0.5
1149834776546790016,0.36363636363636365
1149843411552748288,0.5
1149873219462548992,0.6363636363636364
1149893762290904960,0.5714285714285714
1149921141438646272,0.3076923076923077
1149921664271919104,0.5945945945945946
1149970253706949376,0.5
1149981580853672448,0.7837837837837838
1150056216087052672,0.36363636363636365
1150079054188357248,1.0
1150094529352224000,0.5384615384615384
1150098008183102208,0.6458333333333334
1150124340145847424,0.3333333333333333
1150134345934530176,0.0
1150491879607555072,0.8333333333333334
1150497576044175360,0.7272727272727273
1150500131977479552,1.0
1150508955083418752,0.2
1150511525657613184,0.8088235294117647
1150549143830088576,0.42857142857142855
1150559609670364160,0.6666666666666666
1150570762525044224,0.0
1150571264994904832,0.5833333333333334
1150587752027463680,0.42424242424242425
1150631187024921216,0.4666666666666667
1150641149720131328,0.6739130434782609
1150668316352949888,0.6666666666666666
1150677919726813440,0.7464788732394366
1150699152994356224,0.34210526315789475
1150715832101122304,0.7741935483870968
1150716406754631040,0.0
1150718873513261696,0.8888888888888888
1150719743868939136,0.625
1150733650295994752,0.5714285714285714
1150734495737757952,0.47058823529411764
1150748789244117632,0.3333333333333333
1150768969075033216,0.48
1150781554746489344,0.45652173913043476
1150789295149527680,0.7647058823529411
1150803915787064320,0.2777777777777778
1150871841376089600,0.75
1150978873718520576,0.5576923076923077
1151161269364427264,1.0
1151179100930451328,0.28
1151179179319752960,0.17307692307692307
1151179608494807168,0.42105263157894735
1151179712302207232,0.47619047619047616
1151179717049725056,0.2777777777777778
1151179767375557760,0.3
1151191323238015360,0.5
1151224344666065408,0.5531914893617021
1151240050898611968,0.5454545454545454
1151241474602097792,0.9259259259259259
1151242721589592448,0.7391304347826086
1151245908936050304,0.6666666666666666
1151318785246006528,0.6938775510204082
1151349925370085888,0.6956521739130435
1151362328301568896,0.6875
1151407732567920768,0.5714285714285714
1151423464524151808,0.37209302325581395
1151428062058148736,1.0
1151438098055200256,0.5
1151444233422314496,0.7142857142857143
1151446058181499264,0.6071428571428571
1151455854386948736,0.5333333333333333
1151539743947453312,0.7058823529411765
1151548466598284672,0.8888888888888888
1151593209444474368,0.7454545454545455
1151924166254210176,0.4
1151924458651667456,0.5
1151939443174253312,0.4
1151962553888706176,0.7777777777777778
1151966967774006528,0.9433962264150944
1151973439139962752,0.4375
1151985522425613568,0.7272727272727273
1151986186998259968,0.8333333333333334
1152008676763992704,0.5
1152063722616976256,0.75
1152139924976103808,0.8611111111111112
1152153840892098176,1.0
1152160974646679936,0.8222222222222222
1152210064633946752,0.0
1152315050027840000,0.8
1152315196835115008,0.6666666666666666
1152344163047963136,0.375
1152582417159010048,0.0
1152634743008996992,1.0
1152689910906045184,0.9069767441860465
1152694310333157632,1.0
1152695862913340800,0.94
1152705360826776960,1.0
1152717070066097152,0.5
1152730062220224128,0.6595744680851063
1152732973381612288,0.7169811320754716
1152740827368676736,0.8
1152792689873937920,0.5862068965517241
1152856155406466304,0.7894736842105263
1152861391976867072,1.0
1152891890243940736,0.7777777777777778
1152902497311127424,0.5
1152930768381157376,0.5945945945945946
1152931436257526528,0.0
1152960752566094080,0.25
1152962492535042048,0.6875
1152965639933541376,0.47058823529411764
1153044334936676608,0.5862068965517241
1153323416122376960,1.0
1153376855811975424,0.6
1153381419075681024,0.4117647058823529
1153383093624103680,0.5
1153403101963704064,0.78125
1153527584936882176,0.8518518518518519
1153530026740833792,0.0
1153530483548009216,0.603448275862069
1153531579478150912,0.85
1153531934331366144,1.0
1153532414856131072,0.6153846153846154
1153539095225520384,0.8787878787878788
1153567189810900224,0.6666666666666666
1153567242600833792,0.5
1153570544552320256,0.9259259259259259
1153604143363090688,0.46153846153846156
1153611332901720064,0.46875
1153615951788412160,0.5
1153651639260372736,0.5555555555555556
1153658485917086208,0.0
1153702013472451840,0.5
1154030965335461888,0.45
1154226611683363584,0.43333333333333335
1154238582540952832,1.0
1154308301969956864,0.32142857142857145
1154329879704929536,0.7352941176470589
1154358928122072576,0.4411764705882353
1154400414773280256,0.5652173913043478
1154409105746841088,0.6
1154409816689077248,0.36363636363636365
1154419223107348736,0.0
1154437497795854336,0.48148148148148145
1154897519354248448,0.58
1155013729472403968,1.0
1155017713016484608,0.25
1155019219942729728,0.0
1155030076398871808,0.5416666666666666
1155040772253377024,0.6153846153846154
1155082091623505408,0.5384615384615384
1155089366816304640,0.6382978723404256
1155151090018336768,0.4444444444444444
1155180790761674240,0.6
1155261185236697600,0.46153846153846156
1155475535718961408,0.9347826086956522
1155535824323663360,0.3333333333333333
1155568265100106496,0.8421052631578947
1155613578794906368,0.47368421052631576
1155626810945357824,0.8333333333333334
1155631057751238400,1.0
1155647449857016064,0.7647058823529411
1155655690540420608,0.2222222222222222
1155670503138860544,0.8571428571428571
1155683144696836864,1.0
1155690341665150464,0.0
1155708297130660096,0.0
1155744722473773568,0.5
1155752671412018176,0.7755102040816326
1155764694148646912,0.30434782608695654
1155778538981340160,0.5681818181818182
1155787861346378240,0.5
1155799611900919552,0.509090909090909
1155849419545064704,0.7647058823529411
1155914494116229632,0.8571428571428571
1155938238089118720,0.25
1156209002897506048,0.5
1156260736854328320,0.25
1156294538357165056,0.391304347826087
1156301264699229184,0.1875
1156342807572458496,0.7692307692307693
1156392662808568320,0.47058823529411764
1156395106607424000,0.6
1156404105647402240,0.5357142857142857
1156439299883686912,1.0
1156452644499195904,0.6666666666666666
1156474629917183488,0.42592592592592593
1156534899303521024,0.6363636363636364
1156553160241736960,0.7796610169491526
1156610151661116160,0.6428571428571429
1156619681432190208,0.4909090909090909
1156715598573081344,0.6
1156987472907738112,0.78125
1157000350727616256,0.23529411764705882
1157008228148422144,0.7192982456140351
1157028454050070016,0.45454545454545453
1157044917126780160,0.7096774193548387
1157061837656464640,0.5526315789473685
1157072987831767552,0.5454545454545454
1157105674965823744,0.6
1157112526310171648,0.7073170731707317
1157139352778921216,0.8
1157144611109293056,0.625
1157184654699491584,0.5714285714285714
1157186331580828672,0.8
1157197578825955328,0.6451612903225806
1157203151564143360,0.5
1157243137834899456,0.0
1157320690263320832,0.7727272727272727
1157369450224144384,0.5609756097560976
1157389117058698240,0.5909090909090909
1157390512484653056,0.27419354838709675
1157677460613586688,0.6666666666666666
1157703660720978688,0.3333333333333333
1157704889979853312,1.0
1157710138617968384,0.8181818181818182
1157719343601860864,0.34375
1157765678775411968,1.0
1157831569780318208,0.5818181818181818
1157855480027534848,0.75
1157856414343282944,0.0
1157856783069864960,0.0
1157863816197537536,0.6785714285714286
1157870612523492352,0.0
1157881941772207360,0.0
1157899187777419264,0.5555555555555556
1157901438825213184,0.75
1157904236047489024,0.45454545454545453
1157945480179895296,0.5
1157965184376093696,0.4117647058823529
1158001501855120384,0.6
1158026253196797440,0.6060606060606061
1158054927074777344,0.5
1158421313091492864,0.0
1158450500544022784,0.6818181818181818
1158509770708020992,0.0
1158514136677324288,0.0
1158591142239290624,0.65
1158776142121500672,0.16666666666666666
1158853371988249344,0.3953488372093023
1158874288062958592,1.0
1159172121648503808,0.6666666666666666
1159213834023215104,0.6129032258064516
1159226439160752384,0.52
1159242227576815104,0.75
1159276556928483584,0.43333333333333335
1159302738407778816,0.6296296296296297
1159306102801571840,0.75
1159349524195499776,0.3333333333333333
1159362491426699520,0.8333333333333334
1159365425635342592,0.0
1159370224873104640,0.5217391304347826
1159900680436248832,1.0
1159967332181707776,0.5
1160002985985088000,0.6785714285714286
1160051769705208832,0.796875
1160066554232661760,0.7727272727272727
1160112768896017152,1.0
1160140856525568000,0.6666666666666666
1160144965266969600,0.45714285714285713
1160170893189032960,0.0
1160196056494393856,0.16666666666666666
1160206481918066176,0.5
1160245276088916480,1.0
1160257634152561920,0.8367346938775511
1160474468727777792,0.45454545454545453
1160592929217563904,0.5227272727272727
1160611412805118720,0.3333333333333333
1160631625946856192,0.7058823529411765
1160649737187202304,0.6666666666666666
1160682267164563712,0.5
1160735012903543296,0.2
1160742716177884416,1.0
1160785753223891712,0.2727272727272727
1160800229193225728,1.0
1160800934550695168,0.6
1160811157772960256,0.44
1160818482295246848,0.5128205128205128
1160864907642136320,0.4444444444444444
1160966915453022208,0.5813953488372093
1160972574787701760,0.3103448275862069
1161089967338439936,0.35714285714285715
1161129095619101184,0.75
1161348656437096192,0.5454545454545454
1161361300664995328,0.5
1161495285273668096,1.0
1161530132593806848,0.631578947368421
1161563603861147136,0.6923076923076923
1161615531280442368,0.5555555555555556
1161631908134145536,0.6111111111111112
1161676003756176384,0.38461538461538464
1161691396728944128,0.7222222222222222
1161698202477505536,0.64
1161714464144809984,1.0
1161714926163433216,0.5681818181818182
1161723770958934784,0.5581395348837209
1161734691327737856,0.5
1162078204032677632,0.0
1162179007583798528,0.7884615384615384
1162202236339761152,0.75
1162232831443784448,0.125
1162270508842135552,0.7
1162282095781399552,0.7586206896551724
1162289929980247808,0.5
1162335762610791680,0.7647058823529411
1162348280269018112,0.5454545454545454
1162365245592467456,0.5
1162504518612765184,1.0
1162719888113142528,0.5172413793103449
1162778510493560064,0.7090909090909091
1162782577927512576,0.4666666666666667
1162792586972718336,0.5625
1162827233717613312,0.7142857142857143
1162829232376711680,0.6666666666666666
1162843831102284288,0.5
1162848794101202432,0.0
1162852151577792000,0.6764705882352942
1162880847469717760,0.2857142857142857
1162892156256056832,1.0
1162892657454666752,0.5862068965517241
1162899766270387712,0.75
1162926961681628416,0.7837837837837838
1162929335318244864,0.5625
1162944084655369728,0.5882352941176471
1162967095882437888,0.4666666666666667
1162969878087562240,0.46153846153846156
1162975629723693312,0.7142857142857143
1163013360596079360,0.5058823529411764
1163049978542552576,0.5882352941176471
1163064565725994496,0.5238095238095238
1163184096551836928,0.9137931034482759
1163478953545175808,0.4166666666666667
1163479007253635584,0.75
1163485014524045824,0.8301886792452831
1163561035307990272,0.625
1163578944565944832,0.6363636363636364
1163601602476791552,0.25
1163601656193044224,0.6
1163614274237289728,0.6901408450704225
1163621083401063936,0.25
1163628259159132416,0.8153846153846154
1163640936120300032,0.43333333333333335
1163675215070317312,0.8214285714285714
1163703616576303872,0.71875
1163709834401265664,0.5
1163718587935792896,0.6666666666666666
1163737001467025664,0.52
1163751566101985536,0.68
1163801071736581376,0.6842105263157895
1163852602793240064,0.5
1163905845929761024,0.045454545454545456
1163929671360251392,0.8064516129032258
1164199734829456384,0.38235294117647056
1164210277789420288,0.6818181818181818
1164220405468008960,0.6666666666666666
1164276275502790400,0.5909090909090909
1164298279214040320,0.4444444444444444
1164302374360472832,0.5416666666666666
1164315388971251712,0.5106382978723404
1164322190523123968,0.90625
1164414104972824832,1.0
1164456667113940224,0.25
1164552090952167680,0.4090909090909091
1164668663608805888,0.5
1164952411452637952,0.35714285714285715
1164968644972600320,0.7692307692307693
1165058268751974400,0.5
1165125169840722432,0.6363636363636364
1165176830297161472,0.6597938144329897
1165178184525090048,0.4827586206896552
1165178386796229888,0.4626865671641791
1165227214309071360,0.47368421052631576
1165247881092322560,0.5
1165251566829819648,0.4444444444444444
1165252572723043072,0.8
1165334649413769984,0.2
1165393120695837440,1.0
1165403883943009536,0.3488372093023256
1165585508831257088,0.35714285714285715
1165653128135128576,0.78
1165683541606033152,0.8
1165691685836131584,0.7428571428571429
1165714803691212800,0.25
1165731517492467712,0.6470588235294118
1165764801897140992,0.6451612903225806
1165831269269342720,0.5862068965517241
1165835793772580096,0.3333333333333333
1165842768178155008,0.4444444444444444
1165871340962144256,0.5
1165907170312633344,0.0
1165930805115262208,0.0
1165968005062249216,0.7
1165969499939637760,0.7121212121212122
1165986138619454976,0.48148148148148145
1166012542419431936,0.5714285714285714
1166056738724434432,0.8
1166301398196250624,0.5
1166323025958122240,0.4883720930232558
1166389301732503552,0.21212121212121213
1166426381522844160,0.625
1166432814039488256,0.3
1166444279606960896,0.6666666666666666
1166478152946414080,0.6744186046511628
1166490991154385920,0.625
1166543686502896640,0.18181818181818182
1166556537514004224,0.47619047619047616
1166561248956524288,0.47058823529411764
1166628598466474240,0.8055555555555556
1166663567935803648,0.8
1166685682459964160,0.5
1166694112918062592,0.18181818181818182
1166698307511954432,0.5714285714285714
1166735187989667840,0.5
1166740421276004608,0.3076923076923077
1166758827517182464,0.75
1166788140143134464,0.3076923076923077
1166793536218831360,0.0
1166834244795962624,0.6111111111111112
1166856758034805248,0.4
1167077196956336384,0.5384615384615384
1167112531507029248,0.5
1167141264123780096,0.9130434782608695
1167146272147089920,0.5217391304347826
1167152766314351360,0.75
1167199443214878976,0.6
1167205130351049472,0.9107142857142857
1167250103185888256,0.6153846153846154
1167252834447338240,0.3888888888888889
1167259353502693120,0.7735849056603774
1167277763401356032,0.46875
1167297851092593920,0.0
1167314661433166080,0.3333333333333333
1167376487205828864,0.8571428571428571
1167394490242186752,0.36363636363636365
1167456420647971584,0.7272727272727273
1167477378362664192,0.7704918032786885
1167525335128978176,0.45161290322580644
1167539778696209920,1.0
1167549352941934080,1.0
1167818376415976192,0.8125
1167823099279563520,0.3684210526315789
1167836187980597248,0.5
1167876711706551296,0.6666666666666666
1167893235991415552,0.0
1167925141568466944,0.5777777777777777
1167927617541209344,0.5217391304347826
1167934915283351296,0.5897435897435898
1167942246452683520,0.45454545454545453
1167946805033224192,0.2692307692307692
1167962163007430144,0.0
1167991029846438144,1.0
1168005989883537920,0.5
1168007299516990976,0.6923076923076923
1168059866393475584,0.625
1168066351198388736,0.36538461538461536
1168082591957271552,0.7586206896551724
1168088664455502848,0.5121951219512195
1168094939212812544,0.8823529411764706
1168095379179972864,0.7894736842105263
1168111569220798464,1.0
1168117572555239680,0.7333333333333333
1168150959091118336,0.4230769230769231
1168231687694542848,0.4
1168245078692342528,0.8979591836734694
1168267904391411456,0.32142857142857145
1168531090716345344,0.6363636363636364
1168559679010366464,0.5
1168580648632199680,0.7407407407407407
1168582476025840128,0.5
1168599083517202432,0.7
1168605085816858112,1.0
1168650579907968768,0.7142857142857143
1168668272388908288,0.4375
1168674506334616832,0.75
1168691080411519488,0.5
1168737464043965952,0.8780487804878049
1168738244125216256,0.0
1168768708755860992,0.675
1168772321289335040,0.125
1168789922436923392,0.3333333333333333
1168792620050712832,0.6875
1168793242297110016,0.7428571428571429
1168795385000526848,0.5
1168817563289355776,0.55
1168865709123470592,0.7678571428571429
1168929685876416512,0.7441860465116279
1168944648884115712,0.5434782608695652
1169341548242051328,0.0
1169430404220159488,0.36363636363636365
1169451436670001920,0.8571428571428571
1169508335340371968,0.6935483870967742
1169554019961297152,0.8636363636363636
1169559708307214336,0.6190476190476191
1169580034869144832,0.41935483870967744
1169697163608271360,0.6666666666666666
1170135643723395072,0.14285714285714285
1170185270894836224,0.4
1170193831351029760,0.3870967741935484
1170263432977551104,0.53125
1170276453675193344,0.5384615384615384
1170284076426895104,0.5172413793103449
1170287290087327744,0.17647058823529413
1170300615869470720,0.8
1170323052925387520,0.7714285714285715
1170337326693733888,0.6666666666666666
1170339814974889472,0.44
1170358944197250816,0.65
1170367038440850432,0.5294117647058824
1170392221998350336,1.0
1170400346128980992,0.2857142857142857
1170432404307789568,0.9
1170498103349575168,1.0
1170782740523096320,0.625
1170825774052343808,0.625
1170848741569386240,0.5625
1170916452714364416,0.5
1170962571409107712,0.6176470588235294
1170971498957310976,0.6
1170976669840650752,0.7142857142857143
1171125040499408896,0.9322033898305084
1171134376912615168,0.6470588235294118
1171174976120927744,0.5428571428571428
1171497635161880064,0.42857142857142855
1171505658316643584,0.2857142857142857
1171546669723445248,0.8
1171549840656046848,1.0
1171601265219349248,0.8235294117647058
1171638476711833088,0.2608695652173913
1171658797524093440,0.75
1171694862225832192,0.7894736842105263
1171764590492858880,0.43478260869565216
1171862102435606528,0.42857142857142855
1172239984410907648,0.4
1172243547634817792,1.0
1172253880008245248,0.3157894736842105
1172269457606290432,1.0
1172290513743490560,0.6666666666666666
1172367870184086528,1.0
1172381240469928704,1.0
1172382797764863744,0.7758620689655172
1172400751231950592,0.75
1172430715233157888,0.6666666666666666
1172439715503517440,0.24390243902439024
1172442443938070784,1.0
1172478975304915456,0.46153846153846156
1172551959829198336,0.8157894736842105
1172582761111847680,0.9534883720930233
1172874631178820352,0.6
1172995205106438656,0.65625
1172999566774745344,0.6942148760330579
1173015967584910336,1.0
1173033874284360704,0.7307692307692307
1173046933292250112,0.8148148148148148
1173077348460681984,0.47368421052631576
1173103264704676864,0.6
1173104678473553920,1.0
1173149180402600704,0.875
1173188177545255936,0.0
1173206218781016832,1.0
1173230391795178496,0.4107142857142857
1173239466108768000,0.5217391304347826
1173291656665945088,0.4777777777777778
1173299065802487808,0.6122448979591837
1173328085071080960,0.532258064516129
1173568167907851520,0.35802469135802467
1173602158581831168,0.3684210526315789
1173665848871177472,0.4
1173671863853798912,0.5853658536585366
1173695008520472576,1.0
1173721620426645504,0.6428571428571429
1173821931517871872,0.5384615384615384
1173839031578131968,0.627906976744186
1173843856389565184,0.7647058823529411
1174098518725048576,0.75
1174273986757146624,0.4827586206896552
1174384140753576448,0.5652173913043478
1174403586478780160,0.6363636363636364
1174444008277490176,0.5
1174445941490583296,0.40540540540540543
1174454548582742272,0.38461538461538464
1174515964333265664,0.7
1174516292712608256,0.3333333333333333
1174550079654897408,0.6136363636363636
1174569190383723008,0.375
1174581123885915136,0.5
1174595949096053760,0.6756756756756757
1174601401287129344,0.0
1174661967357142784,0.4262295081967213
1174662686196928768,0.7906976744186046
1175045635954837760,0.55
1175101503064221696,0.27586206896551724
1175143091000389376,0.4
1175155124808587520,1.0
1175197594883283968,0.5
1175231015013176064,0.7692307692307693
1175317908404817408,0.7941176470588235
1175407010764236288,0.6
1175477401857388032,1.0
1175510849370696448,0.375
1175805453124672000,0.5714285714285714
1175848701849892608,0.0
1175859567558459392,0.25
1175889128321243136,1.0
1175899675168454912,0.5882352941176471
1175915422318662656,0.75
1175921051933796608,0.6666666666666666
1175959306447829504,0.6842105263157895
1175994768385454080,0.16666666666666666
1175999674174580992,0.8095238095238095
1176038983952111616,0.7857142857142857
1176047689477064192,0.75
1176047990555477760,0.3181818181818182
1176058460371934720,0.7916666666666666
1176060007298139904,0.75
1176068064821483264,0.0
1176071341081967872,0.654320987654321
1176106468544406272,0.8571428571428571
1176127311455661824,0.7692307692307693
1176131865666323200,0.65
1176173340321226752,0.3333333333333333
1176182174109653504,0.1875
1176185281870466816,0.8191489361702128
1176188803112260352,0.0
1176198628801753344,0.5
1176235098261038336,1.0
1176235504818770944,0.14285714285714285
1176245422178519552,0.8333333333333334
1176325999241936896,0.5
1176566344742423808,0.375
1176575812088268288,0.44
1176587518142238976,0.8571428571428571
1176610144960991232,0.7941176470588235
1176642232201339904,0.28125
1176658728091689728,0.25
1176720153263505152,0.44
1176721549993556224,0.3673469387755102
1176727154203536384,0.0
1176759572996326912,0.0
1176783480822686720,0.391304347826087
1176794328504716800,0.0
1176804109685543168,0.475
1176812979332648704,1.0
1176848884006629888,0.0
1176867952255483136,0.35
1176909825782383104,0.8135593220338984
1176919133611927808,0.3
1176961243567816192,0.7534246575342466
1176978532659214848,0.38235294117647056
1176989966808396800,0.0
1177201342778292736,0.75
1177267884916407808,0.8235294117647058
1177275653445137408,0.2857142857142857
1177298502212313856,0.631578947368421
1177304598927421696,0.7058823529411765
1177331438070934016,0.3333333333333333
1177346998477801472,0.625
1177391380706878464,0.7868852459016393
1177401363133214208,0.6875
1177450985580047104,0.2222222222222222
1177456873762933248,0.4583333333333333
1177461037528818688,0.5833333333333334
1177476263044630784,0.46153846153846156
1177479148259265280,0.56
1177480617710257408,0.6060606060606061
1177516012634990848,0.7272727272727273
1177518535570959104,0.92
1177573428416904448,0.9803921568627451
1177587490534681088,0.0
1177627948781890048,0.7777777777777778
1177640456179908352,0.3055555555555556
1178016535534928128,0.5
1178017477436083200,0.6785714285714286
1178041387865133824,0.6578947368421053
1178082909020209664,0.0
1178142763839214336,0.7714285714285715
1178222817848306944,1.0
1178231184097880064,0.5757575757575758
1178241933628166912,0.2857142857142857
1178404104289268736,0.8360655737704918
1178715145385747456,0.46153846153846156
1178844683571679744,0.0
1178900710743157504,0.8666666666666667
1178904691222718976,0.75
1178945915759676160,0.3888888888888889
1178958058293682944,0.4864864864864865
1178975131127825920,0.75
1178975303043485952,0.5
1178995608131245824,0.3877551020408163
1179002211011188992,0.35
1179004432877116160,0.6829268292682927
1179065212534983168,0.5
1179105468770811136,0.5263157894736842
1179401793169508608,0.5641025641025641
1179423569563738624,0.46153846153846156
1179444328503997696,0.8387096774193549
1179454022094189824,0.6
1179498201387260416,0.6
1179552183856889344,0.42857142857142855
1179741158248787200,0.6666666666666666
1179823571782273024,0.8367346938775511
1180179432427213056,0.5
1180186701178948352,0.7903225806451613
1180189312593348352,1.0
1180194830997326080,0.6666666666666666
1180220684703372800,0.25
1180255126250913792,0.7142857142857143
1180312406273644032,0.38095238095238093
1180347632011473664,0.23076923076923078
1180403985772612864,0.5957446808510638
1180502902807768320,0.6
1180529226308943360,0.5172413793103449
1180541397017507072,0.15384615384615385
1180563342554361856,0.6666666666666666
1180855161639337472,0.6571428571428571
1180947957887542528,0.39473684210526316
1180956412421769216,0.7894736842105263
1180961786303603712,0.5
1180965061879290624,0.2
1180991519539753984,0.5476190476190477
1181104138774942464,0.4
1181104421426516736,0.0
1181107468096360704,0.3333333333333333
1181125759523861248,0.75
1181126548314167040,0.358974358974359
1181128978615241472,0.875
1181157548661008896,1.0
1181201085294053376,0.6666666666666666
1181221969727122688,0.3333333333333333
1181230094871986432,0.8888888888888888
1181271597233026816,1.0
1181296914894852096,0.7142857142857143
1181332379323960832,0.32
1181622804782240000,0.4444444444444444
1181665707857661952,0.30434782608695654
1181676374149718528,0.4857142857142857
1181682213983582976,0.9230769230769231
1181695032957877504,0.5555555555555556
1181714499695634944,0.6333333333333333
1181731081242154240,0.6666666666666666
1181749864238033408,0.17391304347826086
1181785444139251200,0.868421052631579
1181822341951512064,0.5
1181846041105415936,0.75
1181851883238809344,0.625
1181934013184797696,0.3333333333333333
1181936838311815168,0.43478260869565216
1181989945880628736,0.5925925925925926
1182310185072437504,0.47058823529411764
1182311882221209856,0.92
1182378402167054336,0.3333333333333333
1182379876526934784,0.7272727272727273
1182383334725270784,0.25
1182412252710587904,0.8181818181818182
1182415806022774528,0.5714285714285714
1182433129801185536,0.0
1182440884928628480,0.2222222222222222
1182549312333037824,0.6153846153846154
1182611746159579904,0.7222222222222222
1182627676709229824,0.5172413793103449
1182670725297570560,1.0
1182692469874638592,1.0
1182726748518135552,0.5
1183104817900228352,0.42857142857142855
1183132520590461184,0.8571428571428571
1183135238532703488,0.7777777777777778
1183229792681299456,0.4166666666666667
1183233289077927168,0.7777777777777778
1183239998690922496,0.6666666666666666
1183269986581323008,0.42857142857142855
1183271898378746880,0.8181818181818182
1183275695960441344,0.16666666666666666
1183285415272028160,0.5
1183286501578144256,0.3125
1183329806646535168,0.775
1183337987777691392,0.4
1183352472089399552,0.7894736842105263
1183364945013610240,0.0
1183491391515841280,0.5789473684210527
1183499964672946688,0.32432432432432434
1183801138269681152,0.4473684210526316
1183837289416464896,0.45
1183861718517042944,0.5
1183864855980902656,0.5217391304347826
1183872214379386112,0.45454545454545453
1183897112629986560,0.375
1183926122803688448,0.6086956521739131
1183975998481085952,0.0
1183976318384180992,0.0
1183976343711824384,0.0
1183976458868846848,0.0
1183995334313790464,0.14285714285714285
1183997641039375360,0.5384615384615384
1184010795117721344,0.6
1184032513201161728,0.5283018867924528
1184045201050828544,0.7575757575757576
1184049839082557440,0.7647058823529411
1184103300368960000,0.5
1184127334284809216,0.4838709677419355
1184222347949148160,0.5333333333333333
1184519037718956288,0.53125
1184549963027930112,0.4
1184615628197724672,0.38461538461538464
1184715027668980224,0.6052631578947368
1184723695724480512,0.4
1184775813691763968,0.9090909090909091
1184794843164683776,0.5
1184824469372194560,0.6666666666666666
1184992942825125120,0.41304347826086957
1185229178593387776,0.4
1185246323603825920,0.7272727272727273
1185285104474969344,0.5294117647058824
1185289905029848832,0.0
1185303473711545088,1.0
1185305047211406080,1.0
1185327817056391680,0.7872340425531915
1185333822843996160,0.0
1185335675718123264,0.5
1185350766804835584,0.5428571428571428
1185351100307526656,0.7272727272727273
1185383211402437888,0.5384615384615384
1185409328448959232,0.582089552238806
1185498749982318592,0.6666666666666666
1185532516421727744,0.7959183673469388
1185573151821549056,0.38461538461538464
1185605503079391744,0.475
1185620041086790400,0.8695652173913043
1185622425256069632,1.0
1185956333733234176,0.5666666666666667
1185968231990169088,0.0
1185984785374068736,1.0
1185990842249331712,0.0
1185992198425557504,0.2972972972972973
1186005101216770816,0.4
1186045706452720640,0.0
1186049637947411200,0.8333333333333334
1186116415202231296,0.25
1186153473037172992,0.5576923076923077
1186159248681889024,1.0
1186175065013683712,0.0
1186182761020787456,0.0
1186185511165160448,0.42857142857142855
1186196125750659328,0.39215686274509803
1186204444550318848,0.45454545454545453
1186209746852423168,0.5909090909090909
1186226624627532544,0.2
1186267706679886080,0.6590909090909091
1186288686385081344,0.3333333333333333
1186324209963580928,0.8571428571428571
1186654622101731584,0.2777777777777778
1186740962712892160,0.0
1186759092013557504,0.7777777777777778
1186776587725730304,0.7142857142857143
1186780414529536768,0.5
1186789248918189312,0.375
1186862032633041664,0.25
1186869814004667392,0.5277777777777778
1186909513502598656,0.25
1186911885075246336,0.2857142857142857
1186920270232450304,0.5416666666666666
1186930372731458560,0.5
1186946548686701056,0.0
1187015284566412288,0.34375
1187085017672029440,0.5714285714285714
1187087990353085184,0.4444444444444444
1187114198653573632,0.5681818181818182
1187182875928002816,0.8205128205128205
1187375847674536192,0.29411764705882354
1187454729852165888,0.2857142857142857
1187459639420010752,0.6666666666666666
1187472079394231808,0.6956521739130435
1187526311598080512,0.4444444444444444
1187548642368202752,0.8
1187571033588627712,0.625
1187584703983248384,0.875
1187594531612275968,0.7058823529411765
1187594988670895872,0.4
1187618193267307776,0.7916666666666666
1187631155380165888,0.3333333333333333
1187636793461895168,0.5
1187650900898586624,0.3125
1187663718309174016,0.5471698113207547
1187677728627356160,0.4
1187693759773416192,0.5833333333333334
1187712226879361280,0.55
1187757266367421440,0.6875
1187777475001577472,1.0
1187816039625785856,0.5
1187844938628486144,0.42857142857142855
1188104541550129152,0.2222222222222222
1188124020944653312,0.6111111111111112
1188129420622743296,0.6363636363636364
1188169548704771840,0.0
1188183818555897600,0.875
1188201925517956608,0.5
1188259685722807296,0.5
1188329412248305920,1.0
1188381719546641152,0.5277777777777778
1188382324479735808,0.9
1188386029354727168,0.6216216216216216
1188388328980369664,0.6666666666666666
1188403341859252992,0.5238095238095238
1188446102989419520,0.5
1188467273175447296,0.42105263157894735
1188511231644422144,0.5
1188584608919247104,0.65625
1188856396669003776,0.8666666666666667
1188867533425317632,1.0
1188938030940855296,0.21621621621621623
1188944893418518272,0.13333333333333333
1189011988035179264,0.7619047619047619
1189040028659436032,0.5789473684210527
1189047871864767232,0.5714285714285714
1189061045634224128,0.5833333333333334
1189100116563391232,0.5769230769230769
1189101066693264896,0.3333333333333333
1189115462504906496,0.48148148148148145
1189117642844261376,0.0
1189182903769030400,0.5918367346938775
1189546998938295808,0.5094339622641509
1189560074907508224,0.5555555555555556
1189565677743644672,0.7837837837837838
1189592315910711808,0.6956521739130435
1189629895966715392,0.4
1189633970084978688,0.25806451612903225
1189750101227565056,0.8125
1189761320567954944,0.5348837209302325
1189776706704743680,0.6666666666666666
1189804966442099456,0.7777777777777778
1189984544332760064,0.6666666666666666
1190011887932068864,0.0
1190490491864226304,0.5
1190514460929008640,0.0
1190540648620382720,0.6296296296296297
1190550830884270080,0.6785714285714286
1190579592834294272,0.9473684210526315
1190686485661012992,0.7575757575757576
1191034528763541248,0.5454545454545454
1191052133039083520,0.8387096774193549
1191075917613043456,0.6285714285714286
1191082372950395392,0.0
1191134838504238336,0.6666666666666666
1191137502718416128,0.2857142857142857
1191148880310591232,0.34615384615384615
1191178568517586944,0.6785714285714286
1191180781707706880,0.56
1191188409435073792,0.8604651162790697
1191195124399411968,0.0
1191202690667217664,0.625
1191229489273388032,0.5227272727272727
1191237057694951936,0.9375
1191238578516541440,0.8571428571428571
1191247852867918336,0.38636363636363635
1191262636421777408,0.45454545454545453
1191272537197067776,0.3333333333333333
1191276038001375744,0.48148148148148145
1191315994831465984,0.3333333333333333
1191326365852292352,0.62
1191360250188983552,0.8082191780821918
1191371827074582016,0.6363636363636364
1191392607395996416,0.5909090909090909
1191704548661432832,0.8695652173913043
1191740340047123968,0.5789473684210527
1191771716148167424,0.68
1191789066907068416,0.7551020408163265
1191789792631544064,0.6578947368421053
1191807699545484544,0.8571428571428571
1191839807943297792,0.0
1191847051703015424,0.5
1191871235630777088,1.0
1191884842919952640,0.5
1191913757891183616,0.391304347826087
1191918592291949568,0.0
1191924626392855552,0.68
1191940937535195136,0.5581395348837209
1191971768681812224,0.45614035087719296
1191981551000489472,0.8571428571428571
1191989025186934272,0.5
1191990513640411904,0.2857142857142857
1191990721003755520,1.0
1192007687429313792,0.5526315789473685
1192011463948722944,0.8222222222222222
1192015488674788352,0.8
1192021555622549504,0.6666666666666666
1192087934293857536,0.5
1192103467017491712,0.7692307692307693
1192135310052068608,1.0
1192192878163692288,0.8125
1192491589081115904,0.92
1192495617173693440,0.47619047619047616
1192500644724039680,0.42857142857142855
1192503500958155776,0.725
1192520047298571008,0.9047619047619048
1192535487869699072,0.5
1192577714688807168,0.7
1192599762037245184,0.42857142857142855
1192600871641366528,0.5172413793103449
1192606805907330048,0.5
1192612614902374656,0.4
1192655962147111936,0.2
1192656792217686016,0.4
1192668774822646784,0.8823529411764706
1192705077647376896,0.5714285714285714
1192714309594653952,0.5714285714285714
1192716482165126912,0.8214285714285714
1192718096227530496,0.5263157894736842
1192760037792983040,0.47619047619047616
1192781309101366272,0.6666666666666666
1192873280757770752,0.5789473684210527
1192931192297843200,0.6842105263157895
1193153177750531840,0.75
1193224545846357760,0.4489795918367347
1193226021392159744,0.5882352941176471
1193245972488730112,0.8333333333333334
1193246218675550208,0.6
1193310718764306688,0.5483870967741935
1193386626946643456,0.65
1193388226908976384,0.3333333333333333
1193405139456800256,0.4117647058823529
1193413738852489216,0.7333333333333333
1193415857591614464,0.3333333333333333
1193456475546512640,0.65
1193483964758871552,1.0
1193488212009398784,0.5
1193544345708187904,0.75
1193612309635574016,0.5909090909090909
1193881565366422784,0.9230769230769231
1193887547861345280,0.75
1193944984879035136,0.8333333333333334
1193948455866922496,0.8103448275862069
1193988470885179136,1.0
1194008416540642816,1.0
1194079469322775808,0.52
1194085547745175040,0.8620689655172413
1194088968182561024,0.7142857142857143
1194106023361014528,0.45652173913043476
1194123451500194816,1.0
1194146671087322368,0.58
1194148642050717184,0.7727272727272727
1194192506560523008,0.5555555555555556
1194194488242033152,0.3333333333333333
1194230638381838080,0.90625
1194249729806781952,0.0
1194278422882230016,0.7777777777777778
1194291838073117440,0.6666666666666666
1194372738066889984,0.5263157894736842
1194671300531784960,0.38461538461538464
1194696119315306496,0.2857142857142857
1194752758096776448,0.6666666666666666
1194760059982605056,0.75
1194776121594933504,0.2962962962962963
1194793602735005952,0.3333333333333333
1194801432731847424,0.5714285714285714
1194816524981058816,0.0
1194838577406570496,0.0
1194877208736748544,0.4375
1194916249700864000,0.782608695652174
1194943738051393536,0.3333333333333333
1195370637957571072,0.375
1195443256767299840,0.5121951219512195
1195578193189793280,0.9090909090909091
1195636563908373504,0.7241379310344828
1195670626841730048,0.35
1195703202043126528,0.0
1195726065577985024,0.42857142857142855
1195862732529176064,0.5625
1195932696163406336,0.5
1196036094482261504,0.4634146341463415
1196092040415240960,0.72
1196102514836116224,0.7924528301886793
1196159796605576960,0.5
1196195140167991552,0.0
1196223407377511936,0.6896551724137931
1196237317556515328,0.2
1196277308121268480,1.0
1196278783549350144,1.0
1196286142388726784,0.7333333333333333
1196291899617588736,0.6666666666666666
1196302550694091008,0.4098360655737705
1196324812364091648,0.8846153846153846
1196330906332657664,0.0
1196370026127931392,0.76
1196370535274357504,0.9545454545454546
1196380293144045824,0.44
1196391820425507072,0.5925925925925926
1196461768766403840,0.2
1196476701268206336,0.4716981132075472
1196513661241785088,0.5714285714285714
1196513845036234752,0.5
1196520885522109952,0.3333333333333333
1196552263518516736,0.0
1196567082367127808,0.3333333333333333
1196572933892039424,0.0
1196586353559386624,0.37037037037037035
1196812534940702976,0.6129032258064516
1196827556337012480,0.0
1196877072499560192,0.52
1196891048269731328,0.8823529411764706
1196934394304964864,0.0
1196940242882260224,0.6842105263157895
1196992991995702016,0.34782608695652173
1196999761293341440,0.525
1197005491141470208,0.625
1197029784350582784,0.4
1197069189706647296,0.5454545454545454
1197149251464502784,0.8095238095238095
1197157645810128128,0.75
1197252276532245248,0.7391304347826086
1197371646251559680,0.0
1197590526720271104,0.5
1197606336753954560,0.6060606060606061
1197608045754980864,0.3157894736842105
1197629118923930368,1.0
1197647408578349056,0.5
1197680365107803904,0.875
1197696674716337152,0.425
1197704936084541184,0.6666666666666666
1197711703659918080,0.7692307692307693
1197722700145792512,0.5
1197731661815735808,0.5714285714285714
1197739397036650240,0.4318181818181818
1197769112828716800,0.6451612903225806
1197821531482837248,0.7647058823529411
1197824710176815616,0.48148148148148145
1197838414175459072,0.5
1197931698556972800,0.4
1197938512113423616,0.875
1198049049654038528,0.4
1198246573442461184,0.875
1198311069755959296,0.5
1198315433705665792,0.5
1198332988580890880,0.6
1198362049492623360,0.5
1198365394304385024,0.5
1198413730952001536,0.4666666666666667
1198430560314027008,0.2727272727272727
1198433025290272000,1.0
1198479883667067392,0.25
1198481149661746432,0.25
1198485047288587008,0.5714285714285714
1198509327624974080,0.0
1198528110159011328,0.5476190476190477
1198532707672603904,0.6785714285714286
1198545496271221248,0.6451612903225806
1198556437575369472,0.5384615384615384
1198717928792058624,0.5
1198738978117671168,0.42857142857142855
1199024558009865728,0.9090909090909091
1199062838231846144,0.8
1199066514163125504,0.896551724137931
1199074227084644864,0.4375
1199095555745438976,0.4444444444444444
1199098830727641856,0.8181818181818182
1199119952504158720,0.2
1199131700395169280,0.0
1199162695640805888,0.0
1199170769003275008,0.0
1199179702320729600,0.0
1199238497741396224,0.7
1199240929883663616,0.3333333333333333
1199241023243108352,0.25
1199248430094590208,0.25
1199294539928640256,0.75
1199310120091081984,0.734375
1199348555735568640,0.2
1199369262322932224,0.5454545454545454
1199415358174019840,0.75
1199765842772989952,0.5
1199787318383494912,0.3333333333333333
1199797725734784256,0.27586206896551724
1199819399608956416,0.75
1199824126026365184,0.46153846153846156
1199915343944983552,0.0
1199937074165124096,0.5384615384615384
1199952986705187840,0.7169811320754716
1199959813221967104,0.45
1200195487359025408,1.0
1200450812265440512,0.3333333333333333
1200465099033804800,0.6153846153846154
1200467124184473856,0.5
1200499042177355520,0.9302325581395349
1200530811856766208,0.6666666666666666
1200587829777203456,1.0
1200733597991991296,0.0
1200800608422881792,0.868421052631579
1201195039122891008,0.0
1201207810852047360,0.5714285714285714
1201225040580980480,0.5
1201251064893085952,0.575
1201260096728353280,0.7142857142857143
1201286741490365440,0.7428571428571429
1201377110298915840,0.475
1201416213086260480,0.7
1201446203278173696,0.8571428571428571
1201460571701199104,0.0
1201466759469447168,0.3333333333333333
1201468231227026688,0.5
1201500801870128640,0.6206896551724138
1201507205097777408,0.8
1201615425811914240,0.5
1201838675904356352,0.4375
1201842308900014080,0.75
1201931674975474688,0.72
1201960096922520064,0.8888888888888888
1201993627107094528,1.0
1202007057021859072,0.48
1202008528779864064,0.5909090909090909
1202059343134678784,0.6538461538461539
1202061547183533568,1.0
1202074627554471680,0.391304347826087
1202085359148914688,0.4782608695652174
1202142335404917248,0.4166666666666667
1202175341976091648,0.7435897435897436
1202176092845683712,0.65625
1202193557122350592,0.345679012345679
1202205132099672320,0.4166666666666667
1202212375527999744,0.0
1202287729116352256,1.0
1202680354186709248,0.8125
1202696673408639232,0.6296296296296297
1202723745834011904,0.5384615384615384
1202762974355438592,0.5609756097560976
1202767514648466432,0.6379310344827587
1202838528136757760,0.7058823529411765
1202843045820245504,0.5
1203015877057690624,0.7115384615384616
1203343800315428608,0.4864864864864865
1203460314136185856,0.6666666666666666
1203511373957725696,0.5365853658536586
1203512466280035328,0.5217391304347826
1203512664141968384,0.6976744186046512
1203512692096712448,0.6470588235294118
1203519496979627776,0.7307692307692307
1203526752487425280,1.0
1203527171551915520,1.0
1203530375156413952,0.5
1203560092721718784,0.2727272727272727
1203588989913939968,0.0
1203623058652551424,0.8478260869565217
1203625155309347584,0.3103448275862069
1203656082582267648,0.84375
1204145098186397696,0.5641025641025641
1204155323145306624,0.4444444444444444
1204185856809894656,0.8372093023255814
1204213626139036928,0.8780487804878049
1204284196063386880,1.0
1204299007491141120,0.4117647058823529
1204345920310415360,0.3541666666666667
1204346466543771392,0.3333333333333333
1204383435424581632,0.7083333333333334
1204416300855136000,0.36363636363636365
1204452464205752832,0.6
1204831298922336512,0.5081967213114754
1204859740191742720,0.0
1204862381447298048,0.5609756097560976
1204865351336576000,0.5454545454545454
1204875665991269888,0.2727272727272727
1204906331136680960,0.65
1204932290775095296,0.6808510638297872
1204973219075080960,0.391304347826087
1204999469977428736,0.8461538461538461
1205062065086456832,0.5365853658536586
1205071793313499904,0.5
1205085779254307328,0.6818181818181818
1205088061120125440,0.26666666666666666
1205101926435406080,0.56
1205211368646041088,0.0
1205216072789906688,0.5
1205592964348214272,0.4482758620689655
1205602795740256000,0.8076923076923077
1205610815517712384,1.0
1205617037604990464,0.2777777777777778
1205711809666667008,0.0
1205739142146080256,0.3333333333333333
1205813395273463552,0.38095238095238093
1205813757013625600,0.7358490566037735
1205840152128101632,0.6470588235294118
1205850001078068736,0.7719298245614035
1205930104143435008,0.25
1205932866738008320,0.5
1205944563324934912,0.5
1205987113746745344,0.65
1205990925236509696,0.4358974358974359
1206296926071202816,0.46153846153846156
1206297232973326848,0.42105263157894735
1206320355464076032,0.5
1206331754008876032,0.4117647058823529
1206368133389622528,0.3333333333333333
1206374778012539392,0.9
1206399668084262912,0.5238095238095238
1206457638633449728,1.0
1206477568921485056,0.4166666666666667
1206488694892116224,0.4117647058823529
1206490488852082944,0.6206896551724138
1206496960849927424,0.375
1206500110914760448,0.3
1206501683111097600,0.5
1206510156364926976,0.35294117647058826
1206516605536743168,0.5909090909090909
1206536679889500416,0.5
1206545136291627776,0.5263157894736842
1206550412716064512,0.6
1206553147485044480,0.6666666666666666
1206608671551628800,0.8
1206654389016216320,0.8
1207009272211391488,0.7941176470588235
1207110453500445952,0.36363636363636365
1207153906651893248,0.4444444444444444
1207196855209666048,0.1
1207200425357358080,0.3333333333333333
1207203307008620032,0.45454545454545453
1207204616999228672,0.25
1207269220664996608,0.6470588235294118
1207280160892718080,0.0
1207299080098310656,0.5
1207311698723781632,0.49333333333333335
1207350181614044672,0.5
1207390488796656640,0.5909090909090909
1207706247531477248,0.4146341463414634
1207714428072488960,0.5625
1207724654263499264,0.2222222222222222
1207736427291935232,0.8
1207741670313317376,0.4
1207745690307848448,0.5833333333333334
1207745969580373504,0.6
1207777720981890816,0.0
1207806604149474304,0.375
1207831857783044096,0.782608695652174
1207851936491861760,0.6666666666666666
1207896137872924928,0.6363636363636364
1207905101565878528,0.08333333333333333
1207943666660561152,0.7111111111111111
1207966801210109184,0.47058823529411764
1207977318271175680,0.47619047619047616
1208018866194494720,1.0
1208024899782951424,0.5862068965517241
1208033661038700288,0.4
1208039342118013440,0.3333333333333333
1208052034906444032,1.0
1208054894397531904,0.5967741935483871
1208174317404992512,0.8604651162790697
1208400450436546048,0.8333333333333334
1208445102633773056,0.5454545454545454
1208488632359719424,0.4166666666666667
1208511018230893312,0.5
1208513975786465536,0.0
1208529978166863872,0.3333333333333333
1208614381576250880,0.5
1208617569804808448,1.0
1208637322279120384,0.6785714285714286
1208662548453659392,0.0
1208668049444251392,0.5
1208737268507753472,0.7307692307692307
1208823947727077120,0.7
1208832186535345920,0.25
1209130967961961472,0.46153846153846156
1209148702944013568,0.7272727272727273
1209204097063486208,0.41935483870967744
1209210712452465408,0.1891891891891892
1209214981277812736,1.0
1209221881967488256,0.6363636363636364
1209228099000865536,0.4146341463414634
1209241525890467328,0.25
1209265484413821184,0.9166666666666666
1209352617062632192,0.4583333333333333
1209404372507376384,0.0
1209467261548723712,0.875
1209480862977162240,0.25
1209518913579898624,0.6538461538461539
1209649678823141632,0.0
1209666778381005568,0.0
1209828337866668032,0.5333333333333333
1209840484739325440,0.6666666666666666
1209927354489698560,0.5
1209934901535766784,0.5142857142857142
1209991431638358784,0.9333333333333333
1210119494238173184,0.6
1210155231165478912,0.5
1210165511997236736,0.75
1210301263904391168,0.36538461538461536
1210616947780869376,0.75
1210645535876791808,0.14285714285714285
1210694377823134976,0.8333333333333334
1210701640138807296,0.6764705882352942
1210828319812937216,0.8387096774193549
1210831452410498816,0.5
1210843701930715136,0.6666666666666666
1210851094372205312,0.43478260869565216
1210908106053985280,0.5625
1210958201705276416,0.5
1210961415931387648,0.0
1211048844419134720,0.6666666666666666
1211270142778490368,0.6875
1211392195069710848,0.6060606060606061
1211404653190781952,0.5
1211431315842563840,0.7666666666666667
1211431474597737728,1.0
1211441626534485248,0.3333333333333333
1211443292973777920,0.6666666666666666
1211443421576393472,0.4444444444444444
1211446301066211328,0.25
1211446505904424704,0.4444444444444444
1211446643004998912,0.75
1211447046044926464,0.42857142857142855
1211450876823608064,0.7258064516129032
1211458613912980992,1.0
1211463708808098816,0.0
1211500232171693824,0.5806451612903226
1211508050662517760,0.75
1211523205937481216,0.8125
1211539186530317312,0.2727272727272727
1211565642098519296,0.5333333333333333
1211613934511743744,0.28846153846153844
1211676283329609728,0.4666666666666667
1211688351702123008,0.2
1211705884236740352,0.3333333333333333
1211980209264166144,0.5909090909090909
1212038498699896576,0.42857142857142855
1212060253914944512,0.4583333333333333
1212096459367105536,0.25
1212110828474395392,0.5
1212141605420974592,0.5454545454545454
1212175213404570624,0.5714285714285714
1212234742115085312,0.27586206896551724
1212243527372321024,0.6538461538461539
1212262009400100096,0.4117647058823529
1212392635931945728,0.6153846153846154
1212470536169227520,0.6521739130434783
1212750158992637184,0.7096774193548387
1212759347810828288,0.2
1212759400599915264,0.5
1212767156458619648,0.5416666666666666
1212769963153463552,0.5625
1212776311489201408,0.36666666666666664
1212798854472074496,1.0
1212806899728334848,0.8
1212819912346209024,0.64
1212824606573702144,1.0
1212840665675160320,0.8333333333333334
1212874601684913408,0.875
1212899201123189504,0.5
1212919859630181120,0.5555555555555556
1212962144424023040,0.2
1212980125388856576,0.875
1212997198350920704,0.7222222222222222
1213008684358389760,0.34210526315789475
1213009443740137984,0.5
1213025775172350464,0.7857142857142857
1213031457069703680,0.5
1213045895207529216,0.5555555555555556
1213055367813652480,0.9333333333333333
1213063258523555840,0.5
1213102136601756928,0.5789473684210527
1213136322572183552,0.25
1213155161130739456,0.7333333333333333
1213490475207207936,0.6888888888888889
1213498134916986880,0.16666666666666666
1213549467078484992,1.0
1213552245209495808,0.125
1213573116568585728,0.45
1213592594351767808,0.7
1213637101247583488,0.6153846153846154
1213662074029946624,0.5
1213665483379232256,0.6210526315789474
1213684355663506176,0.7391304347826086
1213687958232217088,0.78
1213688272675044608,0.5625
1213720382298245888,0.35555555555555557
1213721230351430656,0.75
1213723871881052416,0.46153846153846156
1213758103004726016,0.6666666666666666
1213866163578222592,0.6428571428571429
1213900567775715328,0.46153846153846156
1214233886038179072,0.4782608695652174
1214239785283234560,0.5952380952380952
1214267761656761856,0.38461538461538464
1214300754264943872,1.0
1214302522873537024,0.4666666666666667
1214323433583929088,0.5
1214328386462123520,1.0
1214330801205478656,0.5
1214368947581655552,0.3888888888888889
1214426749380039424,0.4
1214435263046326784,0.125
1214436111878319104,0.5769230769230769
1214455999944369408,1.0
1214456546035542272,0.5517241379310345
1214457767704886528,1.0
1214464788482220800,0.5
1214485194919617792,0.41379310344827586
1214513074392086272,0.21428571428571427
1214582240548363520,0.7352941176470589
1214620265813120256,0.49056603773584906
1214665964396434944,0.8545454545454545
1214796191182557184,0.4411764705882353
1214924387857613312,0.3888888888888889
1215044929211255552,0.45454545454545453
1215092458769998336,0.4444444444444444
1215119684414743040,0.5555555555555556
1215162004849256448,0.75
1215176293271226880,0.6153846153846154
1215190522801334016,0.72
1215213032854018816,0.2631578947368421
1215218614639504640,1.0
1215363970145061376,0.7857142857142857
1215707602523756544,0.8205128205128205
1215827989064709376,0.35294117647058826
1215833674082777088,0.7142857142857143
1215835893560525056,0.6571428571428571
1215905959493078016,0.75
1215922524624566784,0.38596491228070173
1215936975937616640,1.0
1215971549982756864,0.5454545454545454
1216045200489943296,0.6666666666666666
1216188370065734656,1.0
1216382672697659648,0.5833333333333334
1216413634390406144,0.5
1216424316648688896,0.4444444444444444
1216430389651848448,0.3076923076923077
1216455156908699136,0.7
1216485839365989632,0.8260869565217391
1216498697850199552,0.6530612244897959
1216516177780634624,0.6222222222222222
1216519623130236416,0.5833333333333334
1216551561803312384,0.5
1216604398090144000,0.6086956521739131
1216612182796406272,0.8333333333333334
1216617952265702912,0.6904761904761905
1216622595162606592,0.5
1216670383174337024,0.5522388059701493
1216686803830819072,0.6
1216687539904709120,0.425
1216703104835559424,0.75
1216731824034559232,0.8571428571428571
1216793343285548544,0.36363636363636365
1216795137123500288,0.7169811320754716
1216809046620863232,0.4520547945205479
1216811729918650880,0.3375
1217152213668374784,0.4583333333333333
1217181459765889792,0.7
1217270469480474624,0.5
1217275515121327104,0.65
1217281465363914240,0.8205128205128205
1217288297024269312,0.5789473684210527
1217315080590073088,0.625
1217319266989499904,0.42857142857142855
1217319652863525120,0.5
1217328073854543616,0.5
1217336294210165760,0.5185185185185185
1217339382276028160,0.5
1217344616812985088,0.3333333333333333
1217349361005086464,0.5
1217350692603762688,0.625
1217357498391731456,0.4166666666666667
1217362856791990784,0.25
1217425082354747136,0.42857142857142855
1217426220086831616,0.3333333333333333
1217447939568263936,0.5416666666666666
1217496780238014976,0.5
1217502370117245952,0.8709677419354839
1217558601718399488,0.38461538461538464
1217588353326573824,0.7083333333333334
1217824583526077952,1.0
1217881886023431680,0.76
1217896364020134400,0.6904761904761905
1217905869266630656,0.5526315789473685
1217924717420428800,0.41935483870967744
1217929504610682880,0.847457627118644
1217930811517450240,0.9285714285714286
1217936746412195328,0.5892857142857143
1217943117872482048,0.0
1217943740756865280,0.6
1218003318206036736,1.0
1218008712794064640,0.5
1218051967511903744,0.8235294117647058
1218052037113972480,0.3333333333333333
1218056376486606848,1.0
1218078639889745664,0.0
1218079996637787904,0.25
1218102773842499072,0.6
1218195549568265728,0.55
1218581999472997888,0.7916666666666666
1218609446968079104,0.6590909090909091
1218650734868588544,0.9
1218664980505524480,0.7555555555555555
1218722499927309824,0.0
1218723867893197312,0.7142857142857143
1218750822412320000,0.5
1218752374922555904,0.3541666666666667
1218771408818028288,0.0
1218804053385971456,0.5
1218806126073031168,0.25
1218809455231681536,0.4166666666666667
1218814586711818752,0.25
1218922866854221568,0.5714285714285714
1219365343211077888,0.3888888888888889
1219379548725841408,0.5
1219380355460440832,0.48717948717948717
1219410577685939456,0.6923076923076923
1219431151595166464,0.2857142857142857
1219457733255837696,0.0
1219469645718781440,1.0
1219541383637622784,0.7142857142857143
1219544314884185600,0.0
1219640479361602560,0.43243243243243246
1219727831711302144,0.5151515151515151
1219736628191261440,0.7878787878787878
1220098815599825408,0.45714285714285713
1220203415817521152,0.38
1220224966232804096,0.45
1220370596774138368,0.4594594594594595
1220444108033590016,0.625
1220548139607862528,0.0
1220758951330865152,0.8823529411764706
1220764731126664448,0.3488372093023256
1220768464425326080,0.825
1220810584161460736,0.8717948717948718
1220817824642616832,0.8
1220818253075358720,0.0
1220830863203626752,0.7708333333333334
1220913278863181824,0.5
1220986154936969472,0.25
1220994878626918912,0.36363636363636365
1220999930901096448,0.9
1221019655126889984,0.8421052631578947
1221029982942306560,0.5
1221046139698318080,0.7391304347826086
1221079436124109568,0.7272727272727273
1221090749547141888,0.7608695652173914
1221138954099290112,0.3333333333333333
1221160579795982336,0.7333333333333333
1221469973051469568,0.42
1221470817601923328,0.375
1221501217876611072,0.6071428571428571
1221507190398637568,0.4827586206896552
1221507426652087552,0.4838709677419355
1221543889797275648,0.6666666666666666
1221587294461535488,0.2222222222222222
1221632905247832576,0.6595744680851063
1221658973923309824,0.375
1221785626848102400,0.6521739130434783
1221828305617056512,0.40540540540540543
1222244395560380416,0.5
1222254266911584256,0.625
1222270869424557056,0.3333333333333333
1222287890677763840,0.8
1222289294474440448,0.6923076923076923
1222330617707031040,0.5555555555555556
1222336394355152640,0.4146341463414634
1222381387581922304,0.0
1222398215580194048,0.4
1222399980238636800,0.3333333333333333
1222429308433425152,0.7619047619047619
1222433227461024000,0.25
1222458562968205824,0.8095238095238095
1222484759792818432,0.6538461538461539
1222585458534932480,0.7647058823529411
1222945134447459840,0.47692307692307695
1222971017008518144,0.55
1223020359327089408,1.0
1223035523498868480,0.6190476190476191
1223089600113107712,0.6190476190476191
1223121949897361920,0.25
1223138656610305792,0.5333333333333333
1223155085361244416,0.0
1223186665549923584,0.76
1223611070942214400,0.375
1223667358229932288,0.4482758620689655
1223732891479973888,0.7419354838709677
1223742677817202944,0.5454545454545454
1223765075313104384,0.5
1223794327092785152,1.0
1223827712383303936,0.4
1223855224493625344,0.5
1223886129435703808,1.0
1223902863539411456,0.4375
1224057601769238528,0.37037037037037035
1224320814712355072,0.3684210526315789
1224321968949176320,1.0
1224528829378187520,0.6829268292682927
1224538856195753472,0.4444444444444444
1224548046043739904,0.4074074074074074
1224637260940178688,0.7419354838709677
1224650217992672000,0.0
1224654727321674240,1.0
1224827964210582272,0.5588235294117647
1225146341940529408,0.2
1225171960351568384,0.42105263157894735
1225175021424543744,0.4375
1225207744387696640,0.0
1225253179940590080,0.3
1225257377198568704,0.6470588235294118
1225307590957056768,0.0
1225334588134131968,0.5
1225553506818679040,0.3333333333333333
1225784741064254976,0.68
1225835176401153792,0.0
1225868457432859648,0.7142857142857143
1225890636535949312,0.4666666666666667
1225911523315023104,0.5833333333333334
1226039999373949440,0.3333333333333333
1226055648222172672,1.0
1226068870816529152,0.8214285714285714
1226081563960928512,0.6875
1226092356876714240,0.5833333333333334
1226184735308684032,0.0
1226248195801266432,0.5
1226537756246494976,0.3333333333333333
1226558342130143744,0.45454545454545453
1226560080889843712,0.5
1226580193253721088,0.6896551724137931
1226598996106295040,0.45614035087719296
1226601234590908160,0.7428571428571429
1226610225569166336,0.3333333333333333
1226621300249084160,0.6153846153846154
1226624584181048320,1.0
1226631923305478656,0.5
1226658615203865600,0.0
1226676227601417728,0.6842105263157895
1226692201451139584,0.6
1226745803757498624,0.25
1226786427717291264,0.3333333333333333
1226793999672029696,0.5625
1226815416650737408,0.7142857142857143
1226881889486859264,0.5
1227149399738589952,0.14285714285714285
1227279341421623552,0.38461538461538464
1227279867906292480,0.5
1227286060141946880,0.16666666666666666
1227298471580568064,0.25
1227340687669245696,0.0
1227442704406638080,0.42105263157894735
1227454805392001280,0.5
1227470612933788160,0.391304347826087
1227478400730698752,0.5
1227489282462264320,0.8636363636363636
1227598370040385024,0.6122448979591837
1227810129129290752,0.6666666666666666
1228025041126308352,0.7878787878787878
1228030772010544128,0.5714285714285714
1228052593710053888,0.0
1228056677982338816,0.0
1228058338764628480,0.0
1228076916043591680,0.5
1228103981205310208,0.8095238095238095
1228104429961473024,0.25
1228105387467384320,0.4634146341463415
1228113058507832320,0.5555555555555556
1228126895896079360,0.6296296296296297
1228156598753878784,0.3333333333333333
1228161883046760448,0.3333333333333333
1228194643937101824,0.5217391304347826
1228203580905750272,0.72
1228243339384354048,0.47058823529411764
1228243978114461696,0.6301369863013698
1228255081456696320,0.5555555555555556
1228303330807914752,0.3333333333333333
1228339536929746944,0.45
1228414139010467072,0.5
1228419787372659712,0.775
1228555224252497408,0.5
1228702015048367360,1.0
1228751351193376000,0.9069767441860465
1228753098588109056,0.6590909090909091
1228763466317357568,0.3953488372093023
1228801816866166016,0.5294117647058824
1228956129678087936,0.7142857142857143
1229056939521663488,0.4166666666666667
1229073302133734656,0.0
1229081996235885824,0.6285714285714286
1229162581023883520,0.7962962962962963
1229426358743257600,0.2727272727272727
1229517672196016640,0.7222222222222222
1229561639716834304,1.0
1229643073633743616,0.6222222222222222
1229678672973925120,0.6071428571428571
1229690321976774400,0.0
1229693956071471872,0.8
1229755776750941952,0.3783783783783784
1229764114399771392,0.5
1229943020508576256,0.38095238095238093
1230162194063183360,0.676056338028169
1230183747633735936,0.6875
1230195708786006016,1.0
1230247922544039936,0.4117647058823529
1230283536663545088,0.5238095238095238
1230295586361139456,0.5142857142857142
1230427726582162176,0.9285714285714286
1230504743098734080,0.7659574468085106
1230541881967651072,0.0
1230605843678851072,0.6911764705882353
1230918963737308416,0.6666666666666666
1230981701128100864,0.2222222222222222
1231034255826733824,0.6190476190476191
1231058148363319296,0.2962962962962963
1231073373473888256,0.5
1231085906215432960,0.5151515151515151
1231168554253118464,0.6363636363636364
1231199251978628864,0.75
1231314347045634560,0.42857142857142855
1231347597969776384,0.5384615384615384
1231589976704645376,0.0
1231615190714170880,0.8
1231652872845830656,0.6956521739130435
1231681051148880640,1.0
1231698844299879936,0.125
1231720407025134592,0.6
1231734696994111744,0.375
1231736713987399680,0.75
1231743497914241792,0.8333333333333334
1231784685236912896,0.125
1231805469271048960,0.4864864864864865
1231812908999855104,0.5
1231817117291403520,1.0
1231825350802154240,0.3
1231870180868720128,0.53125
1231870596017975040,0.42857142857142855
1231878872579164928,0.375
1231889453780929536,0.5365853658536586
1231891031747655424,0.6666666666666666
1231965615274029056,0.6179775280898876
1232258891819793920,0.5517241379310345
1232303441592086528,0.5
1232322370460083712,0.7619047619047619
1232323618609671424,0.8444444444444444
1232360537934915584,0.2857142857142857
1232399187689337344,0.6623376623376623
1232420203483172352,0.0
1232455361014118400,0.0
1232503175017160704,0.2857142857142857
1232534454112583168,0.4642857142857143
1232569162104128000,0.3877551020408163
1232592101498533888,0.6875
1232641115950197760,0.0
1232722588313574912,0.5777777777777777
1233010411043017728,0.23809523809523808
1233024092124278016,0.5555555555555556
1233028480127251456,0.0
1233076341281078272,0.25
1233086750913999360,0.6923076923076923
1233096106608512000,0.32
1233115081365202688,0.0
1233121826254306816,0.5357142857142857
1233165732978616064,0.7045454545454546
1233174839479307520,0.75
1233182046632516352,0.0
1233195622300866048,0.76
1233213329668597248,0.42857142857142855
1233253963295068160,0.0
1233257493230243840,0.6388888888888888
1233267323205200384,0.42857142857142855
1233274928639030272,0.7272727272727273
1233380429004700416,0.6666666666666666
1233440963534977024,0.4074074074074074
1233444079973396480,0.5909090909090909
1233477612153881088,0.38095238095238093
1233724773594579200,0.6206896551724138
1233735571774765056,0.5
1233805812709991936,0.7391304347826086
1233821433642391040,0.8378378378378378
1233881107337624576,0.16666666666666666
1233900383986598656,0.5714285714285714
1233911914923935488,0.42168674698795183
1233946532942231040,0.2
1233963782617053952,0.0
1233983811171826688,0.5
1234005871725213184,0.42857142857142855
1234060415703369984,0.38461538461538464
1234068616558482944,0.5714285714285714
1234194659475519744,0.5555555555555556
1234236313322535680,0.29411764705882354
1234516338911051264,0.0
1234516393644330752,0.75
1234550547063561984,0.6428571428571429
1234551556067311360,0.0
1234565766867848704,0.0
1234615299702117888,0.5
1234619188519321088,0.45454545454545453
1234692551866025472,0.3103448275862069
1234701451882719488,0.391304347826087
1234723680435628288,0.75
1234732800569827072,0.36363636363636365
1234733108609565184,0.75
1234741451109608448,0.5384615384615384
1234755146872090880,0.4444444444444444
1234766209213375488,0.3333333333333333
1234766318493885696,0.8333333333333334
1234920096778604544,0.2
1234976242429547008,0.38461538461538464
1235216696549473792,0.4375
1235273467421047552,0.6666666666666666
1235325530971028224,1.0
1235337986688478464,0.7931034482758621
1235338679873912064,0.559322033898305
1235377403617770752,0.2777777777777778
1235442919454748928,0.4
1235450196991112448,0.4489795918367347
1235464086223800320,0.0
1235478158987420416,0.0
1235483814643063040,0.8518518518518519
1235490225821241600,0.5
1235620936840487168,1.0
1236018537049655296,0.3333333333333333
1236029972897762816,0.2727272727272727
1236073459963400960,0.0
1236118621504061696,0.7878787878787878
1236148944975507968,0.7551020408163265
1236171147373505536,0.875
1236172234965020928,0.0
1236213491678896640,0.46808510638297873
1236273284503563776,0.8529411764705882
1236296385471016192,1.0
1236363310093610240,0.5
1236412366866684416,0.3333333333333333
1236445411085902336,0.8
1236691611224872704,0.2727272727272727
1236695521356531968,0.4166666666666667
1236722129897323520,0.4827586206896552
1236786429819157504,0.5833333333333334
1236822263640366592,0.3076923076923077
1236838556683444224,0.4745762711864407
1236850492807890432,0.56
1236888085259766272,0.9230769230769231
1236893810470530560,1.0
1236904145864732160,0.2916666666666667
1236904434818244096,0.36
1236938479400397568,0.8333333333333334
1236947489008110592,0.0
1236987562261924352,0.6
1236994606800620288,1.0
1237004144107153664,0.7021276595744681
1237396642423730432,0.5
1237463339440006400,0.0
1237470951022325504,0.3333333333333333
1237475319671474176,0.5384615384615384
1237493612352097024,0.3333333333333333
1237509701337156864,0.0
1237523750235672576,0.8333333333333334
1237544621650440960,0.5
1237553698783569408,0.4166666666666667
1237567260590493696,0.2
1237577234614553856,0.3333333333333333
1237584519571088640,0.0
1237593436435302144,0.55
1237604864866910464,0.3
1237679237886640128,0.7346938775510204
1237691802890988544,0.8846153846153846
1237706010085104384,0.631578947368421
1237713689283699712,0.5
1237728608464332288,0.5
1237793347867402496,0.8333333333333334
1237833273801283072,0.36363636363636365
1237837323470882560,0.5454545454545454
1238183126306551040,0.5
1238213403014478592,0.3333333333333333
1238225546264945152,0.6666666666666666
1238238511042739968,0.5
1238247736612676096,0.0
1238298001198107392,0.8
1238298326740258048,0.19047619047619047
1238315600206716928,0.6428571428571429
1238363662670553600,0.5652173913043478
1238388350697355520,1.0
1238390144637323008,0.2222222222222222
1238395357205338880,0.16666666666666666
1238398053687110912,0.42105263157894735
1238407867793281536,1.0
1238485614405478400,1.0
1238519950714428672,0.6842105263157895
1238522732700307200,0.4166666666666667
1238891505272760576,0.8666666666666667
1238903250109577984,0.375
1238961356441212160,0.6666666666666666
1238973574266713088,0.647887323943662
1238990970502785536,0.3125
1239052695621920512,0.7755102040816326
1239097760883951872,0.4074074074074074
1239100560023981568,0.4838709677419355
1239166899888727552,0.25
1239197386105991680,0.5
1239222607438792448,0.527027027027027
1239274312969767168,0.28735632183908044
1239623371548785152,0.6333333333333333
1239662913696555264,0.6415094339622641
1239690131076367360,0.4166666666666667
1239739454191305472,1.0
1239793961398027008,1.0
1239808443691917312,0.5416666666666666
1239863132013141504,0.3333333333333333
1239930454394729216,0.25
1239930751249565184,0.43103448275862066
1239933676077073920,0.4
1239935117012400128,0.3333333333333333
1239958257449208576,0.7631578947368421
1240017392210349824,0.3442622950819672
1240046696584973056,0.23529411764705882
1240324671698633216,0.8260869565217391
1240361875988170752,0.0
1240483505094130688,0.34782608695652173
1240489124807134976,0.7142857142857143
1240489636931653376,0.45
1240565547709340416,0.6363636363636364
1240635742479926016,0.0
1240654386560715008,1.0
1240660704235008256,0.4
1240753334813733888,0.40625
1241022125528761600,0.3548387096774194
1241166495306220032,0.6739130434782609
1241174753025063168,0.7142857142857143
1241242058782034688,0.0
1241284164500062720,0.5
1241311750404466688,0.55
1241365038739867904,0.46153846153846156
1241397734544232192,0.6707317073170732
1241489080667784704,0.8333333333333334
1241846955160947712,0.24705882352941178
1241921335309743360,0.5454545454545454
1241933255922281984,0.391304347826087
1242007300995127808,1.0
1242045130477113856,0.46153846153846156
1242047908841008640,0.6666666666666666
1242065173610744320,0.3333333333333333
1242108333492495360,0.25
1242112150977884160,0.8260869565217391
1242132959676492800,0.5
1242155874252714752,0.8181818181818182
1242165633852589824,0.64
1242165651160098560,0.0
1242170149384043776,0.47058823529411764
1242189476374453760,0.5
1242480844681564928,0.7714285714285715
1242482727861661952,0.0
1242502768926035968,0.0
1242556438812878336,0.5
1242597496137748992,0.46153846153846156
1242663472615676672,0.18181818181818182
1242681916136671744,0.4
1242749110317411840,0.88
1242836970242368512,0.7777777777777778
1242837298513205760,0.6071428571428571
1242866198688601600,0.26666666666666666
1242922370256452864,0.8717948717948718
1242925295139290368,1.0
1243228041012916992,0.5
1243259212458138368,0.7272727272727273
1243273762795220992,1.0
1243274147498779392,0.0
1243337167499909376,0.35294117647058826
1243376122320603136,0.7777777777777778
1243377558887155712,0.3333333333333333
1243398985999620096,0.6666666666666666
1243425875233002496,1.0
1243476842816220672,0.6111111111111112
1243508228774416128,0.49122807017543857
1243530145654703872,0.0
1243555371982304256,0.6567164179104478
1243613723733381376,0.8
1243642558897025280,0.7
1243975015085431552,0.6875
1243982291190350336,0.7857142857142857
1244033306396183040,0.6190476190476191
1244082526861982208,0.5862068965517241
1244121152119006464,1.0
1244174559026843392,0.8857142857142857
1244238721172739840,1.0
1244251820915169536,0.0
1244307451346794240,0.0
1244313867473757184,0.5
1244316149521837824,0.0
1244337547025561600,0.2857142857142857
1244343410276463104,0.75
1244488046637017088,0.6875
1244730655723871488,0.6521739130434783
1244776031507613184,0.5
1244790946478024704,0.0
1244810112081583104,0.4857142857142857
1244844691350650112,1.0
1244854374072964096,0.45454545454545453
1244901554300125440,0.0
1244961093672309760,0.5
1244965541319374848,0.6153846153846154
1244984073010442752,1.0
1245459318127122432,0.47058823529411764
1245462544004294144,0.44680851063829785
1245500064920798208,0.4
1245529853356242944,0.5
1245537315734193152,0.4358974358974359
1245551701192802304,0.5
1245648921950690816,0.7692307692307693
1245815544018994944,0.5882352941176471
1246208291491169536,0.6666666666666666
1246326925671401984,0.5
1246328385164271104,0.5918367346938775
1246328668955621376,1.0
1246378261505396736,0.2857142857142857
1246449219563554048,0.25
1246472317752349696,0.48936170212765956
1246487415252708608,0.8
1246490771412471040,0.0
1246975624517773568,0.0
1247008034431913984,0.43137254901960786
1247064978490403840,0.7910447761194029
1247066220355914240,0.2857142857142857
1247078158337802496,0.55
1247130586642717952,0.7058823529411765
1247241620813120768,0.5245901639344263
1247244274707731712,0.8387096774193549
1247567337378727424,0.0
1247588583493475072,0.0
1247661498630330880,0.5
1247681400903881728,0.5208333333333334
1247699427346703360,0.3333333333333333
1247708080182348800,1.0
1247708394149758208,0.8431372549019608
1247710629735185664,0.42857142857142855
1247717975125342208,0.4
1247754525972229888,0.42105263157894735
1247760054618671616,0.5357142857142857
1247777833119054336,0.4444444444444444
1247796768726612992,0.6842105263157895
1247804605795900416,0.0
1247807039702806016,0.7352941176470589
1247829233435332608,0.2708333333333333
1247831706795179008,1.0
1247846848777705984,0.0
1247869223835259136,0.65
1247870265750686976,0.0
1247870398231816192,1.0
1247880046011866112,0.0
1247952864225828096,0.45
1248261904571140608,0.42105263157894735
1248343825070715904,0.5
1248353309979198720,0.6545454545454545
1248361839780552960,0.925
1248380617462486528,0.7631578947368421
1248441680126732288,0.4827586206896552
1248460215435014400,0.37209302325581395
1248483259359698688,0.4883720930232558
1248491751032801536,0.782608695652174
1248501414490551296,0.6923076923076923
1248504034666860032,0.34782608695652173
1248510442114990592,0.4666666666666667
1248532407386731520,0.7692307692307693
1248540413810238464,1.0
1248540965698322944,0.5294117647058824
1248587620138976768,1.0
1248613314615279104,0.5471698113207547
1248686375100440320,0.3055555555555556
1248951589115197952,0.6857142857142857
1249090200249394432,0.5714285714285714
1249125250321146880,0.3829787234042553
1249402794579694592,0.5
1249404101568826368,0.37142857142857144
1249757227653686016,0.2608695652173913
1249812475033796608,0.6666666666666666
1249856329043250944,0.5
1249879831859474688,0.5
1249950196581375488,0.6666666666666666
1249973316441603584,0.4473684210526316
1249999288305830400,0.0
1250092874230278656,0.38
1250097195311244800,0.4222222222222222
1250441965607295232,0.46153846153846156
1250488982246838016,0.0
1250502172931192064,0.0
1250626170307147776,0.6666666666666666
1250639793295952640,0.5
1250644394018078976,0.6666666666666666
1250648326117622528,0.0
1250727339117332480,0.4
1250744380228788992,1.0
1250774525854712832,0.4
1250833260783831296,0.5
1251143248844413952,0.4666666666666667
1251236070068062208,0.6486486486486487
1251290115864398848,0.9130434782608695
1251291911289943808,0.5263157894736842
1251300910536357120,0.5
1251301143124801024,0.5483870967741935
1251346137664295424,0.6363636363636364
1251394637752036864,0.0
1251395663865006080,0.4482758620689655
1251420478453316352,0.45161290322580644
1251444643048625920,1.0
1251448403701529344,0.9
1251448477273307136,0.4482758620689655
1251467691624487680,0.5
1251478307390059264,0.7
1251589104578360576,0.5714285714285714
1251590829490404096,0.58
1251594690004678144,0.2
1251622298018523904,0.631578947368421
1251808630195684608,0.5
1251900222018760960,0.3
1251902235204019200,0.7
1251938477055415552,0.5333333333333333
1251946856521048064,0.5
1251966670044682240,0.5652173913043478
1252000484733960448,0.0
1252070249117299968,0.3333333333333333
1252083014312779264,0.5
1252090574976375296,0.8421052631578947
1252097102685459200,0.2857142857142857
1252097367965240320,0.7222222222222222
1252120212248433664,0.4
1252126613372996608,1.0
1252146825335089920,0.4666666666666667
1252202853135130624,0.5714285714285714
1252215656702542592,0.5555555555555556
1252219138406059520,0.6
1252316463322588160,0.0
1252645718346104576,0.8
1252681536595741696,1.0
1252718903631174656,0.6
1252723030136215040,0.6935483870967742
1252782388666966784,0.2857142857142857
1252809292372868352,0.9545454545454546
1252814946767052544,0.5
1252830775472807168,0.4666666666666667
1252834809156645120,0.0
1252843441708561152,1.0
1252870775905215488,0.5555555555555556
1252872471904440064,0.5
1252888253708782336,0.5
1252899343809730816,0.5416666666666666
1252908093777551616,0.6233766233766234
1252913036416666368,0.5
1252921799779384576,1.0
1252987288689754112,0.42857142857142855
1253378683930407936,0.5
1253435842369464576,0.3076923076923077
1253492482257197056,0.0
1253492499722690048,0.4
1253527157773582848,0.5652173913043478
1253563970715815424,1.0
1253580099479859200,0.4722222222222222
1253602159688530432,0.45
1253607236410594560,0.391304347826087
1253607867430217216,0.5757575757575758
1253628227386582016,0.6666666666666666
1253629711921236992,0.0
1253857000201649920,0.5
1254043226953260288,0.6666666666666666
1254057353906224640,0.25
1254098586774325760,0.6428571428571429
1254168074074053888,0.6666666666666666
1254276877021133056,0.3333333333333333
1254285853291882752,0.6666666666666666
1254290061262695168,0.0
1254316643416784896,0.5
1254339533573046784,0.45454545454545453
1254354161950759168,0.43243243243243246
1254355350115215616,0.5714285714285714
1254365738236861952,0.5
1254384490110268672,0.7037037037037037
1254423833823947264,0.37254901960784315
1254441430019673600,0.7692307692307693
1254494908305568256,1.0
1254502204823354880,0.6716417910447762
1254856565454110976,0.0
1254888571469300736,0.7428571428571429
1255009643379402240,0.14285714285714285
1255024268857207040,0.3333333333333333
1255027988453572096,0.75
1255035771854026496,0.375
1255047273744994560,0.8846153846153846
1255090518444221696,0.38235294117647056
1255218654534864640,0.546875
1255541850019144704,1.0
1255564160232095744,0.42857142857142855
1255594199652788992,0.2857142857142857
1255743860586259200,0.7096774193548387
1255775911650988288,0.5588235294117647
1255809237433522944,0.6060606060606061
1255972417229634048,0.5454545454545454
1256215189449648384,0.42857142857142855
1256295649168646400,0.5714285714285714
1256359054991064320,0.5454545454545454
1256404653599878656,0.6
1256412616058671872,0.42857142857142855
1256489055110016000,0.45454545454545453
1256543824162562304,0.75
1256579976383355648,0.0
1256624626257154816,0.0
1256677665144803072,0.75
1257042975591934976,0.775
1257050950784679424,0.475
1257112764558301184,0.0
1257143587602593792,1.0
1257205210196121600,0.0
1257215540466199552,0.43478260869565216
1257241836806384640,0.5
1257244828735068160,0.6888888888888889
1257758134494646784,0.0
1257793974008191488,0.8125
1257821559474220032,0.3333333333333333
1257867411790608640,0.625
1257868751559616000,0.6129032258064516
1257885207191229696,0.6153846153846154
1257969438961758720,0.0
1258055757145154816,0.0
1258067085080064256,0.45454545454545453
1258073617581137664,0.46808510638297873
1258092413263356160,0.5365853658536586
1258101698123145984,0.46153846153846156
1258402321822793984,0.6
1258423385253692416,0.0
1258429329465890304,0.4
1258439478520239872,0.55
1258443922860059904,0.375
1258444910526520320,0.53125
1258450789915161856,0.3333333333333333
1258458320226344704,0.5
1258464046840139776,0.0
1258472750169718784,0.36363636363636365
1258475547980404736,0.7746478873239436
1258483938332147712,0.0
1258531622624827136,0.3333333333333333
1258544602509130240,0.22580645161290322
1258600968277108736,0.36363636363636365
1258626912078812160,0.5384615384615384
1258638815063791360,0.5
1258677341754316032,0.5882352941176471
1258695278273102848,0.6470588235294118
1258700026649994496,0.25
1258716981746771712,0.5714285714285714
1258749060107443456,0.34782608695652173
1258851330250180608,0.8928571428571429
1258854720535457536,0.7
1258856188569241856,0.8
1258867050323319552,0.6
1258871782697249792,0.5
1258889005242963200,0.43902439024390244
1259109341368857344,0.45454545454545453
1259162312401913856,0.45454545454545453
1259191145620504064,0.6111111111111112
1259256829348698880,0.4166666666666667
1259260193582084864,0.5
1259301727279086848,0.6363636363636364
1259310682300146432,0.8235294117647058
1259314721095502592,0.16666666666666666
1259335350242465280,0.40425531914893614
1259335851252293632,1.0
1259341438559135232,0.92
1259342386792677888,0.7142857142857143
1259347129558383616,0.65625
1259355425618720768,0.36363636363636365
1259369276209379840,0.7083333333333334
1259372039120206336,0.5
1259388048778555648,0.5853658536585366
1259401959095206400,0.5
1259474621237158400,0.5510204081632653
1259481369441917696,0.8181818181818182
1259497683177562112,0.3548387096774194
1259499186696977920,0.5
1259510411331207680,0.0
1259619819683211008,0.25
1259637405571890176,0.4230769230769231
1259832793495987712,0.6153846153846154
1259876588941049856,0.5
1259912433293086720,0.4
1259912494450758400,0.45454545454545453
1259952131489931776,0.0
1259994760695336448,0.7142857142857143
1260001930274567680,0.7142857142857143
1260002763474982400,1.0
1260020947354861056,0.5833333333333334
1260023202918267648,0.6
1260060471022432768,0.6190476190476191
1260070583090904832,0.6486486486486487
1260073881924363776,0.25
1260092551193540352,0.5806451612903226
1260125117304578304,0.5833333333333334
1260132409977842176,0.5
1260134584332743680,0.42424242424242425
1260151228407159808,0.7777777777777778
1260172523150372352,0.6885245901639344
1260181807368441344,0.25
1260189944181155328,0.2
1260234438374310144,0.6153846153846154
1260237935711500800,0.7777777777777778
1260293474635415296,0.0
1260311580123865344,0.3333333333333333
1260553193498375424,1.0
1260650681942598144,0.5
1260655155496799744,0.7333333333333333
1260667900586615552,0.5555555555555556
1260693827767270656,0.37037037037037035
1260708340653557760,0.0
1260710031512367616,0.5
1260748161395054080,0.5573770491803278
1260766688789818112,0.5
1260810512708575744,0.4
1260852858185677568,0.5806451612903226
1260862954265671168,1.0
1260915412333620224,0.4666666666666667
1260960132256143360,0.0
1261071028868156928,0.6666666666666666
1261361831213341952,0.625
1261446565548291328,0.803921568627451
1261447010777938688,0.40425531914893614
1261548465977325568,1.0
1261610467547428096,0.7777777777777778
1261617863035144448,0.7307692307692307
1261619030164828416,0.0
1261634699122938624,0.25
1261636675110470912,0.6086956521739131
1261659809861695232,1.0
1262070049160930304,0.7
1262104904297679104,0.5
1262128611939171072,0.7777777777777778
1262132383410282752,0.3333333333333333
1262140361091737600,1.0
1262143013836839168,0.0
1262153369843416576,0.6
1262187946027548928,0.3333333333333333
1262240429792666112,0.45
1262241564535551488,0.0
1262244953396298240,0.38
1262252672363727104,0.6956521739130435
1262283454080417280,0.48148148148148145
1262315268774050816,0.8409090909090909
1262320458271132672,0.8333333333333334
1262325199389789952,1.0
1262327346366033664,0.6666666666666666
1262352790966578176,0.6666666666666666
1262832183876098048,0.5
1262840694629170432,0.45454545454545453
1262844499315115520,0.2857142857142857
1262898537857113344,0.375
1262905433157734912,0.8095238095238095
1262991846802969344,0.40625
1263005712867559936,0.0
1263011115582935552,0.6428571428571429
1263029031727678464,0.7857142857142857
1263041960025329408,0.5277777777777778
1263071253129168128,0.5
1263096956664838912,0.4090909090909091
1263118259968193536,0.4375
1263122087785627648,0.45
1263132781220139520,0.5
1263152244020395520,0.7142857142857143
1263154893860289792,0.0
1263170266353898496,0.4
1263178183871131904,0.0
1263218338279962624,0.0
1263314471215681024,1.0
1263386128407954944,0.3333333333333333
1263420227945110784,0.8
1263471483764439552,0.6666666666666666
1263495135520271872,0.7096774193548387
1263515100987844096,0.3793103448275862
1263524341562725376,0.3333333333333333
1263547370271712768,0.6
1263568983345334784,0.42424242424242425
1263701055864658176,0.4444444444444444
1263706301493742336,0.0
1263710154106900992,0.6190476190476191
1263724696164435712,0.6
1263738491373679872,0.25
1263741988397335552,0.42857142857142855
1263752625699918848,0.0
1263782234272358400,0.575
1263806244390861568,0.875
1263880497036707072,0.4
1263892929338317824,1.0
1264248917479062272,0.16666666666666666
1264265361542205440,1.0
1264275500996806912,0.8387096774193549
1264318516681771008,0.6727272727272727
1264341520147333632,0.8
1264344724441916160,0.6521739130434783
1264387557422604800,0.0
1264403209755188224,0.76
1264450602207375616,0.5833333333333334
1264466680624069120,0.5625
1264479990346571776,1.0
1264485901849065216,0.8181818181818182
1264680693771973632,0.8
1264892333664598528,0.8461538461538461
1264959558332747264,0.5217391304347826
1264989268223673344,0.3333333333333333
1265017621760031232,0.48717948717948717
1265028166964693248,0.3333333333333333
1265034399316421888,0.4444444444444444
1265057014207505664,0.675
1265126424599347968,0.8205128205128205
1265184865323339776,0.4375
1265190816439389952,0.8
1265202580004140800,0.71875
1265207613392977664,0.5
1265307739460498432,0.2222222222222222
1265374692552985344,0.5
1265423539750939648,0.5714285714285714
1265673073103993600,0.3076923076923077
1265680586482173696,0.8846153846153846
1265724603099894016,0.6041666666666666
1265763462090510848,0.6666666666666666
1265763828311729408,0.5
1265770828483466240,0.4117647058823529
1265791036772179200,0.7435897435897436
1265795391887137536,0.0
1265803698927771392,0.0
1265804073386419200,1.0
1265843970687698432,0.5454545454545454
1265860497436297984,0.5882352941176471
1265881470739956480,0.5454545454545454
1265907918705051136,0.5
1265927166706708224,0.4642857142857143
1265953647703672832,0.0
1265985371040225024,0.3793103448275862
1265993764758482176,0.5925925925925926
1266034708157557760,0.17647058823529413
1266076927400900096,0.5227272727272727
1266154183649415168,0.5555555555555556
1266603778816668416,0.8823529411764706
1266707064585715712,0.5666666666666667
1266817851874572288,1.0
1267140898217377792,0.4444444444444444
1267171467443161344,0.5925925925925926
1267178149634312192,0.8
1267191465542769920,0.8
1267199328210615552,0.3333333333333333
1267204516647978496,0.0
1267218822843227136,0.8888888888888888
1267297380557798912,0.2857142857142857
1267312112680548608,0.5555555555555556
1267312271503017728,0.68
1267314045666168320,0.5
1267339683493020160,0.7058823529411765
1267346526135582976,1.0
1267352594738538496,0.1875
1267363408090957824,0.8333333333333334
1267367561783107328,0.8333333333333334
1267370226814975744,0.8571428571428571
1267371115316931072,0.7916666666666666
1267421344559911424,0.0
1267508809669604096,0.7435897435897436
1267907445121626880,0.6521739130434783
1267977140065733376,0.8133333333333334
1267999107191827712,0.3793103448275862
1268013015871299328,0.7272727272727273
1268031059452709632,0.5714285714285714
1268040158569505792,0.0
1268044819777764864,0.4
1268046419975179008,0.875
1268053784706004224,1.0
1268054002403344896,0.16
1268079592320475904,0.0
1268088810058222848,0.6521739130434783
1268135924059796480,0.25
1268155913039655936,0.75
1268192341622221056,0.5714285714285714
1268209596945976832,0.75
1268231405918045184,0.125
1268604814738499072,0.5641025641025641
1268656318575462656,0.3888888888888889
1268663338308297472,0.6304347826086957
1268688419079622656,0.8214285714285714
1268692453357353728,0.625
1268708477342869760,0.4
1268737738141026560,0.32727272727272727
1268744568230636800,1.0
1268751733338119424,0.0
1268764405233941248,0.6052631578947368
1268766282320492032,0.4411764705882353
1268822234931895296,0.43243243243243246
1268826528174400256,0.75
1268851012500430336,0.0
1268867754198523648,0.37142857142857144
1268873195341924864,0.5
1268878802788019200,0.26666666666666666
1268882296424305664,0.8253968253968254
1268919719262519552,0.375
1269258631985144576,0.3333333333333333
1269262421151781376,1.0
1269367897551652096,0.16666666666666666
1269368347816350976,0.7407407407407407
1269374689746630656,0.6964285714285714
1269427940338787840,0.6666666666666666
1269431924019213824,1.0
1269440570740588032,0.0
1269470937639026176,0.5789473684210527
1269504511290390528,1.0
1269522111343784960,0.5
1269574988285929216,0.9104477611940298
1269578750757785088,0.6666666666666666
1269582707592999936,0.8653846153846154
1269586766269684992,1.0
1269607052483820288,0.42857142857142855
1269621944715218176,0.6
1269626245575197696,0.4166666666666667
1269711111260484352,0.5531914893617021
1269720447299945472,0.2
1270060444562774016,0.8333333333333334
1270157109384436224,0.5294117647058824
1270192348840364288,0.75
1270192940050831360,0.5789473684210527
1270215068935536384,0.6
1270264343845765888,0.5
1270269237762621952,1.0
1270302268030863872,0.6041666666666666
1270308765509849088,0.8214285714285714
1270316727352725248,0.0
1270378095446875904,0.5476190476190477
1270415281430697472,0.5303030303030303
1270512891790923776,1.0
1270836326670802944,0.625
1270896736455410688,0.48
1270905036604063488,0.0
1270927590418642944,0.6666666666666666
1270930311029791488,0.3333333333333333
1270978233232066560,0.0
1271008901529286912,0.3125
1271023372925245440,0.6
1271111685394049792,0.0
1271492100579752448,0.4
1271510865547452416,0.75
1271525247275164160,0.2727272727272727
1271566199245214464,0.375
1271575087182068736,0.7916666666666666
1271591430212422144,0.5833333333333334
1271595563315860224,0.8113207547169812
1271627239021725696,0.125
1271644595399401728,0.4482758620689655
1271657009023528192,0.8636363636363636
1271694185701590272,0.3333333333333333
1271727517718486784,0.3684210526315789
1271733137170348800,0.5
1271739844752848384,0.4444444444444444
1271743701548800768,0.53
1271770742503569920,0.5869565217391305
1271780983556625920,0.6666666666666666
1271786586521658112,1.0
1271823743183616768,0.9464285714285714
1271873482142090240,0.21428571428571427
1272203891224491008,0.5789473684210527
1272297686764532736,0.9
1272397097518340352,0.4146341463414634
1272426518251192576,0.7547169811320755
1272434457803429120,0.4444444444444444
1272436603528133376,0.3333333333333333
1272445028608014080,0.7111111111111111
1272448095938681856,0.5
1272448994059236864,0.5
1272450554361180672,0.46153846153846156
1272492671682287360,0.0
1272503096088929024,0.6285714285714286
1272505814494369024,0.4166666666666667
1272527030649360384,0.21428571428571427
1272573136962062336,0.717948717948718
1272634600171598848,0.6666666666666666
1272637013468081920,0.0
1272672821069128704,0.3333333333333333
1272676944408052736,0.5
1272773566294694400,0.5
1272806258814781952,0.23076923076923078
1272879360187288576,0.4117647058823529
1272963658842622464,0.0
1272983920297278720,0.75
1272998271693098240,1.0
1273008796165152256,0.5769230769230769
1273015868318032896,0.8125
1273021902614919936,0.6
1273052254409812736,0.6
1273094109657816064,0.5
1273101777039448576,0.6382978723404256
1273109148134069248,0.5
1273130699442150400,0.2857142857142857
1273158903179121920,0.6
1273164967049769472,0.0
1273183133635829504,0.8627450980392157
1273189094203772160,0.46875
1273215431201822976,0.0
1273335422668126208,1.0
1273344700742087424,0.7916666666666666
1273345600133864448,0.6956521739130435
1273633747391346944,0.1
1273718289001974784,0.16666666666666666
1273729756754322432,0.0
1273747239082732288,0.6875
1273765423381737472,0.5769230769230769
1273781636778065152,0.5714285714285714
1273828239661574144,0.23529411764705882
1273839786493322496,0.35714285714285715
1273870818331713792,0.0
1273888689056927488,0.4642857142857143
1273894738659719680,0.3333333333333333
1273898999958442496,0.0
1273956208623719168,0.5714285714285714
1273963630687051776,0.4827586206896552
1274017007557223936,1.0
1274031500430669824,0.0
1274052597502352384,0.14285714285714285
1274422605792549632,0.65
1274437128884126976,0.0
1274452018338093056,0.6190476190476191
1274464267408021248,0.5454545454545454
1274477421635196928,0.7857142857142857
1274480915806557696,0.5555555555555556
1274511434137774592,0.9302325581395349
1274514779920666112,0.75
1274550444893582848,0.0
1274554953629510400,0.5882352941176471
1274555946047544832,0.2857142857142857
1274559432293555200,0.4
1274589547393611008,0.875
1274589856832068352,0.8235294117647058
1274631341920527872,0.375
1274640259686728192,0.5135135135135135
1274643083611316736,0.6923076923076923
1274650595069924608,0.76
1274690970453569536,0.5714285714285714
1274706628440333312,0.35714285714285715
1275145115330189568,0.5
1275208403952482816,0.5714285714285714
1275244283368409600,0.8571428571428571
1275261779184269568,0.5
1275271037366430976,0.5333333333333333
1275299906510262784,0.5
1275307054732469248,0.0
1275327391007531008,0.5
1275355505479692544,0.574468085106383
1275358451192174336,0.47058823529411764
1275375726746388992,0.0
1275424715511504128,0.36363636363636365
1275474235164332544,0.8571428571428571
1275793600792139520,0.0
1275893962773888000,0.7333333333333333
1275913953754843648,0.35
1275915395254534656,0.8461538461538461
1275942507460130816,0.375
1275947769574559232,0.14285714285714285
1275992224855562496,0.5945945945945946
1276012296257436672,0.46
1276012845363883776,0.6976744186046512
1276014906666989568,0.6086956521739131
1276016809687834112,0.6666666666666666
1276033768246174720,0.34285714285714286
1276078521051995648,0.8461538461538461
1276128799132126720,0.8301886792452831
1276128801035492352,0.4
1276140314038531328,0.6590909090909091
1276273442129086976,0.4
1276441511824718848,0.0
1276642060064340992,1.0
1276694413440452096,0.5294117647058824
1276704619682600704,0.5348837209302325
1276709730869026048,0.4222222222222222
1276741994255504640,0.38095238095238093
1276800014997443584,1.0
1276846438788576768,0.5
1276868227760931584,0.3888888888888889
1276988261763159552,0.56
1277347013571866368,0.4444444444444444
1277387145332201728,0.0
1277390042734514432,0.7735849056603774
1277405055079238912,0.36363636363636365
1277428802547089152,0.3333333333333333
1277432318171896064,0.8620689655172413
1277438708437530368,0.25
1277469787540617984,0.3333333333333333
1277470854073538816,0.2982456140350877
1277475906374569984,0.6
1277482004634851584,0.5
1277484166776084736,0.16666666666666666
1277488727174825216,0.25
1277489344632531456,0.0
1277495259567647744,0.0
1277495259973874176,0.0
1277505808667041536,0.39285714285714285
1277520383259355392,0.3333333333333333
1277522520662736128,0.25
1277546729651808256,0.52
1277599010732746752,0.2857142857142857
1277633237360236800,0.84
1277634273863895808,0.6857142857142857
1277666306005106176,0.5833333333333334
1277701847177553152,0.42857142857142855
1277728850310241536,0.6666666666666666
1277750006727392512,1.0
1277974187354344192,0.5
1278061138744631552,0.39285714285714285
1278068900784963328,0.35294117647058826
1278088969698794752,0.3333333333333333
1278103836470488320,0.6086956521739131
1278152315180225280,0.3333333333333333
1278173495686001408,0.4666666666666667
1278177103751517184,0.6666666666666666
1278177945557548032,0.7027027027027027
1278232355254148864,0.6333333333333333
1278239705020336384,0.5
1278243409717691904,0.0
1278268010964248832,0.625
1278287690130833408,0.5158371040723982
1278336701654857984,0.9333333333333333
1278337901461575424,0.6
1278443571055371776,0.6111111111111112
1278790311949104128,0.5
1278809140636752384,0.5098039215686274
1278820069249797376,0.5
1278825073511936256,0.3793103448275862
1278848910984343040,0.375
1278865644194770432,0.5952380952380952
1278906817255213056,0.4146341463414634
1278926821966047744,0.6
1278927891458523648,0.75
1278977499730804736,0.7857142857142857
1278987863224497408,0.6304347826086957
1279029248519972864,0.6666666666666666
1279072391503766272,0.38461538461538464
1279121640761392384,0.6923076923076923
1279140159864228096,0.23529411764705882
1279180588121832448,0.5
1279343711903648000,0.7727272727272727
1279530140269854976,0.42857142857142855
1279556591298312704,0.34615384615384615
1279652876230755584,0.546875
1279668659652375808,0.0
1279678410072248832,0.5
1279681594356955648,0.14285714285714285
1279683140874074880,1.0
1279696478628912640,0.8181818181818182
1279753819879372032,1.0
1279760619736889088,0.41379310344827586
1279771041066584576,0.8
1279773390602831616,0.7333333333333333
1279777875736152320,0.7441860465116279
1279874156904298496,0.47368421052631576
1279890287953575168,0.8
1279895572269781760,1.0
1280161526931598080,1.0
1280282023417144320,0.2558139534883721
1280307018512989440,0.0
1280317688723997952,0.3333333333333333
1280325909177346816,0.14285714285714285
1280352897794464000,0.5925925925925926
1280422959709408256,0.0
1280449379095569152,0.25
1280450972017849600,0.6052631578947368
1280484040857767680,0.49056603773584906
1280526052907129088,0.25806451612903225
1280610719625682432,0.0
1280936415341358336,0.3333333333333333
1280950783591835136,0.2857142857142857
1280952559622342400,0.5
1280967317811020288,0.3333333333333333
1281033170307763968,1.0
1281069230506087424,0.35294117647058826
1281122626906896384,0.0
1281133461935061760,1.0
1281142595038292992,0.0
1281151551524151040,0.4166666666666667
1281151653434471680,0.5
1281159354099534336,0.23529411764705882
1281171832796462848,0.4074074074074074
1281192876916455936,0.17142857142857143
1281234913414237696,0.7323943661971831
1281246422962945024,0.75
1281359672069590528,0.5
1281655000262498304,0.8611111111111112
1281788482421476608,0.0
1281801241965993984,0.1875
1281880327365578496,0.3888888888888889
1281890868800962560,0.7142857142857143
1281891934766995968,0.16666666666666666
1281903722134028288,0.6333333333333333
1281964956668051456,1.0
1282406377518613760,0.8333333333333334
1282417551373220352,0.5714285714285714
1282442640160860160,0.0
1282444607195460608,0.46153846153846156
1282468411129543168,1.0
1282482613307060992,0.8571428571428571
1282537578109643008,0.35714285714285715
1282551672475734016,0.6
1282558817075366656,0.6029411764705882
1282577046393396736,0.6
1282577503976550912,0.2
1282600769746960896,0.5625
1282634544828701696,0.45454545454545453
1282715909470151680,0.46153846153846156
1282757199374077952,0.2222222222222222
1283095560007998208,0.375
1283156285420392448,0.6041666666666666
1283176936116724736,0.575
1283177608314358528,0.6029411764705882
1283209517724800000,0.3333333333333333
1283224199902819840,0.5555555555555556
1283240879130151680,0.4482758620689655
1283257052426048000,0.5
1283285867487597312,0.6666666666666666
1283286680568634368,0.5
1283297003454012416,0.3137254901960784
1283310645008131840,0.4
1283322766099435264,0.4642857142857143
1283336671544985344,0.5
1283365248649480704,0.375
1283366040341638656,0.3076923076923077
1283373953086775296,0.8571428571428571
1283377161872099840,1.0
1283379182782144512,1.0
1283398912813856256,0.5
1283400923168194816,0.5
1283405349329047040,0.25
1283438915100804352,0.5185185185185185
1283475593520686848,0.25
1283480697834205440,0.47368421052631576
1283483214949875200,0.5
1283484956539934720,0.6304347826086957
1283499606206524416,0.5294117647058824
1283539854955636480,0.3333333333333333
1283851399677589504,0.6
1283862065773400320,0.5
1283883502407241984,0.38461538461538464
1283895737341441792,0.8
1283896862611060736,0.5666666666666667
1283914455506854656,0.2982456140350877
1283954815252377600,0.6666666666666666
1283998070339522048,0.5
1284006491613533952,0.4166666666666667
1284016174227613952,0.5555555555555556
1284020935322755072,0.8571428571428571
1284025690142722560,0.48148148148148145
1284091959173361920,0.5
1284092658849662976,0.375
1284113777627558400,0.5652173913043478
1284121155092171264,0.5333333333333333
1284130008703150592,0.4166666666666667
1284132013681720320,0.6129032258064516
1284217175644267008,0.2
1284245661338288128,0.2857142857142857
1284262306315990016,0.3333333333333333
1284272366937724672,0.0
1284557383184955904,0.7058823529411765
1284570892023797760,0.5
1284594058437629440,0.631578947368421
1284628056797335040,0.5263157894736842
1284639225419617280,1.0
1284651549591953152,0.5
1284657134381482496,0.6153846153846154
1284677840869065216,0.375
1284682861292947968,0.37037037037037035
1284683248132701696,0.7333333333333333
1284691386180762880,0.3333333333333333
1284696987542006016,0.6081081081081081
1284706003569243904,0.0
1284707257511155456,0.0
1284713054818086400,0.23076923076923078
1284713333905958400,0.5882352941176471
1284743182742914304,0.5
1284755324722874880,0.42857142857142855
1284755992076162560,0.3333333333333333
1284784639559440128,0.2
1284785587817411584,1.0
1284785770217513216,0.8333333333333334
1284796341934413824,0.0
1284798207530385408,0.5
1284800052637225728,0.0
1284832791277037056,1.0
1284852508569964288,0.6
1284875327907825152,0.42424242424242425
1284878280875383296,0.5
1284885894759316992,0.23076923076923078
1284900168270051072,0.5
1285301440492398080,0.6097560975609756
1285328532804948224,0.6666666666666666
1285331982169785344,0.76
1285356049618198528,0.28205128205128205
1285437999571277312,0.4444444444444444
1285453889853798400,0.75
1285455846643322112,0.5208333333333334
1285459545202211840,0.4482758620689655
1285462738805318656,0.75
1285473791512030208,0.5416666666666666
1285476636044790016,0.7222222222222222
1285488522072791552,0.5
1285498430647119616,0.6
1285516466943827712,0.625
1285521585183829248,0.3333333333333333
1285522978389782016,1.0
1285534761984320512,0.7857142857142857
1285558040810880512,0.7931034482758621
1285565192159160064,0.5
1285640145624154112,0.723404255319149
1285671732577880576,0.4666666666666667
1285916612879223040,0.4090909090909091
1286002114439122944,0.75
1286059018507801344,0.2857142857142857
1286090214821826560,0.6666666666666666
1286116830031513344,0.25
1286155535579399168,0.5
1286227448848733440,0.0
1286237548693213184,1.0
1286243504946610432,0.5
1286247549230510336,0.3333333333333333
1286248426213544704,0.28
1286265254255471616,1.0
1286272419395838976,1.0
1286307025349116928,0.0
1286695079397175808,0.8775510204081632
1286785317702500096,0.4166666666666667
1286813935215283456,0.5
1286860404392352256,0.7058823529411765
1286875839441391104,0.6086956521739131
1286899768748183296,0.5
1286928435577300480,0.4
1286974089181040384,0.625
1286980615077779968,0.0
1286982710060848384,0.0
1287041153016068096,0.6666666666666666
1287063442390568704,0.0
1287131760805868288,0.375
1287142916922444800,1.0
1287197660547680256,1.0
1287201972078662144,0.38461538461538464
1287442940143615744,0.5555555555555556
1287466242303588608,0.0
1287474876536203520,0.3333333333333333
1287477493275830528,0.4642857142857143
1287489749856948736,0.8409090909090909
1287515843220610560,0.48148148148148145
1287518812927820800,0.0
1287523642604217856,0.46511627906976744
1287525920047012864,0.36363636363636365
1287565948494036736,0.9166666666666666
1287583053985211904,0.47058823529411764
1287594511277097216,0.75
1287615699099013376,0.39285714285714285
1287641715461703168,0.5
1287652103874680320,1.0
1287677211394538496,0.3939393939393939
1287682299750920704,0.41935483870967744
1287685622889170944,0.3333333333333333
1287687605629405440,0.5
1287739594645676544,0.5294117647058824
1287743673775284736,0.75
1288138415515690752,0.3103448275862069
1288148208157740032,0.3157894736842105
1288259021070907392,0.2
1288260953758752256,0.5263157894736842
1288288575323591936,0.5
1288298947994334976,1.0
1288324354425790976,0.0
1288353741937825024,0.36
1288356504503197184,0.375
1288363077590635776,0.25
1288381844313117184,0.6
1288404696469147648,0.3333333333333333
1288423572877495552,0.5454545454545454
1288428562456143104,0.5869565217391305
1288444035916735488,0.36666666666666664
1288503691631569408,0.5
1288543007175187200,0.3684210526315789
1288577295055207680,0.36363636363636365
1288581470732824832,0.4666666666666667
1288900867195419648,0.6923076923076923
1288947553153436672,0.5625
1288964462902155776,0.4
1288981255207990528,0.5
1288997171128596736,0.52
1289017223161343232,1.0
1289044668905177856,0.2222222222222222
1289088399069788928,0.4
1289111795907220736,0.5
1289116758433485568,0.0
1289130865547245824,0.36363636363636365
1289142162308644096,0.46153846153846156
1289153931439978496,0.5555555555555556
1289173409173417728,0.8823529411764706
1289190131189521152,0.0
1289192165889057536,0.3333333333333333
1289203407679426048,0.4166666666666667
1289242705210089216,0.5
1289270865502981120,0.75
1289646057182281472,0.3225806451612903
1289648617038716928,0.5384615384615384
1289658456364911360,0.6282051282051282
1289684090850680832,0.45625
1289728803786780416,0.4
1289750197736933120,0.0
1289783660299374592,0.7045454545454546
1289792544612528384,0.3333333333333333
1289802863091358976,0.4583333333333333
1289803956096268800,0.5774647887323944
1289808843006840576,0.6818181818181818
1289829040417180160,0.0
1289842342957268480,0.3181818181818182
1289873292854874112,0.5
1289924598725408768,0.3888888888888889
1289926393962192896,0.2
1290007116476912896,0.45454545454545453
1290032437008249088,0.4222222222222222
1290382463133785600,0.6615384615384615
1290395044692924416,0.3333333333333333
1290410363216898816,0.8142857142857143
1290416849014327552,0.6692913385826772
1290487223897959168,1.0
1290521997063112704,0.25
1290535435974667008,1.0
1290547509555696896,0.6
1290556527970705920,0.3181818181818182
1290570450865948928,0.5581395348837209
1290576885545991680,0.5238095238095238
1290590834336148224,0.8333333333333334
1290600525035580672,0.0
1290618919940030720,0.4675324675324675
1290633170884267776,0.7878787878787878
1290638843206936832,0.8387096774193549
1290745558697232896,0.6
1291109938383721472,0.391304347826087
1291188993132064256,0.0
1291199882283854336,0.5
1291300304972796928,0.4117647058823529
1291307459183977984,0.16666666666666666
1291308589550447872,0.4117647058823529
1291323512586200320,0.3333333333333333
1291324768508427264,0.6976744186046512
1291341753382747904,0.0
1291342502368374272,0.5789473684210527
1291349777962043904,0.5
1291468517476312576,0.8356164383561644
1291471692595342080,0.5
1291530717849489920,0.23809523809523808
1291810783906657792,0.0
1291830840459169280,0.22535211267605634
1291868085060045312,0.6190476190476191
1291923141400653568,0.8222222222222222
1291967700559567872,0.7
1291969376048087552,0.4
1292025577663596544,0.375
1292043520082876160,0.38461538461538464
1292058291900585472,0.0
1292073748530917120,0.5
1292075856112815616,0.0
1292134562392412928,0.6909090909090909
1292195196077481984,0.5
1292563837338470144,0.6666666666666666
1292569012618711296,0.59375
1292581417470404864,0.45454545454545453
1292602174792639232,0.5
1292604634997753856,0.2608695652173913
1292604928449346048,0.0
1292626428209325824,0.3548387096774194
1292636104859403520,0.375
1292653892354109184,0.65
1292696061676196352,0.3333333333333333
1292705069404632064,0.5
1292714190504038656,1.0
1292714423913726976,0.0
1292725254652868864,0.14285714285714285
1292730137423576320,0.6666666666666666
1292734992631719424,0.45161290322580644
1292736827606203904,0.8545454545454545
1292763473877581824,0.4
1292768101747806208,0.7272727272727273
1292769614742194432,0.9310344827586207
1292773081864772096,0.5789473684210527
1292780420154452736,0.5
1292796991426701824,0.3333333333333333
1292812771509177344,0.5882352941176471
1292825117152562432,0.5
1292834764392352768,0.4
1292877387431357440,0.6
1292886111048386560,0.1111111111111111
1292899838480204544,0.8301886792452831
1292946912511547648,0.3333333333333333
1292952042383712768,0.5
1293283603443756800,0.46153846153846156
1293333447596487680,0.7037037037037037
1293399559842547968,0.4444444444444444
1293402608750204928,0.5
1293412327763077376,0.8082191780821918
1293415903351411456,0.6
1293460313704123392,0.5089285714285714
1293463524532594176,1.0
1293467411330911744,0.6222222222222222
1293493769695243264,0.30434782608695654
1293494304512104960,0.3409090909090909
1293507799950643200,0.625
1293512022433798144,1.0
1293566703921565696,0.0
1293600587867706112,0.75
1293615713884820992,0.8571428571428571
1293625703529696512,0.68
1293629876893613824,0.5686274509803921
1293965619884177920,0.5
1293980494055593472,0.5714285714285714
1294013812490060544,0.4666666666666667
1294033928555963136,0.5
1294044864772939264,0.5714285714285714
1294052506253737728,0.3877551020408163
1294064370036541440,0.3157894736842105
1294088095754620160,0.4
1294089051129919744,0.3333333333333333
1294098666798546432,0.5
1294109023136134912,0.9259259259259259
1294172569865227776,0.5
1294178387680098816,0.5555555555555556
1294191692122948352,0.125
1294266277409754112,0.75
1294266509906801920,0.25
1294317602494523648,0.3333333333333333
1294441210184515840,0.5625
1294742601402253056,0.0
1294752631477832192,0.4
1294768982589863936,0.5
1294776140231170048,1.0
1294780401605025536,0.625
1294780427103459328,0.5886524822695035
1294782033150689024,0.4444444444444444
1294785756563191552,0.0
1294789740244435968,0.6153846153846154
1294824019208062208,0.16666666666666666
1294844348928182272,0.4
1294847807444114944,0.8888888888888888
1294855447912648192,1.0
1294887399229513472,0.3333333333333333
1294909699597075712,0.625
1294920665573325312,0.6585365853658537
1294938990721991168,0.6
1294960775401763584,0.0
1294961949426907136,0.0
1294975543171357440,0.25
1294979109701897472,0.5
1295044759997578240,0.0
1295060296869020672,0.0
1295070495497929472,0.75
1295077214837000704,0.5454545454545454
1295085773960153856,0.7631578947368421
1295122892787891712,0.5
1295447842296378112,0.29411764705882354
1295455007601671680,0.8571428571428571
1295506851918408192,0.5263157894736842
1295523913528223232,0.34210526315789475
1295538321621337088,0.6470588235294118
1295539695576084992,0.0
1295558738366680064,0.9
1295580545595834112,0.5
1295587939789271552,0.7311827956989247
1295594242858717952,1.0
1295617041822675712,0.25
1295634386961245440,0.2962962962962963
1295635443570640128,0.0
1295636339527410688,0.4716981132075472
1295649516277941248,0.4489795918367347
1295653575828938496,0.3333333333333333
1295663595669000960,0.2
1295719908870988800,0.25
1295830127000197632,0.42857142857142855
1296236048642706432,0.391304347826087
1296239742846858240,0.5416666666666666
1296260688802213120,0.0
1296330307801728256,0.4482758620689655
1296359152237639168,0.5
1296383085511223040,0.4666666666666667
1296467701902585088,0.5238095238095238
1296574117423021568,0.4090909090909091
1296879681453764352,0.7375
1296916385614889472,0.4
1296970781217778176,0.48717948717948717
1296982985228453632,0.5806451612903226
1297156655807110656,0.45454545454545453
1297181852785695488,0.6153846153846154
1297190145983277568,0.0
1297285073907763968,0.6363636363636364
1297296084341118720,0.5882352941176471
1297374620983713792,0.6666666666666666
1297570446814568704,0.6666666666666666
1297609252699057664,0.7
1297643836704149248,0.6818181818181818
1297664779035294976,0.45454545454545453
1297666200504225792,1.0
1297672343467025920,1.0
1297676541638619136,0.35714285714285715
1297677021167844352,0.47058823529411764
1297716507635943936,0.46153846153846156
1297722260039692800,0.7083333333333334
1297740842402514432,0.0
1297744624034609408,0.0
1297758591141266432,0.6363636363636364
1297762928322815232,0.0
1297781902091277312,0.8333333333333334
1297828208695069184,0.3333333333333333
1297838756336933376,0.6896551724137931
1297841860649137152,0.5858585858585859
1297844965676663808,0.7
1297860038655834368,0.0
1297881573612887040,0.7222222222222222
1297895019355956224,1.0
1297904937297803776,0.6666666666666666
1297904958686032896,0.0
1297909666037089280,0.32
1297917419312372736,0.4074074074074074
1297988620025284608,0.3958333333333333
1297994427532733184,0.5172413793103449
1297999834273310976,0.48
1298217073649253632,0.5294117647058824
1298325919930913280,0.25
1298355055850325504,0.07142857142857142
1298376651171961600,0.6
1298385357779975424,0.0
1298389736846880256,0.0
1298389767332754944,0.4
1298396654115351296,0.5625
1298410148621602304,0.53125
1298433890525054976,0.78
1298455187165513984,0.3333333333333333
1298455314555159808,0.3333333333333333
1298456964838033408,0.6
1298466625039258112,0.8
1298470553106490880,1.0
1298477116901561344,0.7142857142857143
1298499149202395392,0.0
1298499652948297216,0.5925925925925926
1298503303631072000,0.723404255319149
1298538583571410944,0.0
1298569517838550784,1.0
1298572130592930304,0.2631578947368421
1298578116963808512,0.5
1298602532958981376,0.0
1298611650919893248,0.75
1298616339829891328,0.0
1298633854653141248,0.25
1298659852588046848,0.48148148148148145
1298667982643840000,0.5
1298678272554942720,0.5
1298706924140439040,0.3333333333333333
1298707638883767040,0.4
1298775270651373312,0.6666666666666666
1298822451928495616,0.0
1298840424334612224,0.6666666666666666
1298999126146381056,0.3333333333333333
1299050890776796160,0.3076923076923077
1299056525661920000,0.75
1299067816282134016,0.734375
1299091514290422528,0.5789473684210527
1299094405600468736,0.3333333333333333
1299105545414665216,0.5
1299112529281869568,0.7078651685393258
1299153149128968960,0.3111111111111111
1299153914510520064,0.4
1299157224778589952,0.7021276595744681
1299160852346800640,0.3333333333333333
1299164981049611008,0.8591549295774648
1299179401863206400,0.5769230769230769
1299198304628396544,0.7142857142857143
1299220235690068992,0.46875
1299225031252016128,0.625
1299232026332199168,0.6666666666666666
1299249084777776640,0.6914285714285714
1299249791913076992,0.7368421052631579
1299253309531798272,0.6551724137931034
1299253349139787008,1.0
1299253402604430848,0.38095238095238093
1299253442845421056,0.52
1299255463929437184,0.49019607843137253
1299258283084260096,0.6299559471365639
1299263976973044992,0.75
1299265380366916608,0.5321100917431193
1299300052605284096,0.46153846153846156
1299305680236711680,0.5
1299314315961650688,0.7931034482758621
1299322668614403072,0.8181818181818182
1299351018593693184,0.75
1299354920755310592,0.0
1299382029320139776,0.75
1299441660658462464,0.7619047619047619
1299814624138009088,1.0
1299828902555184128,0.7777777777777778
1299831314203252224,1.0
1299839135266640896,0.5263157894736842
1299840575203694848,1.0
1299843381601965568,0.35294117647058826
1299869870955980544,0.14285714285714285
1299900255738396928,0.25
1299901110669429504,0.0
1299902334325188096,0.5
1299921637575571456,0.6774193548387096
1299922031778225152,0.0
1299960820492377600,0.6
1299962178046717952,0.75
1299967704228506112,0.0
1300001330325701632,0.7142857142857143
1300002401773842176,0.6666666666666666
1300007028201971712,0.6976744186046512
1300009205513073920,0.4186046511627907
1300015185770053376,0.0
1300178229823424256,0.5
1300186593494124288,0.868421052631579
1300481072829652224,0.5
1300529346268955904,0.4444444444444444
1300540985427440896,0.8
1300541620487070720,0.0
1300543763144322048,1.0
1300551902876631296,0.0
1300551959579784192,0.0
1300559790339026176,0.5
1300571254699514880,0.08333333333333333
1300571322052907008,0.5
1300571417104741120,0.6
1300604686154840576,0.5
1300623563117512448,0.5833333333333334
1300632541870836992,0.5833333333333334
1300649656478176768,0.5909090909090909
1300653770476836352,0.5384615384615384
1300655316682175488,0.6
1300676192109713664,0.5
1300704817978918912,0.5945945945945946
1300712697608657152,0.875
1300732210353449472,0.0
1300737370484777728,0.18518518518518517
1300740570704115456,0.32142857142857145
1300751618903271936,0.5
1300763398714137088,0.4444444444444444
1300802296914939648,1.0
1300819793021645312,0.4
1300854652182035968,0.5769230769230769
1300879462573941504,0.7777777777777778
1300881922683626240,0.5833333333333334
1301211839452461824,0.30434782608695654
1301241862848255744,0.0
1301252892035445504,0.5
1301256873303414528,0.47058823529411764
1301260752218645248,0.14285714285714285
1301297859452848640,0.3333333333333333
1301308804433078784,0.3181818181818182
1301342705610342656,0.46153846153846156
1301533498828263936,0.4444444444444444
1301542142063410432,0.5714285714285714
1301569220193970176,0.3333333333333333
1301595629393794816,0.6666666666666666
1301608950651331584,0.7777777777777778
1301615371822470144,0.5
1301686414983082496,0.0
1301743616831327232,0.3333333333333333
1301902748380020992,0.5555555555555556
1301924901929573376,0.5476190476190477
1301973085888110336,0.7333333333333333
1302007137168967936,1.0
1302053297682380544,0.8076923076923077
1302092724512463872,0.3333333333333333
1302131571819465216,0.5
1302134601125135104,0.375
1302145404548683008,0.5
1302168387793956352,0.625
1302173496614944256,0.75
1302175762637114368,0.631578947368421
1302264606366009856,0.6785714285714286
1302310833129091328,0.6857142857142857
1302336298290608896,0.0
1302417356864267520,0.47619047619047616
1302666178367949568,0.5
1302715586965780480,0.4444444444444444
1302723331977011200,1.0
1302724281255968512,0.3888888888888889
1302725972873976576,0.42857142857142855
1302755889492180224,0.3333333333333333
1302762150157936128,0.6
1302762456231291392,0.42857142857142855
1302768735127715328,0.5454545454545454
1302791863014899200,1.0
1302798791569540864,0.0
1302825237897116160,0.5416666666666666
1302844560070818304,0.5
1302852748188367360,0.4838709677419355
1302855630903451648,0.3333333333333333
1302862774678845184,0.5
1302863075252033792,0.35
1302866674698569728,0.8125
1302870562887617792,0.8
1302879336906249472,0.0
1302879971066021888,0.0
1302905323622379520,0.0
1302909598923289088,0.8666666666666667
1302918376380285952,0.3333333333333333
1302934071907385088,0.0
1302935074729295872,0.8235294117647058
1302938931678306048,0.7878787878787878
1302967473153418752,0.3333333333333333
1302973966761659392,0.5490196078431373
1303006496057343488,0.8392857142857143
1303008841185551360,0.0
1303042874641330944,0.0
1303070579291869440,0.375
1303165626821819904,0.5714285714285714
1303413495126221056,0.5483870967741935
1303420391300255488,0.7777777777777778
1303452458322800384,0.0
1303491270090496768,0.375
1303527950935439360,0.6571428571428571
1303533168913125120,0.65625
1303550074086419200,0.7441860465116279
1303574158151886848,0.5652173913043478
1303582019582840320,0.3
1303596354475152128,0.6666666666666666
1303625203062108672,0.8032786885245902
1303640913657362432,0.45
1303650843286769408,0.45454545454545453
1303652304120257024,0.8064516129032258
1303662436698327040,0.3076923076923077
1303674671798791168,0.5
1303695044488854272,0.75
1303768747014145024,0.0
1303820491730168576,0.0
1304094709174104064,0.6
1304119302885844992,0.0
1304170650305206272,0.25
1304174440520287488,0.3333333333333333
1304191338292249088,0.6666666666666666
1304193275441647616,0.8
1304202505425585920,0.5
1304206600220523264,0.75
1304257583133335296,0.6428571428571429
1304262063072072192,0.6818181818181818
1304281967401892096,0.42857142857142855
1304299714456573952,0.6666666666666666
1304302561627922688,0.6285714285714286
1304304543914260736,0.3333333333333333
1304322325136441856,0.5277777777777778
1304349961603860736,0.0
1304351658555955968,1.0
1304353676821173760,0.4418604651162791
1304359527845546496,0.8
1304373105206400512,0.5
1304402367965890304,0.22727272727272727
1304418124681063680,1.0
1304424058781476352,0.3157894736842105
1304430502929065472,0.3333333333333333
1304440266745804800,0.0
1304447079710647552,0.5
1304510493660882176,0.2857142857142857
1304511246687622912,0.3333333333333333
1304511519668002560,0.46153846153846156
1304514478773066752,0.3333333333333333
1304531281160801280,0.8
1304823644696238080,0.6363636363636364
1304826268627464192,0.4
1304827718152082688,0.0
1304893506326343680,1.0
1304900015111722496,0.6842105263157895
1304925154166356736,0.75
1304925312895123456,0.6666666666666666
1304926877932228096,0.4
1304947987117764608,0.25
1304962261251075840,0.5
1304965776000087040,0.875
1304966001701409792,0.4117647058823529
1304969337171927040,0.6
1305000212039435008,0.4583333333333333
1305004837519734272,0.5
1305009692972840704,0.5166666666666667
1305019319123432448,0.0
1305038033551789312,0.5909090909090909
1305043320664537600,0.5555555555555556
1305050444075203584,0.6444444444444445
1305053591892021504,0.5789473684210527
1305058703970793216,0.5294117647058824
1305063177179964928,0.2926829268292683
1305071530955462656,1.0
1305074188976190464,0.53125
1305079009938074624,0.78
1305081624980162048,0.5
1305092332363385600,0.8367346938775511
1305107383042604288,0.7083333333333334
1305109443605667584,0.547945205479452
1305136066364534528,0.0
1305140653078805760,0.8
1305155515484810240,0.7333333333333333
1305168614413751552,0.4
1305225781347123456,0.9210526315789473
1305232070002927616,1.0
1305236296036414720,0.0
1305596303497151232,0.65
1305669109191711744,0.5
1305669906697505024,0.45454545454545453
1305679573663888896,0.5
1305689216096680704,0.6363636363636364
1305689869854963200,0.3611111111111111
1305695093284416000,0.84
1305709506275972352,0.5
1305710023191741184,0.25
1305735625553108224,0.7291666666666666
1305752358920575488,0.425531914893617
1305758071197766912,0.2
1305760794119745792,0.6190476190476191
1305761146387695872,0.6923076923076923
1305762609484112128,0.6666666666666666
1305779134276117248,1.0
1305779402556228352,0.5
1305782264485363712,0.4
1305790762486496512,0.3333333333333333
1305801265403146496,0.6666666666666666
1305824344283452416,0.2727272727272727
1305829697901143296,0.5
1305839429985491200,0.16666666666666666
1305847010405452544,0.68
1305897986926640896,1.0
1305983943241387520,0.0
1306344013109448448,0.0
1306345590295044864,0.0
1306350633058261504,0.4
1306399308161240832,0.5
1306401580390204416,0.2
1306403675285164800,0.3333333333333333
1306404557978473728,0.45454545454545453
1306417225249030912,0.25
1306441367505782784,0.68
1306459243377309184,0.0
1306466805012733952,0.4
1306472814418415104,0.75
1306483418929873408,0.6136363636363636
1306487756574354176,0.0
1306489379551064832,0.43333333333333335
1306549497150245888,0.725
1306565021102191360,0.7222222222222222
1306657019380514304,1.0
1306722299326896896,0.0
1306952680123280128,0.5681818181818182
1307060945653065984,0.8
1307072845899074048,0.56
1307088790199884288,0.5
1307112086304901888,0.7608695652173914
1307120324998780160,0.7954545454545454
1307136662428156928,0.6571428571428571
1307167005145779200,0.4444444444444444
1307167262065214720,0.42857142857142855
1307169252062620672,0.7058823529411765
1307194466157884928,1.0
1307211343762210816,0.36363636363636365
1307233057744152832,0.5714285714285714
1307239009772779520,0.2857142857142857
1307272002077445888,0.38461538461538464
1307280803824846080,0.0
1307293918565862144,0.5
1307296097761285376,0.5666666666666667
1307313422073774080,0.5789473684210527
1307325410771881472,0.3333333333333333
1307343446809397248,0.4375
1307354363485123328,0.25
1307377719602106112,1.0
1307399361682538240,0.7857142857142857
1307453269780773632,0.6666666666666666
1307747853567806208,0.7368421052631579
1307773297691471104,0.78
1307798489030446080,0.5
1307819919241863168,0.8888888888888888
1307820916785977088,1.0
1307822539605415424,0.4583333333333333
1307828306794203136,1.0
1307831040732189184,0.0
1307845333990255872,0.2
1307864883951530240,0.25
1307878669682064128,0.125
1307880001117682176,0.7142857142857143
1307910005177792000,0.42857142857142855
1307919925964682240,0.0
1307923157714307840,0.3333333333333333
1307938371916809216,0.4444444444444444
1307940460122018560,0.5625
1307955713495820288,0.7631578947368421
1307964033617730048,0.6078431372549019
1307965222836618240,0.5217391304347826
1307970638509495296,0.7272727272727273
1307978898994384640,0.5714285714285714
1307992970690137344,0.0
1307998916803808256,0.5238095238095238
1308017964711421696,0.7777777777777778
1308049247519911168,0.5
1308112562256965632,0.5384615384615384
1308442541803503872,0.5714285714285714
1308456244478463744,0.7659574468085106
1308486452995401472,0.75
1308534753530247936,0.0
1308559439280379648,1.0
1308563998141103872,0.7333333333333333
1308578840851742208,0.0
1308592135661825024,0.5
1308594262332023040,0.3333333333333333
1308599301987991040,0.16666666666666666
1308611938583856896,0.3235294117647059
1308620312970041856,0.0
1308648251438526208,0.8275862068965517
1308654418229711104,0.41975308641975306
1308654512869454336,0.5
1308655522657831680,0.5555555555555556
1308676429581604864,0.0
1308693738327618048,0.5176470588235295
1308696599596019456,0.25
1308726913784467712,0.48484848484848486
1308744089987796736,0.0
1308786579577394176,0.5555555555555556
1308798768260813056,0.8205128205128205
1308820687865904128,0.0
1308842223320791296,0.45161290322580644
1308861084601551872,0.4166666666666667
1309123430230455808,1.0
1309189019882307584,0.6666666666666666
1309200692873664256,0.6
1309214465609828608,0.5
1309230931456687104,0.39215686274509803
1309232200098118912,0.6585365853658537
1309241196059432704,0.7142857142857143
1309242937978944256,0.5
1309257630318669312,0.5714285714285714
1309271124542430720,0.8
1309284903794062336,0.5263157894736842
1309292261036376320,0.6486486486486487
1309301459797808128,0.5
1309313543243699200,1.0
1309346927856024832,0.0
1309359586500566784,0.16666666666666666
1309359624633693952,0.4444444444444444
1309369818800435712,0.6153846153846154
1309371127186824448,0.0
1309379194719796992,0.0
1309390423448312576,0.25
1309400246726877952,0.813953488372093
1309400301166377472,0.5454545454545454
1309407991878187776,0.48
1309415095325431552,0.6666666666666666
1309488714358833408,0.7083333333333334
1309491514301772800,0.5
1309514740427795712,0.14285714285714285
1309582725136636416,0.6363636363636364
1309944203446978560,0.6666666666666666
1309958072272520704,0.5714285714285714
1310006563678795776,0.75
1310007905040799488,0.25
1310017468686141440,0.42857142857142855
1310035606981069824,1.0
1310121726915414528,0.75
1310127734296488704,0.4
1310170885104306176,0.75
1310175359193986560,0.7
1310212239681541888,0.6666666666666666
1310319822522000128,0.6984126984126984
1310325297211031552,0.5
1310622111679735040,0.59375
1310661630018345216,0.3333333333333333
1310730642506414592,0.4444444444444444
1310733965074659840,1.0
1310743121019297536,0.0
1310781849536705024,1.0
1310782304772985088,0.7
1310789659116775936,0.5
1310798706245977856,0.3333333333333333
1310810570162839040,0.0
1310831594591671808,1.0
1310834279321801216,0.6666666666666666
1310839123836545280,1.0
1310858958184339712,0.0
1310887061659644672,0.7619047619047619
1310900801460286464,0.7
1310909028590107136,0.6666666666666666
1310933661625091328,0.3333333333333333
1310935179827811328,0.25
1310976764671363072,0.375
1311063066819582208,0.0
1311229959791173120,0.8333333333333334
1311417761725969408,0.0
1311453007194562560,0.6666666666666666
1311468590092571136,0.0
1311492070752964608,0.5555555555555556
1311520710167308544,0.7368421052631579
1311548589984257280,0.3
1311556860077580288,0.4
1311603218389757440,0.8125
1311609979430363392,0.3333333333333333
1311647986125970944,0.5
1311658710167434496,0.4918032786885246
1311667404487541504,0.16666666666666666
1311667606986374400,0.8484848484848485
1311678132100869888,0.14285714285714285
1311682238466811648,0.5294117647058824
1312125097297580800,0.5
1312271681679062784,0.6
1312301515959457792,0.45454545454545453
1312327432666988032,0.2
1312331872743674624,0.40625
1312335282186689024,0.6666666666666666
1312412767795133952,0.3333333333333333
1312420052055715328,1.0
1312555145069039872,0.3902439024390244
1312822263779061504,0.9354838709677419
1312824331673894400,0.0
1312825243593104384,0.23076923076923078
1312862863471488768,0.3333333333333333
1312865412005434112,0.8333333333333334
1312874054526510848,0.0
1312896602425401088,0.6875
1312915183043545344,1.0
1312917159689777920,0.1111111111111111
1312918347996754688,0.0
1312931396924351232,1.0
1312940589515489536,0.6666666666666666
1312947966978639872,0.3333333333333333
1312958189364768256,0.0
1312972462591699712,0.3939393939393939
1312976549926074112,0.6
1312981169886495232,0.0
1313002649009325312,1.0
1313038464292443392,0.5882352941176471
1313056583263603712,0.0
1313061041131552768,0.0
1313064209686866432,0.4838709677419355
1313068899277318400,0.5
1313070538831137280,0.0
1313072314525680640,1.0
1313074828054627328,0.0
1313079888634729728,0.2222222222222222
1313084070968038656,0.08333333333333333
1313107803092914688,0.0
1313119917495097088,0.8837209302325582
1313129900954929920,0.8333333333333334
1313170173701188608,0.7083333333333334
1313211835619648512,0.5714285714285714
1313253002920358400,0.0
1313520950866310656,0.46875
1313563629683383552,0.0
1313567042939220992,0.7708333333333334
1313573608008037376,0.5714285714285714
1313576032673580544,0.5
1313592656025703936,0.7777777777777778
1313609970117800448,0.5588235294117647
1313639431648604928,0.2
1313649213162923520,0.7575757575757576
1313679526063497728,0.5
1313695369921152512,0.38461538461538464
1313697725593381632,0.6
1313725849237960192,0.3333333333333333
1313741362751980800,0.0
1313749754871531776,0.5
1313758282305286400,0.0
1313761681640860672,0.0
1313767153806409216,1.0
1313781377735310848,0.7105263157894737
1313787947346791424,0.4375
1313794684824239104,0.3684210526315789
1313828037919229696,0.75
1313845479323264000,0.0
1313863079351529984,0.6
1313891552248358656,0.6923076923076923
1313936215720216320,0.9032258064516129
1313937951471492608,0.6
1314274225820945408,0.3333333333333333
1314317455482618368,0.3076923076923077
1314321677700796928,0.7142857142857143
1314333284219900928,1.0
1314390822915367680,0.3333333333333333
1314396180620587008,1.0
1314415095679081984,0.5714285714285714
1314432838520510208,0.75
1314442325512785664,1.0
1314447002707398656,0.7407407407407407
1314549053593529088,0.6129032258064516
1314552125302180864,0.6
1314574935652447232,0.3
1314605303410919424,0.6666666666666666
1314670550402569984,0.6071428571428571
1314678729777671680,0.45454545454545453
1314735641408733440,0.6666666666666666
1314741543723402240,0.0
1314995477963581184,0.7222222222222222
1314995586306915584,0.42857142857142855
1314999032652890880,0.6
1315002849566375168,0.0
1315018833880720128,0.5833333333333334
1315043373449014784,0.6818181818181818
1315092263511232768,0.5625
1315153174367527936,0.6206896551724138
1315156336597070080,0.0
1315161299815347456,0.5384615384615384
1315173236073791744,0.1
1315186489773927424,0.5333333333333333
1315219510089298176,0.3448275862068966
1315247161867079680,0.7142857142857143
1315254973518512640,0.375
1315265703711956736,0.4090909090909091
1315291232004846848,0.6086956521739131
1315302423882247168,0.5384615384615384
1315311687791523584,0.7586206896551724
1315448888459962624,0.4230769230769231
1315758062298621440,0.0
1315764177175337216,0.2857142857142857
1315768133986504192,0.2857142857142857
1315779400267772928,0.6666666666666666
1315780925235924480,0.5869565217391305
1315783410001562112,0.5952380952380952
1315783471274921728,0.5
1315847988827793408,0.5
1315864170540014848,0.38461538461538464
1315868824878837504,0.0
1315874383184971264,0.46153846153846156
1315884082241918464,0.3333333333333333
1315892669423348224,0.25
1315898915324397312,0.5
1315903476022826240,0.6666666666666666
1315904745451147520,0.16666666666666666
1315909968244155648,0.0
1315912818384828416,0.7692307692307693
1315923056728380416,0.5
1315927787021246720,0.3333333333333333
1315933506170939648,0.6666666666666666
1315938774295527936,0.2857142857142857
1315963538720504576,0.5116279069767442
1315975575190288128,0.0
1315987998495076096,1.0
1315994552031568384,0.625
1316015542312875776,0.5714285714285714
1316334768814518528,0.6976744186046512
1316422587225553408,0.8727272727272727
1316428037813210368,0.8125
1316450831273211648,0.7
1316452901188904704,0.7894736842105263
1316472993831967488,0.5
1316506443391692544,1.0
1316522431022943488,0.45
1316544134501011200,0.5882352941176471
1316553036753880320,0.0
1316565788619816448,0.5555555555555556
1316567890564078336,0.0
1316592783813294848,1.0
1316648706601871104,0.0
1316649921045942272,0.4642857142857143
1316656921594338304,0.3333333333333333
1316657370415885056,1.0
1316660019529543168,0.9
1316661234913677056,0.1875
1316663297141391104,0.0
1316675314958437632,0.5510204081632653
1316727153233588736,0.8214285714285714
1316771442662540288,0.5454545454545454
1316808936412922368,0.0
1316844623892131840,0.0
1316846850497291776,0.4444444444444444
1317122621510316032,0.5
1317132309052849408,0.5652173913043478
1317186309393749760,0.6521739130434783
1317221877737355264,0.0
1317245997709925888,0.2857142857142857
1317255087220748288,0.0
1317282791519172608,0.717948717948718
1317316827180546560,0.75
1317337329443674624,0.42857142857142855
1317370012929254400,0.76
1317370837574821120,0.375
1317401127533052160,0.7857142857142857
1317449565739374080,0.8947368421052632
1317464225816651008,1.0
1317491327610100480,0.15384615384615385
1317523203056905984,0.4
1317535470221881344,0.0
1317552277001191424,1.0
1317596541930362624,0.14285714285714285
1317665779904036864,0.75
1317866254208187904,0.5714285714285714
1317911559332703744,1.0
1317924591317594880,0.4
1317979465670942208,0.9230769230769231
1317980809578473728,0.0
1317989009004953088,0.7625
1317996262285706240,0.6666666666666666
1317997195172869888,1.0
1318000933014100480,1.0
1318024543091751424,0.4
1318057305554330112,0.5555555555555556
1318080595625589760,0.6428571428571429
1318109499792028672,0.0
1318128522320997376,0.5263157894736842
1318134303950015744,0.0
1318153292216477184,0.35714285714285715
1318156676379480576,0.75
1318190216271312128,0.75
1318250185144814080,0.875
1318263261458705920,0.5555555555555556
1318289202809865728,0.8571428571428571
1318553290373486592,0.46511627906976744
1318742622669368320,0.5
1318767461937837824,0.9333333333333333
1318803433643856896,0.5573770491803278
1318804220816299264,0.75
1318808974448031744,0.6551724137931034
1318881572720624896,0.4594594594594595
1318897006102547456,0.6923076923076923
1319015407304328704,0.35135135135135137
1319373677717020416,0.47058823529411764
1319393201559020544,0.25
1319404411227656960,0.5714285714285714
1319589300617406720,0.42857142857142855
1319610980063520768,0.6666666666666666
1319665975758446848,0.8285714285714286
1319716908231481856,0.6842105263157895
1320097771387015936,0.75
1320105290073652992,0.0
1320124766615224576,0.2
1320139402911792896,0.42857142857142855
1320150120108417280,0.4634146341463415
1320239236946626048,0.47368421052631576
1320278863386551040,0.3333333333333333
1320296780608567552,0.5319148936170213
1320302248856956672,0.3333333333333333
1320313756133795328,0.39285714285714285
1320359782332475904,0.627906976744186
1320414884405050112,0.7105263157894737
1320444862557698816,0.7380952380952381
1320460077822461696,0.8888888888888888
1320470792025168640,0.3333333333333333
1320473076023747072,0.75
1320493806772287744,0.7368421052631579
1320501723002671360,0.5172413793103449
1320836934620200960,0.42857142857142855
1320843856514041856,0.3333333333333333
1320850363201924096,0.6857142857142857
1320862239278884608,0.0
1320878586689979648,0.6666666666666666
1320879805169051136,0.9565217391304348
1320903516007671040,0.5
1320904426695515392,0.7111111111111111
1320956734358963712,0.7619047619047619
1320970658091119872,0.6363636363636364
1320979119645521152,0.2857142857142857
1320980625643965184,0.671875
1321001211519687168,0.4
1321010260220462848,0.18181818181818182
1321018435912706304,0.5128205128205128
1321021000063154432,1.0
1321023860339535872,0.7903225806451613
1321049864856952576,0.9285714285714286
1321056364857373184,0.48717948717948717
1321059223398604288,0.4090909090909091
1321064876490596864,0.36363636363636365
1321077071645744128,0.0
1321085413835487488,0.6190476190476191
1321085819488293888,0.7931034482758621
1321183525937144576,0.25
1321197873395687936,0.25
1321483588647612416,1.0
1321519245255685376,0.7272727272727273
1321543903400716288,0.42424242424242425
1321568941471639296,0.5625
1321572296765671168,0.0
1321581475053654528,0.5714285714285714
1321668236446988032,0.47368421052631576
1321689986649705472,1.0
1321719249449817856,0.5882352941176471
1321721821340738816,1.0
1321725656309135104,0.44
1321737905238683392,0.38095238095238093
1321746484634532608,0.5
1321778705821398528,0.5666666666666667
1321784925175336192,0.6233766233766234
1321801374838380800,0.8333333333333334
1321843118874990336,0.6857142857142857
1321932006932078592,0.0
1321969922463532288,0.7878787878787878
1322306716254823424,0.28
1322391600618039040,0.5102040816326531
1322405653867927808,0.5483870967741935
1322422954758021888,0.3888888888888889
1322427420850912512,0.5833333333333334
1322459627368130048,0.631578947368421
1322482201564017152,0.4666666666666667
1322483198548457728,0.3235294117647059
1322490225539854592,0.4444444444444444
1322507252062996224,0.0
1322508177643907840,0.44
1322547542832531968,0.6153846153846154
1322555599232543488,0.5
1322592211853414144,0.5208333333333334
1322605548601461760,0.4
1322605889979147264,0.72
1322611235390317056,0.6296296296296297
1322629075412050176,0.3333333333333333
1322631340358722048,0.3333333333333333
1322635682973120256,0.39473684210526316
1322637001510940672,0.4166666666666667
1322638121435183360,0.42857142857142855
1322638876250100736,0.43243243243243246
1322639740527648768,0.4
1322640685574800128,0.38095238095238093
1322654881155923200,1.0
1322660922419030016,0.3
1322676471289400832,0.5
1322710417868385792,0.0
1322772731229944064,0.0
1322867441293918720,1.0
1322978422954573568,0.4
1322995222241678080,0.6666666666666666
1323000454940192000,0.4666666666666667
1323030003245260032,0.4444444444444444
1323034840033457920,0.3333333333333333
1323055648096920832,0.7368421052631579
1323060044345454592,1.0
1323060424805542144,0.4375
1323061109131587584,0.42857142857142855
1323080992769158144,0.5384615384615384
1323226839967867904,1.0
1323237029865940224,0.25
1323239449295578112,0.5652173913043478
1323241622006582528,0.2727272727272727
1323246776986787584,0.5
1323349671799373568,0.32786885245901637
1323808746887386368,0.5
1323838474204235520,0.25
1323845530299976960,0.38461538461538464
1323859302841328640,0.7037037037037037
1323979323245859840,0.5
1324484373352890880,0.0
1324566761086501632,0.5
1324603500946378496,0.711864406779661
1324609131519412480,0.3333333333333333
1324641774254572544,0.25
1324648794949952000,0.3333333333333333
1324674297553278208,0.2558139534883721
1324702254428122368,0.46153846153846156
1324702552933711616,0.5
1324709908020862976,0.0
1324713736551276544,0.6
1324741210324608000,0.9090909090909091
1324741494619975168,1.0
1324765176333887744,1.0
1324830351521344768,0.4489795918367347
1324831715276301312,0.5
1325075562324734464,1.0
1325138859066536192,0.6363636363636364
1325168500492803072,0.42857142857142855
1325186270923113984,0.7391304347826086
1325194220426425088,0.25
1325276492139741184,0.5
1325371287007364864,0.75
1325382604145802240,0.6388888888888888
1325430174186080256,0.391304347826087
1325442060247355392,0.7222222222222222
1325483601480754432,1.0
1325513667162862848,0.5833333333333334
1325556305936157184,0.0
1325846405001169920,0.391304347826087
1325898386266288896,0.5555555555555556
1325926672139314176,0.75
1325962883363651328,0.0
1326015880538078208,0.5833333333333334
1326024519215810304,0.5
1326043530649141760,0.8372093023255814
1326048358558854912,0.32653061224489793
1326069426386970624,0.0
1326080033143423488,0.2857142857142857
1326086845565851648,0.0
1326092234263271936,0.75
1326112143392691712,0.7714285714285715
1326119760441431808,0.5555555555555556
1326146728979237120,1.0
1326150292770006528,0.75
1326185127202687232,0.0
1326237934684138496,0.7916666666666666
1326300504022951168,0.5333333333333333
1326393639840257024,0.8571428571428571
1326500423626099712,0.0
1326514176248943872,0.5
1326647847245782272,0.5714285714285714
1326659612127956480,0.43333333333333335
1326733023019676928,0.3333333333333333
1326735501177361152,0.6153846153846154
1326739013529116672,0.46153846153846156
1326822982806395392,0.6296296296296297
1326826876455751168,0.5
1326862113505051136,0.5
1326872404154664192,0.9166666666666666
1326903290508563968,0.7058823529411765
1326991618144882176,0.6538461538461539
1327000208726923264,0.5333333333333333
1327041070793113600,1.0
1327309400259441408,0.0
1327326219341389312,0.52
1327386458721259008,0.5660377358490566
1327422064780026112,0.6071428571428571
1327475368305880320,0.5666666666666667
1327527092034949888,0.35135135135135137
1327540507144055808,0.5
1327541318021059328,0.6857142857142857
1327550031627629056,0.4
1327632227761083904,0.5675675675675675
1327646947545429504,0.6875
1327697109649694976,0.42857142857142855
1328069831870235392,0.6363636363636364
1328106877604433408,0.7894736842105263
1328167133546122752,0.5172413793103449
1328173071673432320,0.0
1328227265688948992,0.0
1328228957176521472,0.6428571428571429
1328236295549282560,0.5645161290322581
1328241806425377792,0.0
1328281241456089344,0.5344827586206896
1328283500177802752,0.0
1328307105671212032,1.0
1328315240429974272,1.0
1328348215531871232,0.75
1328357850706466048,0.64
1328384421536174080,0.2857142857142857
1328419311727368704,0.7692307692307693
1328433770188448000,0.0
1328457519361572864,0.14285714285714285
1328817687625795840,0.5
1328823487455750400,0.3333333333333333
1328836481692309248,0.75
1328867076829445888,0.7391304347826086
1328875208030203392,0.5882352941176471
1328881583856055552,0.42857142857142855
1328881690758511872,0.4666666666666667
1328899815843753216,0.5555555555555556
1328900664061830400,0.5
1328918522373980928,0.75
1328930111343683328,0.6666666666666666
1328947473670892288,0.48148148148148145
1328954518543412480,0.5483870967741935
1328958685984376576,0.5121951219512195
1328960298628737536,0.0
1329017399513620480,0.8627450980392157
1329070209597372416,0.5964912280701754
1329075507344406272,0.75
1329081613655534080,0.3333333333333333
1329140415219693056,0.48484848484848486
1329149392087144448,0.4782608695652174
1329400812214192640,0.5
1329457055748141824,0.6363636363636364
1329509738972845056,0.6111111111111112
1329535052537584896,0.6521739130434783
1329536301349838080,0.25
1329540974839255808,0.34782608695652173
1329564436089826048,0.5769230769230769
1329564855584868352,0.6
1329584350106521856,0.4807692307692308
1329611309827354112,0.8787878787878788
1329613339471416576,0.1
1329623511345706240,0.8064516129032258
1329633654091439360,0.5
1329639542472556544,0.5714285714285714
1329651491011877632,0.5
1329661011262954496,0.43243243243243246
1329664599345478912,0.7352941176470589
1329676478151267328,0.5
1329679316120059648,0.6774193548387096
1329695362871460608,0.5789473684210527
1329705492821564672,0.6666666666666666
1329746676361048064,0.3333333333333333
1329746793791344384,0.3333333333333333
1329761946121575936,1.0
1329769703485444352,0.7777777777777778
1329820486000435200,0.0
1329824116135462144,0.7307692307692307
1329999569589470976,0.375
1330138372741109504,0.3333333333333333
1330203620060944640,0.3333333333333333
1330225970322992640,0.5384615384615384
1330238824900918272,0.32
1330275791641110528,0.42857142857142855
1330294580982620672,0.0
1330322245157719040,0.43478260869565216
1330323912947094272,0.5
1330325873555956736,0.6666666666666666
1330341646192592896,0.5909090909090909
1330385827435680000,1.0
1330394455738634496,0.8181818181818182
1330397824460940032,0.0
1330414836999430144,1.0
1330421091922547968,0.75
1330421480847999488,0.0
1330423796638979328,1.0
1330428812657810688,0.0
1330451234693737728,0.6
1330467664793032192,0.7894736842105263
1330477294344321536,0.7441860465116279
1330547729307990272,0.2
1330553093781169664,0.44
1330576541796326656,1.0
1330595943487974400,0.0
1330937421750085888,0.5
1330970864718550272,0.0
1330979603962657536,0.2
1330985798277626880,1.0
1331036619600316672,1.0
1331042321101867264,0.5
1331087815667314688,0.3333333333333333
1331090419263696128,0.75
1331093160957810944,0.6363636363636364
1331123592269882624,0.52
1331165456948235520,0.0
1331198188436570880,0.875
1331205263658660864,0.5625
1331209710942759680,0.07142857142857142
1331216627130372096,0.2777777777777778
1331648298206305792,0.3125
1331663836528355840,0.8571428571428571
1331702149532132096,0.3333333333333333
1331705466804928512,0.5
1331778578973558528,0.375
1331826837201476864,0.8
1331871956722198784,0.45454545454545453
1331873575280959488,0.5714285714285714
1331895900033176832,0.0
1331899743151458048,0.35294117647058826
1331931148661234944,0.5
1331938856680138752,0.4444444444444444
1331942405587319040,0.6153846153846154
1331996513504084480,0.4444444444444444
1332150095815327744,0.0
1332156205240271872,0.0
1332347848832388864,0.6896551724137931
1332416442911158016,0.5
1332428203335921664,0.8
1332450691401224448,0.0
1332463688033717248,0.5185185185185185
1332496622091221248,0.5454545454545454
1332544630440002304,1.0
1332545125661259008,0.2222222222222222
1332559440247156224,0.25
1332568991372637696,0.8809523809523809
1332584235144224256,0.5348837209302325
1332608613789037056,1.0
1332648024002808064,0.36363636363636365
1332670025319921664,0.5714285714285714
1332673958580960000,0.6428571428571429
1332678362439421952,0.696969696969697
1332703966551412736,0.6415094339622641
1332740740429830656,1.0
1332748079604763904,0.5681818181818182
1332753655088194816,0.6
1332764623449279488,0.4117647058823529
1332785424798729216,0.375
1333128384452144384,0.6176470588235294
1333131487647169536,0.375
1333165943137686528,1.0
1333188505312419840,0.640625
1333201359513951488,0.7777777777777778
1333202066644832768,0.390625
1333225928454430208,0.5
1333236468256436736,0.25
1333258311607934720,0.6857142857142857
1333259646609316352,0.0
1333263023906924032,0.36666666666666664
1333293505149543424,0.5714285714285714
1333308754864809472,0.5357142857142857
1333327658795364608,0.6
1333329482097969408,0.0
1333338782665648640,0.5
1333387345479366400,1.0
1333407123271442944,0.4666666666666667
1333419807599039232,0.0
1333426576795033088,0.3333333333333333
1333440702829411072,0.5
1333529952842011904,1.0
1333860291388956160,0.16666666666666666
1333871469121445888,0.631578947368421
1333895797100109056,0.3333333333333333
1333907361076949248,0.3076923076923077
1333924214008038656,0.45454545454545453
1333943770814451968,0.5471698113207547
1333944879318000896,0.7777777777777778
1333948177550772224,0.5
1333958470318585088,0.0
1333972557980620544,0.41304347826086957
1333983451624871168,0.6153846153846154
1333988660808931072,0.5
1334010244295939584,0.5
1334017402355468288,0.0
1334018667978319360,0.7777777777777778
1334024716741282304,1.0
1334028371059568384,0.6666666666666666
1334033492373305856,1.0
1334058763372132864,0.4090909090909091
1334061404111193088,0.7
1334072717817536512,1.0
1334109591561199872,0.0
1334113400711909632,0.4411764705882353
1334120692470201600,0.75
1334184876072311296,0.4827586206896552
1334195649770051584,0.0
1334198343119833856,0.5555555555555556
1334203056482147840,0.5
1334608782274449920,0.5476190476190477
1334610512717940992,0.6666666666666666
1334625111920244480,0.8333333333333334
1334626247641046784,0.45714285714285713
1334631586775511296,0.5
1334633498308434944,1.0
1334634083125984512,0.7272727272727273
1334640696292448000,0.0
1334671694100551680,0.4166666666666667
1334675320785239296,0.6041666666666666
1334709144966124032,0.35714285714285715
1334717116318595584,0.6333333333333333
1334723913174283264,0.6666666666666666
1334763380341381376,0.0
1334777387003006208,0.2727272727272727
1334800773533345536,0.0
1334809235375827200,0.48
1334906991680075008,1.0
1334932751903033600,0.2777777777777778
1334974363854713344,1.0
1335207319873980928,0.6666666666666666
1335281840487247872,0.0
1335286758480197120,0.0
1335292387851091968,0.25
1335305828876702720,0.5555555555555556
1335315892829816832,0.0
1335334546717508096,0.5897435897435898
1335385146484100096,0.7192982456140351
1335392523450374144,0.782608695652174
1335398191383026176,0.3333333333333333
1335400473211420160,0.6
1335449780981169152,1.0
1335451699866138368,0.5333333333333333
1335478825730143488,0.5
1335496231704169728,0.47058823529411764
1335506766473313024,0.75
1335514938521050112,0.6944444444444444
1335518159111892224,0.8214285714285714
1335518526513281280,0.0
1335522917125189376,0.6
1335536147538425344,0.18181818181818182
1335547038193856256,0.3333333333333333
1335584805770037760,0.45
1335591815810831872,0.4166666666666667
1335595236807789824,0.0
1335609406367878400,0.7666666666666667
1335631702314863872,0.6666666666666666
1335714521204094464,0.5
1335723023571141888,0.6666666666666666
1336010363715695360,0.5
1336019852433530624,0.5833333333333334
1336026459858157568,0.6923076923076923
1336048252338366720,0.5
1336060343300970496,1.0
1336062318339795200,0.8536585365853658
1336063712494231296,0.6666666666666666
1336095355962546944,0.4782608695652174
1336148396269780992,1.0
1336181119277941760,0.09090909090909091
1336183218108421120,0.3333333333333333
1336192369870944256,0.9090909090909091
1336229186254132480,0.5
1336271429221501696,0.75
1336301775839558656,0.5454545454545454
1336582920323126784,0.6
1336700120357345024,0.6666666666666666
1336809754011290112,0.7777777777777778
1336835878981086464,0.7368421052631579
1336886580328500224,0.4772727272727273
1336898119080007936,0.0
1336898682224395008,0.8285714285714286
1336900977930164480,0.8333333333333334
1336909031120361472,0.5
1336920758478578944,0.5176470588235295
1336954974652640768,0.375
1337030418092313344,0.3333333333333333
1337030893031534336,0.8260869565217391
1337056701670664192,0.38461538461538464
1337169661561147392,0.7272727272727273
1337181103035345152,0.6
1337487594841967360,0.0
1337533386127601152,0.6153846153846154
1337545390649394944,0.39285714285714285
1337660857358510336,0.2
1337684773411535872,0.8260869565217391
1337685506053078784,0.6222222222222222
1337687214499563008,0.4146341463414634
1337738778520728320,1.0
1337755247188931840,0.21052631578947367
1337873218588413696,0.375
1338153895736128000,0.5526315789473685
1338192130083630848,0.6666666666666666
1338196830214626304,0.35294117647058826
1338238417092142080,0.41509433962264153
1338244216238465280,0.6363636363636364
1338280767739544320,0.75
1338290716049708032,0.5526315789473685
1338296788200241152,0.25
1338331810662800640,0.0
1338340364628061440,0.4444444444444444
1338355824422732288,0.5
1338370450446490624,0.6666666666666666
1338374865652933888,0.3333333333333333
1338420866977378816,0.6666666666666666
1338422352901400832,0.5588235294117647
1338424890742129408,0.25925925925925924
1338439644428850432,0.5555555555555556
1338446549656152832,0.0
1338458867886408192,1.0
1338466785693460992,0.6
1338497508136104704,0.6842105263157895
1338510801361225984,0.1111111111111111
1338512327049672704,0.0
1338911206064178688,0.8536585365853658
1338920092464534784,0.8
1338928335212006144,0.25
1338970019157799168,0.6363636363636364
1339002451162689792,0.5
1339016551053967616,0.5
1339029844335701248,0.9333333333333333
1339050548333975040,0.75
1339052203570712832,0.25
1339052224267785728,0.375
1339056044637624320,0.25
1339093410723615232,0.5714285714285714
1339095913631330304,0.5882352941176471
1339142057491478272,0.625
1339152249143573248,0.0
1339156555705308672,0.375
1339182248725011712,0.5625
1339297893050137856,0.4
1339305843957730304,0.23529411764705882
1339370944525993984,0.07692307692307693
1339642210712667904,1.0
1339671294855685632,0.5
1339681153162096128,0.16666666666666666
1339713507425023232,0.375
1339727346008020992,0.25
1339797954464854272,0.0
1339839844326502400,0.7368421052631579
1339874895314770432,1.0
1339879214358736384,0.375
1339904580968517120,0.6521739130434783
1339912511750758144,0.5
1339915126825883904,1.0
1339921138255559936,0.25
1339995035408462080,0.4827586206896552
1340006057809633792,0.5
1340029637826632192,0.32
1340035295903696128,0.0
1340353420698951680,0.5
1340372611983234304,0.5454545454545454
1340417525765302528,1.0
1340506890579650048,0.375
1340521567989588736,0.5932203389830508
1340532193936183552,0.5384615384615384
1340573938032308480,0.35
1340574145015192832,0.6666666666666666
1340597291877203968,0.625
1340631119642707712,0.6
1340680861111765760,0.45454545454545453
1340682993736120576,0.5
1340696301891214592,0.36666666666666664
1340700549584567808,0.6896551724137931
1340719750745569536,0.4444444444444444
1340751574066841088,0.3333333333333333
1341102126030502912,0.5
1341144641778935808,0.7428571428571429
1341213318420803072,0.4
1341228533682764288,0.25
1341228964663301632,0.9193548387096774
1341258178316261888,0.4
1341280605924841728,0.5555555555555556
1341307640636720640,0.3333333333333333
1341312720051250432,0.5
1341320136143542016,0.47619047619047616
1341324014660578560,0.0
1341328111250872320,1.0
1341330152055091712,0.5384615384615384
1341347453184200448,0.5
1341353690656744704,0.36
1341354760728911104,1.0
1341357626769636096,0.3333333333333333
1341445610257884672,1.0
1341451388343675392,0.14285714285714285
1341457561433754624,0.2
1341832991100561920,0.717948717948718
1341839994171502080,0.5
1341896170919672320,0.5
1342011605202920192,1.0
1342065875228758784,0.25
1342066022165408512,0.2962962962962963
1342261098198022912,1.0
1342572504414853376,0.36363636363636365
1342591642756769280,1.0
1342628290082490112,0.3333333333333333
1342637623794974976,0.6521739130434783
1342654549274847744,0.5
1342692942011285504,0.6
1342757712434662144,0.37037037037037035
1342769463529383936,0.0
1342789937571375104,0.4
1342795428679169280,0.35714285714285715
1342810959637642752,0.0
1342821963612578304,1.0
1342858654176572928,0.47368421052631576
1342888460841148672,0.25
1342895219244456704,0.5573770491803278
1342956809025135616,0.4
1343307862817452288,0.38461538461538464
1343312322195973376,0.3870967741935484
1343334058637444864,0.5
1343337354694342656,0.0
1343338557108681472,0.8695652173913043
1343340900847503104,0.16666666666666666
1343355542784579072,0.5
1343379376856311296,0.5666666666666667
1343379609532361472,0.0
1343427557205881856,0.0
1343433908323246080,0.0
1343434215917780736,0.7
1343437399540727808,0.35294117647058826
1343437573411589376,0.42857142857142855
1343559064924556288,0.5833333333333334
1343577934974170368,0.3333333333333333
1343597788122077184,0.8
1343633797757333504,0.8064516129032258
1343634982865701120,0.7647058823529411
1343640768712392192,0.3333333333333333
1343659380437319424,0.46875
1343666181351121664,0.44
1343703610742415872,0.5652173913043478
1343972927464340736,0.5833333333333334
1343992206988956928,0.21428571428571427
1344007670716094464,0.5
1344012595828436736,1.0
1344018231325003264,0.0
1344024671254944768,0.4189189189189189
1344028573106493440,0.45161290322580644
1344054901688636160,0.7586206896551724
1344064024667976960,0.48
1344076354573474048,0.64
1344103632272305408,0.7272727272727273
1344121716205088000,0.8
1344134353451707904,0.6666666666666666
1344169246361126912,0.0
1344179118891689984,0.5333333333333333
1344189218662159360,0.0
1344200249742050304,0.2222222222222222
1344235914738895616,0.2857142857142857
1344257760753332992,0.0
1344321899571772672,0.5
1344366651686897664,0.39344262295081966
1344368170397560320,0.6896551724137931
1344376403181811968,0.8
1344427912496777728,0.7
1344749596624200448,0.5
1344755123751219968,1.0
1344786946378208256,0.5217391304347826
1344862552301992704,0.3939393939393939
1344875622780816896,0.0
1344899592355787520,0.5714285714285714
1344909402057514240,0.2
1344918541419103232,1.0
1344930377500105216,0.14285714285714285
1344935231331662336,0.6
1344937284854374144,0.47058823529411764
1344955640481264384,0.7659574468085106
1344965893702133760,0.6666666666666666
1344966028676690944,0.18181818181818182
1344982670837153280,0.0
1344988531476388096,0.6071428571428571
1345016826146678272,0.0
1345025984913730560,0.0
1345039237055834880,0.6
1345097614208537088,0.28
1345123522749105408,0.55
1345169836249077760,1.0
1345431734024769536,1.0
1345434919686680064,0.0
1345438943646385152,0.4444444444444444
1345444509951687680,0.4
1345468721407157248,1.0
1345484387537784576,0.3076923076923077
1345497525742720000,1.0
1345516872119054848,0.6530612244897959
1345521067644743168,0.4444444444444444
1345523115617900544,0.8333333333333334
1345530995707045376,0.0
1345535974356493056,0.5714285714285714
1345619222602766592,0.6923076923076923
1345626668047775744,0.7166666666666667
1345639765179846656,0.7142857142857143
1345663770530910976,0.0
1345688975687043328,0.5362318840579711
1345689684929351424,0.56
1345696929800358912,0.75
1345708722595037952,1.0
1345727432484583680,0.5
1345750841223819264,1.0
1345838438093658112,0.5
1345845940498902528,0.5
1346195972607948544,0.8857142857142857
1346200045990029056,0.675
1346201907962835200,0.6
1346225810093766656,0.5416666666666666
1346239245873245440,0.7096774193548387
1346311576092093440,0.6875
1346368736203181056,1.0
1346378076918793984,0.5
1346386557530498304,0.6
1346391030406006016,0.7777777777777778
1346469721432145664,0.5
1346639352115979776,0.8181818181818182
1346907412166686720,0.5238095238095238
1346919101625365248,0.42857142857142855
1346924467253190656,0.45454545454545453
1346966032894882304,0.6111111111111112
1346994343417600256,0.0
1347080683335643392,0.5384615384615384
1347094584191011584,0.0
1347117793975318528,0.5806451612903226
1347174160417924352,0.4418604651162791
1347184755199488000,0.6
1347494971004803584,0.6
1347626633106698496,0.5
1347699035109035776,0.45454545454545453
1347706593677208064,0.2727272727272727
1347715689630565120,0.625
1347743705071075840,0.45652173913043476
1347801841506990848,0.6086956521739131
1347818753608129536,0.07692307692307693
1347851081680667392,0.47058823529411764
1347864351400005120,0.4444444444444444
1347877053736465152,1.0
1347888712871907072,0.5714285714285714
1347910259701301248,1.0
1347943680974591744,0.4411764705882353
1348032494059892224,0.5
1348082953901035264,0.7
1348359364763742976,0.4
1348401543407998976,1.0
1348407188774628608,0.7037037037037037
1348419783424904192,0.25
1348425701379730944,0.5454545454545454
1348431552890585088,0.6
1348450947070527744,0.5
1348465161837570816,0.6666666666666666
1348485348077698048,0.16666666666666666
1348489385260242432,0.7894736842105263
1348524323582805248,0.6
1348560283453786368,0.8888888888888888
1348561933975370496,0.5714285714285714
1348562547998944768,0.5
1348587356212113920,0.9090909090909091
1348591922985087232,0.6530612244897959
1348600564104189440,0.7741935483870968
1348603133597041152,0.3076923076923077
1348614292192275712,1.0
1348668318308232960,0.6190476190476191
1348714852976251904,0.5
1349067980329478400,1.0
1349088033054201856,1.0
1349094728208113152,1.0
1349102244393106432,0.8536585365853658
1349106374197735680,0.3333333333333333
1349143081213317888,0.0
1349144408534313216,0.0
1349150367003180032,0.6666666666666666
1349172469197820160,0.56
1349193798676971008,1.0
1349194823897675264,0.0
1349233496821644800,0.3333333333333333
1349234429266025472,0.7954545454545454
1349234721332873984,0.5
1349281873871012352,0.5
1349289348643619840,0.5
1349300329997737472,0.5714285714285714
1349301873930929920,0.5714285714285714
1349349381822786304,0.6666666666666666
1349359255562712576,0.4
1349384903484449536,0.5625
1349408973352343040,0.0
1349429829875681024,0.25
1349699783575325440,0.6666666666666666
1349807721870436352,0.5
1349808850811648256,0.64
1349823652154838528,0.5714285714285714
1349864421868623104,0.625
1349869728438855936,0.0
1349882693381579776,0.6666666666666666
1349943289066434816,0.4888888888888889
1349956227075287040,0.6190476190476191
1349969820340192768,0.21428571428571427
1349975621703514880,0.3888888888888889
1349982788023739648,0.6521739130434783
1349992920138546432,0.75
1349993088088896000,0.7804878048780488
1349996675946553856,0.6896551724137931
1350025770371098880,0.7391304347826086
1350040909955606528,0.7
1350047135438503936,0.6666666666666666
1350087559255334400,0.0
1350093061765822720,0.72
1350128351108687616,1.0
1350166912577474304,0.5714285714285714
1350187084172726272,0.65625
1350192940010930432,0.40625
1350483699158644992,0.47058823529411764
1350541372418466560,0.5833333333333334
1350555354405966848,0.35294117647058826
1350565362587130880,0.7
1350572997524864512,0.6666666666666666
1350586773412529920,1.0
1350623449733347840,1.0
1350656503305399552,0.5
1350662075903354368,0.5681818181818182
1350669084304454400,0.5681818181818182
1350672101816326912,0.5
1350674120344789248,0.5675675675675675
1350677451258341376,0.5263157894736842
1350690795190289664,0.8333333333333334
1350732644188650240,0.5510204081632653
1350752551297762304,0.5
1350775328872665600,0.42857142857142855
1350775676896259328,0.375
1350852175103659520,0.36363636363636365
1350891939813260288,0.6666666666666666
1350893147926863360,0.5892857142857143
1350900135369339904,0.45454545454545453
1350904367953430272,0.5
1350905062525149696,0.6206896551724138
1351215310991892224,0.6666666666666666
1351218215515707136,0.4
1351223180064429312,0.42857142857142855
1351227279653800704,0.5434782608695652
1351252236225781504,1.0
1351276937837196288,0.3333333333333333
1351282589245062656,0.3333333333333333
1351287350283298816,0.16666666666666666
1351296860018676992,0.5555555555555556
1351361957787821568,0.6
1351444800060891904,1.0
1351446177446126080,0.5
1351457373568085248,0.6
1351505367254882304,0.3111111111111111
1351521953351913216,0.5925925925925926
1351594561902893824,0.43478260869565216
1351627019748062720,0.0
1351752573919584000,0.4117647058823529
1351948332341469440,0.6666666666666666
1351972863953912320,1.0
1351992752761027328,0.4583333333333333
1351996453918344704,0.64
1351996763788169216,0.2222222222222222
1352022948111878400,0.8571428571428571
1352026707774582272,0.5172413793103449
1352033949005084672,0.23529411764705882
1352152081088711424,0.0
1352166747792731392,0.4444444444444444
1352169727296548864,0.5
1352185513553063936,0.46153846153846156
1352231251752718848,0.5357142857142857
1352238050952434688,0.7567567567567568
1352240366868594176,0.5
1352267382562889984,0.3333333333333333
1352668177083015424,0.625
1352721095368955904,0.6666666666666666
1352734588475123200,1.0
1352806222668341504,0.25
1352825070681541632,0.3333333333333333
1352839930100513536,0.5
1352870374838011392,1.0
1352878983177228032,0.3333333333333333
1352892570810455808,0.6129032258064516
1352906566455194624,0.5238095238095238
1352937734495921664,0.75
1352958821997370368,0.3333333333333333
1352990333567473920,0.4
1353005706943694592,0.9
1353116216870257408,0.5
1353435560314597120,0.6964285714285714
1353456247062602752,0.5
1353490889855186432,0.0
1353506504536673792,0.75
1353507339550935296,0.7241379310344828
1353515320929413376,0.8484848484848485
1353534991530856704,0.7021276595744681
1353577821299972352,0.5
1353580235868465664,0.68
1353591514918366464,0.6190476190476191
1353613556444793856,0.0
1353615304815017984,0.6363636363636364
1353647703428490240,0.5
1353654147833843456,0.5
1353660429743360256,0.26666666666666666
1353673811838304256,0.5
1353714816082402304,0.0
1353717616862814208,0.5
1353735145474539008,0.6176470588235294
1353754267602317312,0.0
1353761853202608640,0.7142857142857143
1353784256447432448,0.375
1353785917373562112,0.6
1353796353804114432,0.8333333333333334
1354121454969833216,0.0
1354125289325669888,0.6857142857142857
1354137298983694336,0.6363636363636364
1354193583584129792,0.3333333333333333
1354223657048073984,0.5
1354245774279154688,0.5384615384615384
1354309751578133504,0.6666666666666666
1354328721569828352,0.5
1354329147095767808,0.3333333333333333
1354343009029671936,0.6666666666666666
1354406867661241344,0.6153846153846154
1354417134332782080,0.5
1354446341317513472,0.42857142857142855
1354567167763838208,1.0
1354857812168246272,0.5357142857142857
1354861651067192576,0.54
1354879711796345088,0.5
1354891310496024320,0.0
1354930393469154560,0.7333333333333333
1354969952683182848,0.5555555555555556
1354971230573997312,0.6595744680851063
1354975356193753600,0.25
1355004609939815424,0.8
1355043038164237312,0.0
1355046565030825216,0.88
1355116290461971712,1.0
1355120380282023680,0.55
1355121357756477696,0.0
1355123839143212800,0.6865671641791045
1355137883431382784,0.5106382978723404
1355185890621068032,1.0
1355190731668306176,0.25
1355242686540360960,0.3235294117647059
1355244757532147968,0.7058823529411765
1355271566298445312,0.75
1355292566730337024,0.2727272727272727
1355596543667360256,0.375
1355620581509325568,0.675
1355645639644240640,0.5
1355677700005151488,0.7878787878787878
1355684356635215616,1.0
1355696242802798592,0.5
1355705730256299520,0.5
1355718371071427840,0.5333333333333333
1355737472916582656,0.8666666666666667
1355743754091739392,0.23333333333333334
1355766299984243200,0.6551724137931034
1355769725226351104,0.5625
1355774893268802560,0.5
1355785889615981312,0.6470588235294118
1355828784961461760,0.7380952380952381
1355833086937688576,0.5
1355867335502855680,0.0
1355868634156071936,0.9523809523809523
1355897652940800768,1.0
1355945168656581120,0.35714285714285715
1356321264822446592,0.45454545454545453
1356324114372910336,0.0
1356341061663554560,0.5
1356355944833117440,0.8333333333333334
1356377244603358464,1.0
1356384188716518912,0.3333333333333333
1356384765617061376,0.6571428571428571
1356393351798268160,0.5714285714285714
1356434542177731584,0.5333333333333333
1356454623429183488,0.4
1356465621804840448,0.0
1356472842147951360,0.6323529411764706
1356497713462165504,0.46808510638297873
1356508152724912896,0.38461538461538464
1356522398753485824,1.0
1356530083006279424,0.7413793103448276
1356543267070460416,0.2571428571428571
1356546261760048640,0.625
1356559232408323584,1.0
1356564385877893376,0.3333333333333333
1356567099295940608,0.5714285714285714
1356583421912597760,0.711864406779661
1356587616773513472,0.6666666666666666
1356652497781594880,0.8387096774193549
1356687473962896640,0.6617647058823529
1356714821224258816,0.7272727272727273
1356726426049840128,1.0
1356749141398984448,0.5384615384615384
1357068082654669312,0.5294117647058824
1357153897299667200,1.0
1357159035908534528,0.32
1357162055762050816,0.4375
1357163706853772288,0.6153846153846154
1357166018828328192,1.0
1357185443218517504,0.3333333333333333
1357189849358852864,0.3333333333333333
1357199961533944320,0.3684210526315789
1357202000195087360,0.7857142857142857
1357202939020615424,0.7777777777777778
1357212883727551488,1.0
1357233431599964928,0.3333333333333333
1357264013906914816,0.45454545454545453
1357306727066861056,1.0
1357308359943219456,0.6
1357328853305777920,0.5
1357332187345491712,1.0
1357344002178326016,0.6190476190476191
1357419967188049408,0.5
1357445512478804480,0.40625
1357795780756910336,0.6
1357825102073225472,0.5
1357837449632810240,0.8125
1357845258360367872,0.3333333333333333
1357853607366489344,0.5
1357872287192236032,0.7222222222222222
1357942080421213952,0.4666666666666667
1357945810691296512,0.6774193548387096
1357992514186515712,0.68
1358005275963663360,1.0
1358009347457482240,0.8333333333333334
1358021314009820672,0.5
1358037404620099584,0.65
1358038225562729984,0.0
1358059051660780032,0.6666666666666666
1358070239437498112,0.0
1358082714029516544,0.6666666666666666
1358092183675187456,0.0
1358126439706064128,0.7777777777777778
1358529968990555904,0.7
1358543109710115840,0.5
1358543821962469632,0.39473684210526316
1358552722216955648,0.42857142857142855
1358579214298950400,0.18181818181818182
1358609062413788160,0.6666666666666666
1358611768349708800,0.6666666666666666
1358626790807283712,0.0
1358633441478625280,0.3076923076923077
1358649299489492736,0.45454545454545453
1358660114410446080,0.5714285714285714
1358679397216162304,0.45454545454545453
1358693708837246464,0.6153846153846154
1358704228211161088,0.5
1358733595005693440,0.75
1358749972518967040,0.8888888888888888
1358776590845303808,0.0
1358809718739260928,0.8888888888888888
1358820087911855872,0.3333333333333333
1358877346885380096,0.6
1358893130010777600,0.5
1359229132985004800,0.25
1359264185032956160,0.5714285714285714
1359274303588053504,0.0
1359283519153798656,0.3125
1359338032227270656,0.55
1359351862717838848,0.5
1359356801578920448,0.575
1359367359337886720,0.3333333333333333
1359413259532926208,0.44
1359430947214990336,0.4444444444444444
1359438882545787136,0.0
1359446743166562304,0.7272727272727273
1359447661228555776,0.3333333333333333
1359459642080110848,0.54
1359464478550396160,0.19047619047619047
1359474428700240384,0.6842105263157895
1359488268141697536,0.25
1359492420678231552,0.6666666666666666
1359509239319740928,0.5384615384615384
1359519523467266048,0.5333333333333333
1359550753308065024,0.5
1359572875278945536,1.0
1359576639826411520,1.0
1359581830708393472,0.6666666666666666
1359582218906019328,0.21818181818181817
1359582866229314560,0.29411764705882354
1359592316973883136,0.5714285714285714
1359627154234748928,0.55
1359630628768825344,0.8571428571428571
1359640003025475840,0.5
1359653742202077696,0.8787878787878788
1359941218424764672,0.5555555555555556
1359958180575286528,0.8518518518518519
1360000579480585984,0.0
1360019890016779520,0.85
1360022323903390464,1.0
1360024817129459456,0.6451612903225806
1360027918636686080,0.7317073170731707
1360037519873541888,0.3333333333333333
1360059461826227968,0.5
1360061989247788544,1.0
1360090996354650624,1.0
1360100188562378496,0.29411764705882354
1360100275306010624,0.5
1360104815406494720,1.0
1360107574192943104,0.0
1360107653768887040,0.5714285714285714
1360113495999716096,0.6136363636363636
1360122898482631680,0.575
1360128015908647168,0.375
1360130091770751488,0.42105263157894735
1360131780307911680,1.0
1360168114448193024,0.5128205128205128
1360168610594766592,0.5625
1360186484769416192,0.0
1360220263414968320,0.0
1360235968464436480,0.45
1360254469614910720,0.5
1360258294118274048,0.4
1360345330867368960,0.5555555555555556
1360391492287687424,0.8163265306122449
1360683921366263808,0.6363636363636364
1360691830472198656,0.6428571428571429
1360713082188110080,0.0
1360725627573900800,0.375
1360740993249201664,0.4
1360746611060016128,0.4318181818181818
1360760021720898816,0.6842105263157895
1360785367722007552,0.3076923076923077
1360786880737840640,0.3333333333333333
1360800819415889408,0.45454545454545453
1360816362941968640,1.0
1360828248883116032,0.0
1360859780163244544,0.6666666666666666
1360880418731907584,0.8
1360894554782047488,0.8333333333333334
1360897765520540672,0.375
1360914736417222656,0.3793103448275862
1360920984227623168,0.47619047619047616
1360929703113758976,1.0
1360935544517356032,0.6666666666666666
1360977286523070208,0.6
1361002626445303808,0.5294117647058824
1361011776522721024,0.42857142857142855
1361013383981019136,0.6666666666666666
1361041555019729920,0.4117647058823529
1361063178078780928,0.6666666666666666
1361165008316362752,0.6666666666666666
1361169167896167936,0.38095238095238093
1361172562771381248,0.5
1361174264647364352,0.4
1361385381218862336,0.2857142857142857
1361405784785365504,0.5714285714285714
1361412160077658368,0.8709677419354839
1361416659122088960,0.5
1361485232831581952,0.4883720930232558
1361489543113985536,0.5833333333333334
1361541066136837632,1.0
1361579750421210368,0.0
1361587954124301056,0.14285714285714285
1361590622052198144,1.0
1361590656611091456,0.4166666666666667
1361597001827507200,0.5
1361620632392589312,0.0
1361621302425956096,0.6190476190476191
1361627111418898944,1.0
1361633246386814464,0.5555555555555556
1361656556405141760,0.3333333333333333
1361679208855450880,0.5
1361692423061472000,0.6
1361773231547324928,0.4722222222222222
1361775033913541888,0.4
1361841833610207488,0.35
1361952775441532928,0.6875
1362110160009444864,0.4117647058823529
1362140620581715712,1.0
1362160800686223872,0.6666666666666666
1362169799241900032,0.6
1362183288587418624,0.6666666666666666
1362185572551933440,0.46153846153846156
1362203373918472704,0.2
1362265500011213568,0.5454545454545454
1362328733483066368,0.38095238095238093
1362351933937961472,0.5217391304347826
1362366810291646720,1.0
1362403453356475648,0.3333333333333333
1362429753426235136,0.6428571428571429
1362460838435185408,0.7142857142857143
1362488859791463168,0.5
1362494210829413120,0.6666666666666666
1362508295038992896,0.4482758620689655
1362560719247196416,0.25
1362640090038919168,0.75
1362853802268646400,0.25
1362920410105854720,0.9166666666666666
1362935211187131136,0.0
1362992227457000192,0.0
1363052139233975808,0.5714285714285714
1363057163445979904,0.5813953488372093
1363109184765451264,0.8571428571428571
1363113629357768960,0.8431372549019608
1363117740143263232,0.7272727272727273
1363118029415802624,1.0
1363122620606263040,0.375
1363130614269767424,0.5862068965517241
1363196376314104064,0.4166666666666667
1363551450231139072,0.48
1363552151113267712,1.0
1363577849640706816,0.6428571428571429
1363613582535989248,0.42857142857142855
1363629323942977024,0.5
1363633800625945088,0.0
1363635725103390208,0.3333333333333333
1363640351140871424,0.0
1363642368109083904,0.5
1363642768588125440,0.3333333333333333
1363643108877188608,0.6666666666666666
1363651735812670464,0.5
1363654784096274176,0.6111111111111112
1363662331206379776,0.2777777777777778
1363666797830931712,0.5
1363712810671975424,0.42857142857142855
1363713922827517952,0.5454545454545454
1363730682500396032,0.7586206896551724
1363745203538283264,0.627906976744186
1363774740591193344,0.7428571428571429
1363800552645559296,0.0
1363806497460677632,0.5384615384615384
1363852855295030016,0.5806451612903226
1363888069148608768,0.5
1363932220935659520,0.5
1363964677899706624,0.8275862068965517
1364011487780224256,0.65
1364299539093422080,0.6153846153846154
1364302885150171392,0.5357142857142857
1364321165092353024,0.6190476190476191
1364340803076165632,0.56
1364350828685196032,0.5652173913043478
1364353938127640320,0.5384615384615384
1364361147122237440,0.9166666666666666
1364366400048480768,0.6875
1364371369287206400,0.4482758620689655
1364373308055744000,0.4090909090909091
1364413120568523776,0.375
1364448386058464000,0.4166666666666667
1364473421884702464,0.4444444444444444
1364475052085365248,0.6666666666666666
1364479544244686848,0.8571428571428571
1364483190354516736,0.6666666666666666
1364492616675550720,0.125
1364519733676018432,0.6153846153846154
1364531761366224128,0.75
1364535740782083328,0.6956521739130435
1364691360791785472,0.37037037037037035
1364728523380457472,0.7222222222222222
1364989509919875328,0.5555555555555556
1365049538588492544,0.5
1365053247912166656,0.9117647058823529
1365064242878338560,0.18181818181818182
1365070889157709056,0.19047619047619047
1365072171544637184,0.9090909090909091
1365113174979398656,0.5151515151515151
1365142356126711552,0.0
1365179038537103872,0.5263157894736842
1365179095324301824,0.0
1365184345703079936,0.4166666666666667
1365188064006407168,0.25
1365190885346635520,0.25
1365194473203800832,0.5833333333333334
1365210519859341824,0.25
1365248621498256896,0.0
1365306633638095616,0.6666666666666666
1365306992973771008,0.5714285714285714
1365326910254806784,0.6785714285714286
1365331582858607104,0.48
1365339325976423680,0.46153846153846156
1365391334205419776,0.0
1365688911882002176,0.45161290322580644
1365763164963130624,0.2
1365763234209888256,0.5333333333333333
1365771552458659840,0.2
1365788994410402560,0.0
1365790624172475648,1.0
1365846202145835264,0.3333333333333333
1365866762612961792,0.6923076923076923
1365901548193024000,0.0
1365907917128173568,0.8
1365910890390192896,0.4117647058823529
1365919689310026496,0.0
1365923842850024448,1.0
1365928132668415744,0.0
1365928902989049600,0.4
1365931034943496960,0.0
1365936728848900864,0.0
1365969527919980800,0.5
1365984288354168064,0.09090909090909091
1365984828557914368,0.3333333333333333
1365997032680459776,0.125
1366018245179504640,0.5833333333333334
1366038234002518272,0.42105263157894735
1366056965364640256,0.6363636363636364
1366125680807148288,0.3333333333333333
1366354288410084864,0.3333333333333333
1366357768720858112,0.0
1366424895269382144,0.6666666666666666
1366462514512800768,0.6666666666666666
1366481883970980864,0.3333333333333333
1366497711240735744,0.3333333333333333
1366518737192501760,0.6666666666666666
1366523816468823040,0.5211267605633803
1366542996191794688,0.9032258064516129
1366553518044815104,0.6666666666666666
1366615956086777344,0.23529411764705882
1366624228065260800,1.0
1366642166961990144,0.2
1366649381001485824,0.5
1366655279565518848,0.5294117647058824
1366684362447873536,0.35714285714285715
1366713633613230336,0.6190476190476191
1366715085227152896,1.0
1366725128634157312,0.2727272727272727
1366726759561804800,0.6153846153846154
1366727911897533696,0.6923076923076923
1366730595159794176,0.25
1366753203393351168,0.7857142857142857
1366824152625033472,0.5
1366846485006064896,0.6
1366895661630947840,0.9090909090909091
1367130024572499968,1.0
1367224322780370176,0.6785714285714286
1367227109530998528,0.4
1367257811990801920,0.5555555555555556
1367280009971335424,0.5882352941176471
1367287525319700480,0.55
1367340296282632192,0.7804878048780488
1367356831626980608,0.3142857142857143
1367367400942605568,0.43333333333333335
1367391500444958720,0.5333333333333333
1367462285860388352,0.2
1367473838686131968,0.5789473684210527
1367476107343675648,0.5833333333333334
1367484638975472384,0.47058823529411764
1367624784602724096,0.5
1367627871420798208,0.6666666666666666
1367915874204294400,0.8823529411764706
1367932917141120768,0.2
1368098628737801728,0.38461538461538464
1368110923468117760,0.3333333333333333
1368119246489099264,0.5
1368135488112338176,0.4444444444444444
1368203712591908864,0.6326530612244898
1368292870357945088,0.7083333333333334
1368323026803889664,0.6
1368389344665761536,0.52
1368629135062898432,0.4166666666666667
1368631459723170560,0.5
1368634150324439808,0.5454545454545454
1368657806389943296,0.5882352941176471
1368659313662744576,0.75
1368681962498615552,0.2
1368702588577094912,0.6521739130434783
1368709617297151488,0.6
1368710170962632192,0.9090909090909091
1368721946821885440,0.5
1368722477956370944,0.9473684210526315
1368734580099457024,0.46153846153846156
1368746730482971648,0.5
1368758514157491968,0.6666666666666666
1368760915356661248,0.3
1368768644699655168,0.92
1368791954877124352,0.2
1368793969129625088,0.0
1368795221802529280,0.75
1368798347049307136,0.6811594202898551
1368798945253558272,0.14285714285714285
1368801680373868032,0.0
1368803442855334656,0.4444444444444444
1368858040241983744,0.9230769230769231
1368864347495928832,0.3333333333333333
1368867310504349440,0.5
1368880391106571008,0.45
1368892147085732352,0.5348837209302325
1368894561351279872,0.5172413793103449
1368997610105457152,0.88
1368998895362250240,0.6
1369015972385990912,0.9705882352941176
1369035953583280384,0.2
1369050332536234240,0.3333333333333333
1369109476121256960,1.0
1369388395902161152,0.0
1369407780746767104,1.0
1369422924972970240,0.6
1369435818329110784,1.0
1369453874028441344,0.0
1369483591733849088,0.45
1369489030754658304,0.0
1369493433744981504,0.7567567567567568
1369499478337841152,1.0
1369535029435097600,0.6666666666666666
1369579957149204224,0.48
1369596547203224064,0.48
1369614351777775360,1.0
1369623142318126336,0.3333333333333333
1369625343898130944,1.0
1369626179488759552,0.6
1369627115925144832,1.0
1369649938791940608,0.25
1369650319143554304,0.6666666666666666
1369683932603093504,0.6666666666666666
1369711123576029696,0.56
1369718928431021824,0.8
1369729299877217792,0.2916666666666667
1369730435169921280,0.5833333333333334
1369742734453523456,0.6153846153846154
1369747991957424896,0.7777777777777778
1369756541508519168,1.0
1369772386196703744,0.4583333333333333
1370067382341992192,0.625
1370081699315548672,0.3
1370114318186003968,0.6666666666666666
1370151573849129472,0.5
1370151931354650624,0.5806451612903226
1370161319222486016,0.75
1370163867457947648,0.0
1370166776245468672,0.0
1370168952461435904,1.0
1370208351037408000,1.0
1370210436879303680,0.8421052631578947
1370212266209959168,1.0
1370245800466241792,1.0
1370284904700973056,0.5454545454545454
1370286606459717888,0.75
1370297577705061120,0.08333333333333333
1370304079314028800,0.5
1370306849663441152,0.7777777777777778
1370319493696877312,0.48
1370341233940072704,0.0
1370349865221532160,0.8157894736842105
1370368691502518016,0.7857142857142857
1370409776126623488,0.2916666666666667
1370412671248826112,0.3333333333333333
1370425250129132544,1.0
1370433092113414656,0.30434782608695654
1370456168569647360,0.16666666666666666
1370475765489252608,0.5555555555555556
1370482178044308736,0.5428571428571428
1370483657097603840,0.46153846153846156
1370492181364566016,0.6
1370545462169490688,0.0
1370554476735885824,0.42105263157894735
1370787340682856448,0.0
1370803312249012480,0.5454545454545454
1370822134309037056,0.42857142857142855
1370854082735952128,0.5238095238095238
1370856466300102912,0.5555555555555556
1370870590684624384,0.725
1370913942821068544,0.6764705882352942
1370924609104792576,0.45454545454545453
1370972654095954432,0.4375
1370983160492514560,0.7
1370989504684600576,0.7142857142857143
1371006501809139456,0.32
1371012382603085056,0.9047619047619048
1371043037164987904,0.45
1371043220451730432,0.4117647058823529
1371044034978002688,0.42857142857142855
1371061225294265600,0.574468085106383
1371078168184135680,0.7142857142857143
1371090462380474368,0.16666666666666666
1371103446994963200,0.3333333333333333
1371115164476640000,1.0
1371171138396237568,0.5
1371179756523023872,0.3333333333333333
1371221048616401152,0.16666666666666666
1371235416330674432,0.5
1371239835701880832,0.6666666666666666
1371537598619927040,0.3870967741935484
1371567170957940992,0.5
1371608061670552064,0.75
1371717457288197120,0.7692307692307693
1371729915312059904,0.7391304347826086
1371748283623254528,0.75
1371768641871966464,0.4
1371775275496293120,0.5789473684210527
1371782066290634752,0.0
1371817932573640192,0.5294117647058824
1371827941005353216,0.6
1371843774363268864,0.5454545454545454
1371865580056364288,1.0
1371881162635203328,0.625
1371914825023050240,0.7090909090909091
1371987557908408576,0.48148148148148145
1372127576037706496,0.8918918918918919
1372224917332824832,0.10344827586206896
1372265092123681792,0.775
1372323779984531456,0.3333333333333333
1372351353005620224,0.4375
1372421633974649600,1.0
1372437061310450944,0.6666666666666666
1372445165088165376,1.0
1372452482884915712,0.45454545454545453
1372517636364072192,0.75
1372521434018373376,0.14285714285714285
1372523048036888320,0.5483870967741935
1372525580828559104,0.4117647058823529
1372548047137728256,0.2727272727272727
1372567274586159104,0.0
1372645992114562304,0.3333333333333333
1372682455475508736,0.5
1372718901343839232,0.42857142857142855
1373000665452363008,0.75
1373042121974829568,1.0
1373136091341859840,0.7894736842105263
1373144472959757568,0.3333333333333333
1373151740828191744,0.0
1373161013632138496,0.6190476190476191
1373203557594642432,0.5
1373205740644743936,0.0
1373209138851862784,1.0
1373245073182868224,0.4583333333333333
1373264454258198784,0.7878787878787878
1373270902720791040,0.3333333333333333
1373270998714832896,0.5517241379310345
1373332642743096576,0.2
1373332957606789376,0.6363636363636364
1373340949317450752,0.7
1373340964483570176,0.6607142857142857
1373357585850887168,0.5
1373438878878643200,0.8333333333333334
1373639025358745344,0.2857142857142857
1373669867318878976,0.3793103448275862
1373677440757178112,0.875
1373709925086646272,0.6
1373741862958172928,0.39285714285714285
1373742132318894336,0.6666666666666666
1373754129693583872,0.6428571428571429
1373759201252380416,0.25
1373786359556264704,0.6176470588235294
1373816308796473088,0.55
1373818644119560704,0.375
1373823642194025728,0.8181818181818182
1373827552654333952,0.9090909090909091
1373856751878909440,0.7
1373856934361281792,0.0
1373860924477121280,1.0
1373880733340012800,0.45454545454545453
1373884681271367936,0.3333333333333333
1373897262490463232,0.7142857142857143
1373913971173366784,0.5
1373915574071380992,0.3076923076923077
1373917910279240704,0.72
1373918458464114688,0.45454545454545453
1373930728133238528,0.2765957446808511
1373933031844993792,0.5
1373978599228494080,0.0
1374002472362285056,0.75
1374008532372695552,0.8181818181818182
1374015554153453824,0.5
1374019273821358848,0.5555555555555556
1374049265320765952,0.5555555555555556
1374108380151118080,1.0
1374119117002195200,0.7
1374122137218884864,0.3333333333333333
1374125169547440640,0.6086956521739131
1374125454195608576,0.4166666666666667
1374141605636078336,0.4
1374469534033559808,0.0
1374504329536180480,0.3333333333333333
1374506239542344192,0.39285714285714285
1374512776334038784,0.7428571428571429
1374516759451505664,0.6111111111111112
1374519424301220096,0.5
1374521869921490688,1.0
1374567623901084416,0.4444444444444444
1374582712313441280,0.6060606060606061
1374588709874334720,1.0
1374593315710742272,0.5333333333333333
1374609396311833856,0.3333333333333333
1374638069494407168,0.0
1374639271047808768,0.5
1374643744474368768,0.6666666666666666
1374659539344156160,0.4318181818181818
1374666357098940160,0.6666666666666666
1374671666513878528,0.8461538461538461
1374722731219688448,0.8823529411764706
1374746408292206592,0.85
1374752753274628608,0.8648648648648649
1374779547240747776,0.0
1374782492220116480,0.6
1374784796580683008,0.631578947368421
1374813371317344000,0.5
1375194839020766720,0.5454545454545454
1375199558236726272,0.0
1375202477194362624,0.43478260869565216
1375207183204279552,0.42105263157894735
1375207394137644800,0.5
1375210805308014080,0.45
1375258418377148160,0.8064516129032258
1375297023808262912,0.6666666666666666
1375323697253947136,0.3387096774193548
1375327845229794304,0.0
1375334947722861056,0.4444444444444444
1375337846422845440,0.4
1375360330134355200,0.9047619047619048
1375367842265144832,0.5625
1375375815314040064,0.6666666666666666
1375394704802027776,0.5
1375395049470027520,0.9655172413793104
1375427205182726656,0.5121951219512195
1375429560598012928,0.5333333333333333
1375451110364741376,0.36666666666666664
1375454714860704000,0.2727272727272727
1375514505572944896,0.5
1375524225857993216,1.0
1375530585779883520,1.0
1375534682286443008,1.0
1375604330476411648,0.6666666666666666
1375684856333449984,0.35714285714285715
1375817377513039104,0.6363636363636364
1375921039610898176,0.7777777777777778
1375924432967468800,0.6111111111111112
1375942289722169344,0.75
1375957327243558912,0.6
1375958997538843904,0.5217391304347826
1375993690078652672,0.6428571428571429
1375997066811774976,1.0
1376023534341132544,0.35294117647058826
1376036209416602880,0.5142857142857142
1376063309478796032,0.375
1376067632986356224,0.45454545454545453
1376068724129586688,0.23076923076923078
1376090400430476032,0.375
1376093334800343552,0.6363636363636364
1376099020856446464,0.42857142857142855
1376100653406049792,1.0
1376123664344554240,0.6666666666666666
1376124900034575616,0.40425531914893614
1376144726734160640,0.3333333333333333
1376206686040510208,0.3333333333333333
1376258259080102144,0.5862068965517241
1376263015167023616,0.44
1376266762016870400,0.6470588235294118
1376277645984072192,0.5555555555555556
1376289624151226880,0.6428571428571429
1376381228978322432,0.7142857142857143
1376552449015204096,1.0
1376605968687491584,0.3333333333333333
1376629967129836032,1.0
1376662124946275840,0.47368421052631576
1376678360691197440,0.6666666666666666
1376701751701559808,0.9090909090909091
1376718744044525568,0.8181818181818182
1376800711379551744,0.3333333333333333
1376801017830391552,0.6451612903225806
1376834231821793024,0.8571428571428571
1376839451668444928,0.9
1376878272358315264,0.6
1376891976585876480,0.6111111111111112
1376899365705860608,0.3333333333333333
1376941450719944704,0.0
1376945532216103424,0.0
1376956447610224640,0.5
1376992037019225344,0.0
1377358144261546496,0.5
1377365748625462272,1.0
1377384404531669248,0.5833333333333334
1377422562193915648,0.375
1377468282288904960,0.5454545454545454
1377493930938660352,0.0
1377527129317085440,0.0
1377570984229672192,0.6818181818181818
1377586640917952512,0.8
1377592328534574080,0.5555555555555556
1377607496862546944,0.4
1377634195677263616,0.6
1377663579538660864,0.42105263157894735
1377671756693174016,0.4444444444444444
1377688161829745664,0.7222222222222222
1377755881972517632,0.5
1377806067619714560,0.42857142857142855
1377808541359586048,0.16666666666666666
1377809875710930176,1.0
1377810815059408896,0.3
1377811733175826688,0.5
1378012968383010304,0.75
1378109547502147328,0.6153846153846154
1378112303208219904,0.6153846153846154
1378116535339434496,0.36363636363636365
1378140064617307392,0.47619047619047616
1378199101642690048,0.4
1378241276380570880,1.0
1378269640769225216,0.7297297297297297
1378278565421827584,0.5294117647058824
1378284395477670912,0.8421052631578947
1378290384467116544,0.5384615384615384
1378372962995993600,0.75
1378428327255450112,0.5277777777777778
1378462132356911104,0.4583333333333333
1378646473685823744,0.3333333333333333
1378721204302113024,1.0
1378724110016792576,0.16666666666666666
1378727181503598080,0.3333333333333333
1378794138820434432,0.6666666666666666
1378815821201492736,0.4230769230769231
1378819870668499968,0.5714285714285714
1378836653532616960,0.3333333333333333
1378848288899775744,0.6666666666666666
1378860291160926976,0.5454545454545454
1378862097217319168,0.5555555555555556
1378869397745137920,0.4
1378922261041160448,0.5882352941176471
1378929965995144192,0.6060606060606061
1378935025592367872,0.5
1378951885348269824,0.4117647058823529
1378968799372505088,0.7142857142857143
1378982586925212672,1.0
1379008108972244480,0.6363636363636364
1379011386718092800,1.0
1379013520179512832,0.2857142857142857
1379014787426238720,0.4166666666666667
1379019891060603648,0.3333333333333333
1379026242721026048,0.6666666666666666
1379032130600132352,0.5
1379089538514339072,0.8
1379106228943040000,0.3333333333333333
1379143584180492288,0.0
1379172470365668608,0.5
1379184144960297472,0.9
1379188419032868096,0.5
1379488683066153216,0.6571428571428571
1379495467611907840,0.7380952380952381
1379513128554683392,0.0
1379518868758522112,0.4444444444444444
1379556903238851584,0.42857142857142855
1379570602604577792,0.75
1379579825569227264,0.625
1379582730254319104,0.5625
1379672200911668736,0.7058823529411765
1379688217233227264,0.3333333333333333
1379739821677342464,0.5
1379757121819077632,0.6190476190476191
1379796091111193088,0.2727272727272727
1379798274582333440,0.7
1379800984047924992,0.3939393939393939
1379840803410088448,0.5263157894736842
1379863870059976704,0.42857142857142855
1379889932538384640,0.6
1379909199701526272,0.75
1380251745198117376,0.4
1380261364038146304,0.6666666666666666
1380290609326744320,1.0
1380292025919902720,0.5
1380292575890041088,0.4838709677419355
1380304249777679616,0.0
1380330349950985472,0.6875
1380334666484725760,0.5714285714285714
1380340880590642176,1.0
1380374984924224256,0.6666666666666666
1380378865606978816,0.5517241379310345
1380388301844682496,0.625
1380390621595068160,0.4583333333333333
1380392392558374912,0.55
1380424594672493568,0.4444444444444444
1380433236542872576,0.0
1380449416998219520,0.0
1380449480858527232,0.3076923076923077
1380449918401324288,0.3333333333333333
1380456060239132928,0.375
1380462803865432064,0.0
1380467201448224256,0.5
1380482545678580736,0.5833333333333334
1380495976542413824,0.22727272727272727
1380562182209494272,0.75
1380940090187579648,0.2857142857142857
1380960977396647936,0.6428571428571429
1380963892650980864,0.9423076923076923
1380976549865889280,0.6
1380997345544332800,0.5
1381021288245476864,0.5263157894736842
1381048936410973184,0.38461538461538464
1381049725179943680,0.0
1381070996617253120,0.16666666666666666
1381079610499555328,0.0
1381083616191014912,0.2
1381133230449765632,0.6862745098039216
1381162035942331648,0.5
1381188270852119296,0.5
1381197313483046656,0.625
1381199113825051904,0.7
1381201345557364480,0.6
1381240225263286272,0.5625
1381242455788862208,0.6
1381249858013359104,0.16666666666666666
1381252295569140736,0.6086956521739131
1381264476634596864,0.6956521739130435
1381281984673405184,0.4375
1381346895697158912,1.0
1381658431524573696,0.5
1381665393490211072,0.7142857142857143
1381673546089400064,0.8
1381680828174572032,0.5
1381715637338457600,0.6666666666666666
1381723526251890176,0.7083333333333334
1381727629088444928,0.48484848484848486
1381747631439459840,0.2857142857142857
1381757661684155392,0.5
1381760098916820992,0.5
1381762537042229248,0.7777777777777778
1381785217135771392,0.0
1381789399146358016,0.8
1381802135498023168,1.0
1381830295397323008,1.0
1381830995758696192,0.48148148148148145
1381867891472549376,0.8
1381886134750592000,0.38235294117647056
1381887272348318464,0.35714285714285715
1381889866557484288,0.0
1381915814580307200,0.5
1381916684751322624,0.5853658536585366
1382009853279005440,0.7
1382018706095946240,0.8571428571428571
1382036895827309824,0.6
1382050088768322560,0.34782608695652173
1382092939565525248,0.5869565217391305
1382115645815320320,0.4375
1382219416446978816,0.0
1382402663870391808,0.6842105263157895
1382469014564865024,0.5625
1382509447688195072,0.0
1382552143077824000,0.35294117647058826
1382555936002392320,0.5384615384615384
1382570054004887296,0.5333333333333333
1382572274928696832,0.2222222222222222
1382581813944923904,0.75
1382596858446187520,0.53125
1382647017561037056,0.7631578947368421
1382648404829743872,0.0
1382657322982527488,0.0
1382669192459749632,0.7454545454545455
1382691240340024064,1.0
1382695426124552704,0.5
1382704102540045056,0.36363636363636365
1382714233563436800,0.42857142857142855
1382721178125838336,0.0
1382828747167811584,0.0
1383057589138649344,0.0
1383108622371584000,0.6111111111111112
1383132904873327616,0.0
1383158704531722240,0.0
1383204233281708800,0.5
1383255077392989184,0.6
1383279869099895296,0.8372093023255814
1383318727682737664,0.4473684210526316
1383329956004209152,0.5217391304347826
1383385252748474368,0.9090909090909091
1383395819216153088,0.8666666666666667
1383397835150969088,0.6875
1383414625511518464,1.0
1383427139174978304,0.0
1383463734042333440,0.35714285714285715
1383493887638255360,0.5454545454545454
1383518625755789056,0.0
1383583780779277824,0.0
1383857460179574528,0.2857142857142857
1383877605500934144,0.37037037037037035
1383903566734966016,0.5
1383904565096903680,0.7619047619047619
1383908025299797760,0.4
1383922356030154752,0.39285714285714285
1383929886047766016,1.0
1383957271139577600,0.6451612903225806
1383987393531235584,0.5
1384007951377858048,0.0
1384017954178742272,0.6666666666666666
1384037709053190400,0.5
1384041941263320576,0.14285714285714285
1384081417766396160,0.8333333333333334
1384099247429903616,0.0
1384101191317487616,0.7777777777777778
1384104021567851008,0.38461538461538464
1384114333525524992,0.7692307692307693
1384123073591351296,0.782608695652174
1384234478792686336,0.5238095238095238
1384258132606526976,0.5135135135135135
1384258638094924800,0.8648648648648649
1384262352379415552,0.7894736842105263
1384305719788283392,0.6153846153846154
1384348569949242624,0.0
1384547298140603136,0.5454545454545454
1384637180947098880,0.3888888888888889
1384647271844258304,0.8571428571428571
1384652771163342592,0.6923076923076923
1384665155792710144,0.6666666666666666
1384677478501666816,1.0
1384700553801608704,0.5483870967741935
1384741700126498816,0.6296296296296297
1384752813509140224,0.0
1384758233704793600,0.16666666666666666
1384758778123484416,0.582089552238806
1384826612162720256,0.5714285714285714
1384826853645273600,0.6666666666666666
1384830142582548736,1.0
1384830143017063936,1.0
1384831079678518016,0.0
1384831079882802176,0.0
1384831102389734656,0.0
1384831209969642752,0.0
1384848974576692480,0.0
1384859184069886976,0.4444444444444444
1384864638495157504,0.5555555555555556
1384899179981127168,0.4594594594594595
1384923300248220416,0.4090909090909091
1385239927938091776,0.6206896551724138
1385353559178165504,0.0
1385372251314393344,0.75
1385380510987894528,0.72
1385395187774286336,0.6363636363636364
1385466249821443072,0.25
1385490664339405568,0.5
1385491326103812096,0.4827586206896552
1385506240982330880,0.44
1385526441136948992,0.625
1385535507534940672,0.7
1385536076220246016,0.918918918918919
1385555359363592192,0.5769230769230769
1385565408187357696,0.8333333333333334
1385565674210321408,0.6923076923076923
1385575208989864704,0.5
1385579980173568256,0.0
1385586018764316416,1.0
1385634363879416832,0.6666666666666666
1385647579692622592,0.8333333333333334
1385648525278287872,0.5
1385669758858041856,0.14285714285714285
1385690933740781056,0.0
1385698501320231680,0.5
1386026477326639872,0.6666666666666666
1386030142928244480,0.8333333333333334
1386039034983064064,0.375
1386053476982290944,0.75
1386056162536407040,0.8571428571428571
1386068611015279360,0.4827586206896552
1386081952216897536,0.0
1386100256897552128,0.3333333333333333
1386103519169412352,0.7272727272727273
1386115420521360896,1.0
1386132937894768384,0.75
1386134241063161088,0.5625
1386155640441427200,0.2857142857142857
1386166164674932224,0.42857142857142855
1386169512661607680,1.0
1386223850182826496,0.3333333333333333
1386253880887577600,1.0
1386261992920668160,0.6363636363636364
1386267156599765760,0.8
1386274720166782464,0.7222222222222222
1386284974433948416,0.5555555555555556
1386292840475366400,1.0
1386307527706416384,0.3333333333333333
1386329902363151616,0.42857142857142855
1386391721112057088,0.6111111111111112
1386393542779725056,1.0
1386443461880268544,0.8333333333333334
1386746398963582976,0.5333333333333333
1386747047946165504,0.3333333333333333
1386759159018022400,0.6923076923076923
1386762703089507840,0.5
1386774873317142784,0.5
1386776360065883904,0.631578947368421
1386782984695747072,0.5
1386784514369825792,0.48
1386790466691619072,0.5
1386803276169655040,0.4444444444444444
1386803482537800448,0.0
1386805282568236544,0.3333333333333333
1386823714188843776,0.0
1386838155026847744,0.25
1386838421735113472,0.4722222222222222
1386857275777451520,1.0
1386862462202392832,0.4
1386869986362312704,1.0
1386914803128744192,1.0
1386920435031199232,0.4444444444444444
1386920509541597184,0.5714285714285714
1386924756237469184,0.5909090909090909
1386931372301318912,0.325
1386953058200549632,1.0
1386958339532374272,0.76
1386965145486057728,0.3448275862068966
1386981298253988608,0.3793103448275862
1386996210430232576,0.9130434782608695
1387035381729243904,0.8666666666666667
1387114177743283456,0.6206896551724138
1387169310554077184,0.5806451612903226
1387203460034548992,0.5
1387249321661480448,0.6875
1387257892754541568,0.5
1387277025023797760,0.7142857142857143
1387435924376093952,0.0
1387492503390392320,0.0
1387506341662305024,0.3333333333333333
1387530387861533440,0.6666666666666666
1387585154367346688,0.5555555555555556
1387638069641504768,0.0
1387682933601404672,0.5263157894736842
1387686690108441856,0.0
1387692144927933696,0.47058823529411764
1387698387306771712,0.8181818181818182
1387705450597753856,0.6
1387711804793857024,1.0
1387726387920131584,0.7368421052631579
1387741207793621504,0.8
1387745354865818368,0.46153846153846156
1387772765767817472,0.5833333333333334
1387773808340450048,0.5555555555555556
1387837947170398208,0.5365853658536586
1387843339577076480,0.75
1388196887943634944,0.875
1388243567892654336,0.7222222222222222
1388278952011174656,0.3333333333333333
1388363024920180736,0.0
1388365592632672512,0.36363636363636365
1388415660421891072,0.6956521739130435
1388416117507489536,0.8666666666666667
1388419991299065344,0.16666666666666666
1388438203022261248,0.0
1388451940710274816,0.5384615384615384
1388462299874335232,1.0
1388464732821329152,0.85
1388467381626633472,0.0
1388483327342830848,0.25
1388496756122284288,0.625
1388504918248655872,0.5555555555555556
1388530170111791104,0.42857142857142855
1388535419907561216,0.5
1388553162478752000,1.0
1388558887260169472,0.6666666666666666
1388579770076778752,0.6666666666666666
1388605644339410176,0.6363636363636364
1388877991410802944,0.42857142857142855
1388948438433990400,0.5714285714285714
1388969932359817728,0.375
1388981722539801344,0.7297297297297297
1388981972448653056,0.375
1389023726299974400,0.3448275862068966
1389025526465916160,0.5333333333333333
1389062150844176896,0.5833333333333334
1389083939751450368,0.14285714285714285
1389089391282083072,0.9
1389121241562793216,0.4166666666666667
1389152276482739712,0.5
1389162658880356608,1.0
1389169411155545856,0.5384615384615384
1389176191031879680,0.3333333333333333
1389207251428623616,0.8235294117647058
1389222211657211904,0.631578947368421
1389255717857516032,0.4
1389271771242441728,0.4594594594594595
1389276221057901568,0.75
1389291823061082112,0.65
1389305774733240320,0.75
1389307777223187712,0.5517241379310345
1389340669744093440,0.8333333333333334
1389341035108920576,0.6888888888888889
1389341695716922112,0.75
1389375927751042048,0.95
1389384835364533248,0.4444444444444444
1389386526569209088,0.3333333333333333
1389445841920014336,0.2
1389614888206955008,0.0
1389677225430867200,0.8823529411764706
1389692378318473984,1.0
1389693110865622528,0.6666666666666666
1389725871866635776,0.0
1389786761782872576,0.25
1389801005615158272,0.25
1389831813102781952,0.375
1389840530315577088,0.4
1389861871781459968,1.0
1389889871463295232,0.3333333333333333
1389909013758933248,0.0
1389925682672832256,0.2857142857142857
1389929694296927232,0.7922077922077922
1389961153926610176,0.5
1389965401807421952,0.5344827586206896
1389972235820253184,0.9117647058823529
1389977617115272960,0.5
1390002042011393536,0.0
1390002431105909248,0.3333333333333333
1390045640193118720,0.7142857142857143
1390047042594043648,0.5652173913043478
1390059954921647872,0.5833333333333334
1390069936661098496,0.35294117647058826
1390300899112019456,0.6470588235294118
1390315979870327296,0.5294117647058824
1390352805848475136,0.0
1390363130690383872,0.7142857142857143
1390363508752642048,0.4444444444444444
1390388546139900416,0.5555555555555556
1390389178334147840,0.5833333333333334
1390391508742944768,0.7142857142857143
1390403840790750976,0.5
1390411091319261952,0.16666666666666666
1390437030296953344,0.6
1390438772686229248,0.4666666666666667
1390441926355684352,0.4666666666666667
1390443657025283328,0.5
1390485844098889984,0.3
1390491119357493504,0.5384615384615384
1390503637734874368,0.6545454545454545
1390515519183246336,0.4375
1390520898682404864,0.5862068965517241
1390528686351302144,1.0
1390529619491667456,0.3333333333333333
1390540558540269056,0.5
1390549048941035008,0.7142857142857143
1390581696616616192,0.5833333333333334
1390605171586257408,0.7727272727272727
1390618471170593280,0.42857142857142855
1390648116908727296,0.9354838709677419
1390648451262312960,0.896551724137931
1390664644215805440,0.7142857142857143
1390702411175564544,0.47619047619047616
1390717601292370176,0.0
1390724165268384000,0.8
1390744807039166464,0.6333333333333333
1390771136840352768,0.6
1390779349642776576,0.2857142857142857
1390818455620433152,0.6818181818181818
1391041991980902144,0.7142857142857143
1391072864246851584,0.5714285714285714
1391081482568685312,1.0
1391110068416066304,0.625
1391116413100576512,0.6153846153846154
1391116838118080512,0.75
1391124909330866944,0.75
1391138412229596160,0.2702702702702703
1391176370950119936,0.0
1391193267384079104,0.25
1391193545744322560,0.8181818181818182
1391220285842668544,0.2
1391224899160677888,0.0
1391235807905678336,1.0
1391247575223882496,0.5
1391249031268678144,0.8666666666666667
1391256270426275072,0.6
1391256924763286784,0.75
1391275703666781440,0.7241379310344828
1391286106898074112,0.7906976744186046
1391304448601463040,0.8571428571428571
1391307712169019904,0.75
1391347922321038848,0.75
1391351099544458496,0.5714285714285714
1391387592272937728,1.0
1391502010854268672,0.0
1391785610282093312,0.6052631578947368
1391819233127549184,0.5625
1391842483589022464,0.5454545454545454
1391858481250289152,0.5
1391917417785583872,0.0
1391924002105961728,0.375
1391947936748591616,0.625
1391978885597590784,0.42857142857142855
1391990811215054848,0.4444444444444444
1391994270000071936,0.25806451612903225
1392013400000749824,0.25
1392013861487517696,1.0
1392021667917248512,0.84
1392027832592825856,1.0
1392038137728064000,1.0
1392042009317684224,0.6666666666666666
1392046515775332864,0.0
1392060861292022528,1.0
1392060927477746688,0.7692307692307693
1392061988818972672,0.84
1392063174316344320,0.4
1392081878508261632,0.8518518518518519
1392104887679569664,0.5789473684210527
1392107810931488256,0.2857142857142857
1392109703335006208,0.47058823529411764
1392112555215025152,0.5
1392114771235961600,0.2
1392123254347658240,0.0
1392130725619430400,0.2222222222222222
1392140301873963520,0.9285714285714286
1392161469088896000,1.0
1392199097771976704,0.358974358974359
1392240286183463168,0.6
1392285413061512448,0.8181818181818182
1392447066955635712,0.075
1392501721462973696,0.75
1392540895604955904,0.5
1392574203464253952,0.38461538461538464
1392583719062866944,0.36363636363636365
1392685273477836544,0.875
1392690206992270080,0.375
1392730572940323328,0.6666666666666666
1392764548724389632,0.0
1392955553363359488,0.4117647058823529
1392959854569827584,0.3783783783783784
1393081245978873600,1.0
1393268580353751552,0.5
1393276726703584768,0.0
1393292080552972032,0.5
1393303713307089408,0.0
1393350516441639424,0.62
1393395995274965248,0.5
1393427607498546432,0.4
1393460724832219392,0.6896551724137931
1393460962551532032,0.5416666666666666
1393463724187613184,0.38235294117647056
1393469378706826752,0.3333333333333333
1393494410696289024,0.0
1393499380489074432,0.7272727272727273
1393538397017363968,0.5
1393547136658846976,0.3333333333333333
1393549507259826944,0.5454545454545454
1393553842837930240,0.42857142857142855
1393591581743837696,0.6
1393667432209896448,0.5
1393679937248183296,0.0
1393947160105606144,0.4827586206896552
1393963062468145920,0.6222222222222222
1393963064660233472,0.5833333333333334
1394002418802666496,0.7142857142857143
1394020237338831104,0.6666666666666666
1394025052972236288,0.625
1394037266853708032,0.5
1394050138143965696,0.4166666666666667
1394050589918976256,0.0
1394054864849904384,0.5
1394072859882127360,0.0
1394077724220230400,0.631578947368421
1394083960179087616,0.0
1394090721990259968,0.375
1394109656630507776,0.7272727272727273
1394118844563242240,0.5
1394119137754080768,0.32142857142857145
1394136630703457280,0.7272727272727273
1394136805134654208,0.6
1394139342873300736,0.4090909090909091
1394147886786110976,0.5
1394161614387370240,0.8235294117647058
1394176193400585728,0.6
1394181870120838656,0.6363636363636364
1394183124743078400,0.5333333333333333
1394183927995931136,1.0
1394184733548274432,0.75
1394198651094643968,0.25
1394211072691355648,0.5882352941176471
1394215960280665600,0.4
1394225336236044032,0.5
1394272924729377792,0.5714285714285714
1394307539522426368,0.48484848484848486
1394319397043838464,0.8888888888888888
1394321759325778688,0.0
1394323138941639168,0.7741935483870968
1394368935616050176,0.5
1394387379524910336,1.0
1394438503907973888,0.3333333333333333
1394675225248726784,0.5
1394693787693854208,0.6666666666666666
1394699919550374400,0.5714285714285714
1394702066240944640,0.4
1394729825587052288,0.6444444444444445
1394730688601681152,0.5
1394730807081422080,1.0
1394747444937784320,0.3333333333333333
1394747914045361152,0.5806451612903226
1394771090641512704,0.5555555555555556
1394772823094070272,1.0
1394777286218371072,0.68
1394790215346095360,0.5714285714285714
1394798951830725376,0.5
1394826029501750784,0.7272727272727273
1394855300633855232,0.75
1394865251369905408,0.3333333333333333
1394869710584032768,0.7
1394872325533000448,0.6521739130434783
1394883753905197312,0.85
1394888291424352768,0.6666666666666666
1394893402593831168,0.5238095238095238
1394899712938043136,0.6875
1394902556733773056,0.52
1394910473947949056,0.38461538461538464
1394913000350205952,0.39285714285714285
1394949638635987712,0.5
1394958772050947328,0.65
1394962823428367872,0.5714285714285714
1394970416117286400,1.0
1394975712525370112,0.5215311004784688
1395009241202780160,1.0
1395017363425073664,1.0
1395018189683255296,0.7058823529411765
1395036919624182016,0.7837837837837838
1395091920063486976,0.23333333333333334
1395113998914671616,1.0
1395132531848806400,0.3333333333333333
1395175094589586176,0.6666666666666666
1395390080726057728,0.3888888888888889
1395437079269765888,0.4
1395441150034352384,0.6666666666666666
1395453983393587712,0.9090909090909091
1395457501456413440,0.0
1395462081206726656,0.23076923076923078
1395500098007058176,0.7777777777777778
1395526212278783232,0.65
1395549556600530176,0.5245901639344263
1395567315075348480,0.625
1395591268214692352,0.625
1395600578753459200,0.75
1395613462750761472,0.6666666666666666
1395622643329771008,0.5
1395624718238664448,0.7391304347826086
1395627153055467264,0.85
1395633616178702080,0.0
1395634697090903552,0.6190476190476191
1395635835880685056,0.5
1395637805575181312,0.45454545454545453
1395681033934616576,0.9090909090909091
1395687269993747456,0.5714285714285714
1395689849969103616,0.75
1395720553332057344,0.0
1395767704789764608,0.7567567567567568
1395792802417683456,0.627906976744186
1395849820086047488,0.5
1395875240848881408,0.375
1395886176931421952,0.75
1396073172031378176,0.6
1396110028155190528,1.0
1396146736505344000,1.0
1396170732683339520,0.0
1396173406883550976,0.25
1396189276972746496,0.6666666666666666
1396209624784424192,1.0
1396211750366674688,0.5714285714285714
1396213641493885952,0.5172413793103449
1396245074935982592,0.0
1396251175121744640,0.6666666666666666
1396253666049980928,0.0
1396264269842449920,0.42857142857142855
1396290599934735616,0.5333333333333333
1396310906582162688,0.7777777777777778
1396327737946518784,1.0
1396337198299776512,0.6060606060606061
1396350711998717440,0.3333333333333333
1396351857208228864,1.0
1396355907779557888,0.4
1396374307493498368,0.5263157894736842
1396387026314823680,0.375
1396392236574032640,0.5625
1396413218397650688,0.7
1396465090705890048,0.3333333333333333
1396512113451106304,0.7692307692307693
1396535606057105920,0.5
1396544668776876288,1.0
1396549147436713216,0.0
1396892816063297536,0.5555555555555556
1396908203649314048,0.6923076923076923
1396928324871089664,0.75
1396931645129879296,0.8571428571428571
1396936959831092480,0.5714285714285714
1396944025259866624,0.6875
1396961561632146432,0.45
1396974270299833088,0.16666666666666666
1396976365556947968,1.0
1397039274004201728,0.3333333333333333
1397045321170665728,0.5
1397045958091795712,0.5945945945945946
1397054266233923072,0.5238095238095238
1397060436715048448,0.6666666666666666
1397067823516559360,0.6666666666666666
1397081362690817280,0.5454545454545454
1397113119478231808,1.0
1397115831825098496,0.8571428571428571
1397134117210877696,0.5652173913043478
1397148914438897152,0.0
1397154295489971712,0.625
1397165102821082368,0.2
1397171080933631232,1.0
1397186423575627008,0.5
1397191356261617920,0.7083333333333334
1397208462088554240,0.5
1397211281304952320,0.0
1397607403487185408,0.4
1397627318234205696,0.3125
1397628160021943296,0.4666666666666667
1397641271850705920,0.42857142857142855
1397652352996424960,0.7391304347826086
1397721951045533952,0.5
1397764504351932928,1.0
1397786495224846336,0.3333333333333333
1397789024069533184,0.8181818181818182
1397789546127321344,0.0
1397797234104713472,0.8333333333333334
1397820786998237696,0.6666666666666666
1397854027297918464,0.43333333333333335
1397865050546053888,0.75
1397866785900099328,0.28
1397873347367036672,1.0
1397876825416042496,0.0
1397975314974069760,0.7
1398062247488069888,1.0
1398062393401745664,0.4
1398064998943227392,0.5833333333333334
1398378664892367872,0.75
1398387243139826944,0.4722222222222222
1398397297640318720,0.6
1398499845922956288,0.8571428571428571
1398530360238639104,0.45714285714285713
1398540971423135232,0.5652173913043478
1398568305519910912,0.5
1398577614372754432,0.5
1398581894541147648,1.0
1398634343262455296,0.42857142857142855
1398678884417019392,1.0
1398719834880463360,0.4444444444444444
1398783606598246400,0.3333333333333333
1399035524722765568,0.0
1399037690992166144,0.5
1399102634618581760,0.5769230769230769
1399104479624010240,0.45454545454545453
1399107218958955520,0.4444444444444444
1399133806359881216,0.47619047619047616
1399136711494047744,0.48
1399153979483858944,0.5
1399191424939169536,0.7272727272727273
1399213649787681280,0.625
1399223033563847936,0.5
1399225298587391744,0.0
1399233052715216640,0.16666666666666666
1399265855470198784,0.75
1399267103225971712,0.5483870967741935
1399269202456080896,0.5652173913043478
1399289058589082624,0.875
1399298895897807360,1.0
1399339223157352192,0.6666666666666666
1399361563920940800,0.21052631578947367
1399362467820419072,0.4444444444444444
1399398537748620544,1.0
1399405846101748480,0.71875
1399767815527787520,0.42857142857142855
1399807329462087424,0.0
1399838102665438976,0.75
1399841673970734336,0.75
1399845131396843264,0.5454545454545454
1399881564660581120,0.7111111111111111
1399883145082253312,0.75
1399888332899304960,0.8048780487804879
1399904261152927488,0.375
1399932583793295616,0.4117647058823529
1399958203396377856,0.25
1399976254364383488,0.2857142857142857
1399976450183634176,0.4
1400016596976241408,1.0
1400022526692501760,0.6470588235294118
1400035204618905088,0.6666666666666666
1400064066972167936,0.9310344827586207
1400064085534953472,0.0
1400070721969753600,1.0
1400458277409819648,0.5555555555555556
1400558195399557376,0.7058823529411765
1400566171663624704,0.4444444444444444
1400666250937146624,1.0
1400670935606929408,0.5384615384615384
1400671052108451840,0.2222222222222222
1400703183804569856,0.42857142857142855
1400707343901862144,0.6923076923076923
1400722526344863744,0.6470588235294118
1400731892615985664,0.3333333333333333
1400736626298155520,0.56
1400754835079836928,0.0
1400755776669862400,0.5
1400766402508869632,0.4
1400770074527408128,0.6
1400774737359170560,0.0
1400775057075531520,0.0
1400798716602229504,1.0
1400828849092919040,0.6666666666666666
1400843610927553536,0.4666666666666667
1400852835176465920,0.5
1400875092681608448,1.0
1400904726000540416,0.7692307692307693
1400914383379255808,0.7777777777777778
1400920952436930304,0.8787878787878788
1400988868675251968,1.0
1401239526861744128,0.48148148148148145
1401250599130388480,0.5333333333333333
1401279934507995136,0.0
1401284368954004736,0.0
1401291587452658688,0.5952380952380952
1401292597341560064,0.25
1401329824697278976,0.9714285714285714
1401346727720040704,0.16666666666666666
1401380667005583616,1.0
1401385287536021760,0.75
1401407192758178816,0.625
1401407269074513664,0.5294117647058824
1401416864304212480,0.42105263157894735
1401437049941455104,0.42857142857142855
1401471276441606144,0.4
1401482396821922816,0.8857142857142857
1401492495074232832,0.0
1401536701808635392,0.5
1401614335810894080,0.0
1401667490510514432,0.0
1401938198279443456,0.4
1401938376529553920,0.6756756756756757
1401943813943166208,0.6666666666666666
1401949977324460288,0.375
1401958095141945600,0.6551724137931034
1401960026617555456,0.4444444444444444
1402022529337924352,0.8
1402048246744844288,0.8571428571428571
1402049033925144320,0.42105263157894735
1402103294418453760,0.875
1402126037840937728,0.8571428571428571
1402150418849154560,0.5714285714285714
1402168333233426432,0.4
1402169717323970560,0.38461538461538464
1402190105514217728,0.2857142857142857
1402195368099089152,0.42857142857142855
1402229664422896384,0.46875
1402257990150185216,0.2857142857142857
1402343383121781760,1.0
1402357227571252480,0.7894736842105263
1402393090933467648,0.0
1402629009694212096,0.42105263157894735
1402676772036587520,0.5769230769230769
1402789170806480896,0.7941176470588235
1402806039506982656,0.0
1402807326172165888,0.5833333333333334
1402884277778726912,0.6666666666666666
1402905063253357824,1.0
1402928640822190848,0.5
1402949396759028992,0.68
1402976154267492352,0.6153846153846154
1402995777342693888,0.7857142857142857
1403019764702225152,0.6666666666666666
1403157795146140416,0.6333333333333333
1403225858662785024,0.0
1403423956404838912,0.5
1403439539481815552,0.5
1403442950262594048,0.6666666666666666
1403512575421350400,0.0
1403584919599913728,0.5526315789473685
1403596800079046144,0.6666666666666666
1403598878929946624,0.5
1403651486275761152,0.5
1403676710492944384,0.72
1403697682541262336,1.0
1403740353380215296,0.38461538461538464
1403747597891311360,0.64
1403831655640840192,0.5555555555555556
1404115251619502848,1.0
1404177086656014592,1.0
1404182627809896192,0.4716981132075472
1404205379633134336,0.6666666666666666
1404254894126665472,0.4
1404262263596049408,0.20588235294117646
1404300603386480384,0.16666666666666666
1404308379521453568,1.0
1404312542691989504,0.34782608695652173
1404371615297026048,0.5
1404380751117452032,0.868421052631579
1404413946605611776,0.2222222222222222
1404422500956806912,0.4523809523809524
1404424618731695872,0.9166666666666666
1404425801551843584,0.6666666666666666
1404430107654142720,0.5
1404442790319512576,0.6060606060606061
1404474457916070656,0.4864864864864865
1404496461268751360,0.0
1404756504381817600,0.26666666666666666
1404869310232022784,0.6666666666666666
1404875212640322304,0.6
1404877494880464384,0.42857142857142855
1404883645024811520,0.5
1404895118889499392,0.0
1404904213092085504,1.0
1404905186869726208,0.0
1404918434012621568,0.5151515151515151
1404949484460215296,0.88
1404985931954242048,0.6
1405025438651784448,0.6666666666666666
1405036825158836224,0.5
1405042479734198528,0.75
1405059318876028416,1.0
1405059524813120256,0.725
1405062631042859008,0.6666666666666666
1405069770272559616,0.8709677419354839
1405138049924557056,0.5
1405140053762170624,0.59375
1405140509213973504,0.5
1405161333687469824,0.5
1405162437222707968,0.9047619047619048
1405196458603552000,0.6666666666666666
1405213664964925184,0.8
1405221271349671424,1.0
1405221475931186432,0.5
1405295121532433920,0.35714285714285715
1405308345426363392,0.5
1405312658172432128,0.6071428571428571
1405558866762983936,0.5833333333333334
1405579279108050688,0.7333333333333333
1405587306850453504,0.625
1405609645006029824,0.6153846153846154
1405631121035875584,0.7142857142857143
1405631677503155456,0.7272727272727273
1405641180866958080,0.0
1405676036405501440,0.5714285714285714
1405753897509283840,0.8285714285714286
1405756229223907328,0.6666666666666666
1405814399537390080,0.5769230769230769
1405834898329453056,1.0
1405841884477656064,0.7619047619047619
1405844557168691968,0.0
1405855687455353344,0.4166666666666667
1405859058846287360,0.5652173913043478
1405881782543792384,0.5666666666666667
1405892300164867072,0.6
1405914450505923072,0.7368421052631579
1405942733533388800,0.6578947368421053
1405974188086511872,0.2222222222222222
1405997987861914624,0.2
1406003242430192384,0.5
1406279038773530368,0.6346153846153846
1406298155485511168,0.38095238095238093
1406327094224436736,0.38095238095238093
1406347472485523456,0.42857142857142855
1406366957082134016,0.375
1406373022779132160,0.5555555555555556
1406379342645585664,0.5
1406381399465449984,0.5
1406396912083166208,0.7307692307692307
1406418128073871104,0.5
1406434776863101440,0.5666666666666667
1406450236801323520,0.47368421052631576
1406450725771121920,1.0
1406463296533623296,0.5
1406474455368236544,0.5833333333333334
1406487751935533824,1.0
1406496558073501952,0.5
1406501662866047744,1.0
1406506751307960832,0.0
1406506751384742912,0.5
1406506770887770368,1.0
1406506786557899776,0.0
1406507439552314112,0.5
1406513166806452224,0.8461538461538461
1406528637560035584,1.0
1406534903512956928,0.6875
1406539930877307392,0.3333333333333333
1406543140200351488,0.5333333333333333
1406544119247598848,0.6666666666666666
1406545232139677952,0.0
1406560587101584896,0.0
1406581149841195264,0.375
1406628503393530880,0.5897435897435898
1406694858809291264,0.0
1406765566186810880,0.45454545454545453
1406782345482929920,0.6
1406984091917783040,0.6
1407009515357283328,0.5294117647058824
1407012716592487424,0.75
1407045532797053696,0.0
1407239930016958976,0.3333333333333333
1407244505171177472,1.0
1407309561955828736,0.4444444444444444
1407734439689878272,0.896551724137931
1407745325037101824,0.5
1407786496926463232,0.4
1407790410079725056,1.0
1407878627567829248,0.0
1407882411722107904,0.7692307692307693
1407896956825265408,0.5769230769230769
1407903590595422208,0.5833333333333334
1407904299240171264,0.3076923076923077
1407912357298948096,0.5555555555555556
1407985743424840192,0.0
1408066255686282496,0.9285714285714286
1408081569772850944,0.38461538461538464
1408185428813606400,0.5517241379310345
1408204085630973184,0.65625
1408211135137702144,1.0
1408214225688453376,0.6666666666666666
1408465640014867712,0.4
1408556132566080512,0.5
1408566884314980352,0.375
1408576379377519360,0.875
1408587573969069824,1.0
1408677643012054272,1.0
1408697184610542848,0.43333333333333335
1408699863274646528,0.5
1408721469622168320,0.8695652173913043
1408777306063570944,0.7
1408787842186864640,0.6
1408871381350612480,0.43478260869565216
1409196888417577728,0.5
1409212725897591296,0.5555555555555556
1409221241920238080,0.3684210526315789
1409259524413075200,0.0
1409262175736794624,0.25
1409272734926354688,1.0
1409274854260723456,0.7037037037037037
1409277221371384832,0.375
1409343654890467584,1.0
1409344300535397376,0.7714285714285715
1409356464011669248,0.5833333333333334
1409363527040278272,1.0
1409368609783589120,0.6666666666666666
1409395579390770944,0.7333333333333333
1409404766762553600,1.0
1409412795741118208,0.4375
1409414083823922688,0.875
1409418721778377728,0.7
1409427164788533760,0.0
1409456469804295680,0.6363636363636364
1409481749140857856,0.2
1409489059829678848,0.7307692307692307
1409500884624606976,0.65
1409526154102605056,0.3333333333333333
1409567629516350976,0.5
1409645798205015808,1.0
1409942613421716480,1.0
1409955707749743104,0.5555555555555556
1409976568967135744,0.625
1410003049974374144,0.25
1410061242468724992,0.0
1410071987810374144,1.0
1410073061341213440,0.6666666666666666
1410076766444232448,0.0
1410080936858774272,0.0
1410087494097601792,0.0
1410090606516267776,0.0
1410093478225504768,0.3333333333333333
1410126954004683776,0.8
1410152794349488384,1.0
1410160399668586752,0.4
1410160451844429056,0.7096774193548387
1410191419246651648,0.6
1410240614980165120,1.0
1410307975729537536,0.5625
1410326770055411712,0.6842105263157895
1410329866226741760,0.35
1410611734454339328,1.0
1410646482557222144,0.375
1410655038645125888,0.7
1410662044764945408,0.3333333333333333
1410684724261227264,0.0
1410705399736122368,0.3888888888888889
1410710177775471360,0.0
1410712179265367808,0.5833333333333334
1410732047581773312,0.5
1410733508326006016,0.5806451612903226
1410757248931918080,0.7368421052631579
1410772233980217600,0.6363636363636364
1410777813303835904,0.7142857142857143
1410781079837219840,0.6666666666666666
1410805100941638400,0.5
1410811207971136256,0.25
1410815519729028096,0.6428571428571429
1410833991149570816,0.5714285714285714
1410845157889242368,0.4
1410845418923965952,0.5
1410873078158973952,0.7878787878787878
1410941872113495552,0.6666666666666666
1410946056157540352,0.6956521739130435
1410989882705446400,1.0
1411120773064309504,0.3333333333333333
1411336330387614720,0.42857142857142855
1411358279635809536,0.8275862068965517
1411406265330022912,0.6428571428571429
1411445308917602560,0.25
1411463653655080704,0.42857142857142855
1411469456223162880,0.6086956521739131
1411522886352677376,1.0
1411523990757256960,0.6363636363636364
1411529762207972864,0.5
1411565042817635328,0.6666666666666666
1411625253606865920,1.0
1411661491903467776,0.4
1411664107813933824,0.0
1411717734359086336,0.42857142857142855
1411733682012217344,1.0
1411738293563699968,0.75
1411739770065063424,0.6585365853658537
1411747295594091776,0.4166666666666667
1412033333680053760,0.6363636363636364
1412078772462620928,1.0
1412161313662094080,0.5
1412163688180261120,1.0
1412197536891627008,0.47619047619047616
1412214947796893184,0.0
1412276664846860544,0.53125
1412279044162311168,0.46875
1412281898342619136,1.0
1412293853599805952,0.8
1412296442167914240,0.6666666666666666
1412302113695394048,0.5714285714285714
1412304672222007808,0.5
1412305049060098816,1.0
1412305352294473984,0.0
1412305572868892160,0.0
1412305814436352768,0.5
1412339598679365376,0.38095238095238093
1412348270856457216,0.8571428571428571
1412384369167405568,1.0
1412388702794172160,1.0
1412392323643417856,0.0
1412407764610958592,1.0
1412418965279674112,1.0
1412449786554151936,0.7419354838709677
1412456426319446528,0.37037037037037035
1412464553236615936,0.875
1412493704762483456,0.3
1412560826987308544,0.7941176470588235
1412565449957908480,0.8181818181818182
1412736182417296384,0.52
1412824819429150464,1.0
1412849877700122112,0.4375
1412867977966700032,0.75
1412920951160894208,0.5
1412997832723584768,0.48717948717948717
1412999080639798528,0.6
1413004722094260480,0.9285714285714286
1413032320418962944,0.6666666666666666
1413048550636209920,0.0
1413054200981357824,0.5
1413056978362375680,0.3333333333333333
1413064425998070272,0.6470588235294118
1413074969840364288,0.8
1413084774960381440,0.6666666666666666
1413134597841320704,0.6666666666666666
1413140958984287232,0.5555555555555556
1413173438549431040,0.6666666666666666
1413203825717403136,0.47619047619047616
1413206442818459904,1.0
1413235137903265792,0.6923076923076923
1413259254211757824,0.5
1413497704086662144,0.5
1413572747880864512,0.717948717948718
1413643023164712192,0.5789473684210527
1413668924050692864,0.5833333333333334
1413727081628138752,0.5
1413737793496599040,0.5833333333333334
1413740077713004800,0.3
1413817969444102912,0.42105263157894735
1413851622924749056,0.4117647058823529
1413856031024084736,1.0
1413895646095399168,0.45161290322580644
1413926382662816768,0.8
1414018870256009472,0.0
1414312709672640768,0.0
1414319012616852224,0.5714285714285714
1414324248527122432,0.375
1414331506638120192,0.7666666666666667
1414338927169425664,0.36363636363636365
1414381183021316096,0.5
1414385118187715840,0.6666666666666666
1414405750875414272,0.8
1414421386461541120,0.42857142857142855
1414426102999022336,0.7272727272727273
1414427234684442112,0.5
1414430373250680576,0.11764705882352941
1414432332654862336,0.2222222222222222
1414462575003133440,0.6666666666666666
1414475391072495360,0.42857142857142855
1414479428754691328,0.45454545454545453
1414496568524460032,0.6666666666666666
1414505004080408576,0.5
1414541147844833792,0.36363636363636365
1414567209616528128,0.6666666666666666
1414605049660088576,0.9333333333333333
1414609347138061056,0.0
1414655428221421312,0.75
1414691918113623808,0.4666666666666667
1414981641594854400,1.0
1414983966318656256,0.7142857142857143
1415009709951600128,0.64
1415031964843649792,0.75
1415039987757037824,0.25
1415106982904816896,1.0
1415142617664466176,0.0
1415147008991479296,0.625
1415161812646101760,0.25
1415163573214960128,0.0
1415173255886619136,0.9375
1415182083986096384,0.5
1415214539699072512,0.52
1415223778189992192,0.375
1415225440875713280,0.0
1415244363403465728,0.6666666666666666
1415251459745350656,0.5789473684210527
1415255736624711936,0.5
1415306667081144320,0.5555555555555556
1415333108182923776,1.0
1415389118694206976,0.4358974358974359
1415400924267624704,1.0
1415417774745322496,0.7241379310344828
1415439633686136576,0.21428571428571427
1415467307490841856,0.0
1415723993032077312,0.5
1415790518941267712,0.3333333333333333
1415790519109891328,0.2857142857142857
1415790535947750400,0.0
1415790538507715328,0.25
1415790549886516224,0.2727272727272727
1415792368895983360,0.5
1415800574227680000,0.5
1415807843865553408,0.16666666666666666
1415886756702047232,0.0
1415889241026981120,0.5714285714285714
1415892267099286016,0.6666666666666666
1415895490649987072,0.0
1415896897265791744,0.25
1415900439314648832,0.0
1415905135006541312,1.0
1415913199177888768,0.3333333333333333
1415920067046534912,0.25
1415947824162204160,0.25
1415952782521028608,0.5
1415971902741549824,0.5882352941176471
1415984770114878208,0.3333333333333333
1415993710370094080,0.717391304347826
1416073031364971520,0.14285714285714285
1416095280646599168,0.7142857142857143
1416147779428447744,0.5
1416169292959579904,0.2857142857142857
1416435787631145984,0.0
1416470695391714304,0.5
1416480290197639168,0.0
1416485283837816576,0.6153846153846154
1416494592674629120,0.5
1416495095577778176,0.625
1416496589121206016,0.52
1416510586362118144,0.8571428571428571
1416520749629300736,0.5
1416535424728989952,0.0
1416539227711026944,0.25
1416541082201414400,0.25
1416541705004044800,0.75
1416577058579058944,0.1
1416601691438205952,0.5
1416625565300844544,0.8571428571428571
1416628663292874496,0.125
1416637883208823808,0.6666666666666666
1416655170056107776,0.7142857142857143
1416725070764973568,0.6363636363636364
1416799080837086464,0.75
1416821214419533312,0.5
1416840626973914880,0.0
1416884561996320000,0.25
1417192988091759616,0.7111111111111111
1417210768956215040,0.0
1417238074963214080,0.5217391304347826
1417264809330040576,0.625
1417291065076352512,0.0
1417291249985292032,0.6666666666666666
1417339134852011008,0.8333333333333334
1417345914294685952,0.6923076923076923
1417349916240114688,0.5
1417362272829920000,0.7307692307692307
1417368323787152896,0.4
1417394993030084352,0.5555555555555556
1417396398454430464,0.2857142857142857
1417415853289643776,0.3333333333333333
1417426671926701568,0.0
1417426677781309440,0.14285714285714285
1417441981476884480,0.6764705882352942
1417483358230982400,1.0
1417536286624781312,0.6944444444444444
1417552429222799360,0.3870967741935484
1417574928325436416,0.5
1417883871686415360,0.45454545454545453
1417920200867214080,0.42857142857142855
1417974331028702208,0.7142857142857143
1418008860762336256,0.6
1418025603502012672,0.6
1418080371791766272,0.6060606060606061
1418094071668071424,0.8666666666666667
1418113780811254784,0.5
1418137249651709696,0.5348837209302325
1418195500040838400,0.7391304347826086
1418222135961034752,0.6666666666666666
1418223339877113344,0.8333333333333334
1418276850104079616,0.45454545454545453
1418283039781202432,0.45
1418288849978448896,0.3157894736842105
1418294913210430208,0.7073170731707317
1418382637798164992,0.0
1418634324155948288,0.7222222222222222
1418655034122502144,0.7692307692307693
1418665788125383168,0.25
1418684420329949184,0.0
1418690917314203648,0.5
1418705846622682624,0.38461538461538464
1418712161267353600,1.0
1418712342359553280,0.0
1418714575284087040,0.6428571428571429
1418731516670317824,0.25
1418844606466504704,0.125
1418862580981039360,0.5
1418904473911008000,0.29411764705882354
1418906084008063232,0.5
1418910452115307776,0.5
1418911709584900352,0.0
1418918782605637888,0.5263157894736842
1418924383463920896,1.0
1418939047119069952,0.3548387096774194
1418980255127009024,0.45161290322580644
1418981939522187520,0.0
1418991119209120768,0.4
1418994427046144768,1.0
1419363134985041920,0.5
1419367092671112704,1.0
1419383530101547008,0.47058823529411764
1419402573998380800,0.6470588235294118
1419407871349270528,0.75
1419425915020750848,0.7
1419436123649243904,0.65625
1419464052042429440,0.7647058823529411
1419469615970642688,0.9166666666666666
1419495196830155264,0.7857142857142857
1419526622983643136,0.1111111111111111
1419556817993120768,0.75
1419595025219174400,0.5714285714285714
1419600704396770560,0.6666666666666666
1419607202097500416,0.4642857142857143
1419623497891003136,0.2857142857142857
1419637296318632192,0.25
1419645919600757248,0.6
1419706325884339200,0.6
1419718987506187776,0.0
1419796504337633792,0.25
1420061289967213568,0.4
1420074647174470144,0.0
1420092323109279232,0.6
1420108845096813312,0.5
1420124563284572416,0.875
1420139088579019008,0.42105263157894735
1420142823993048576,1.0
1420161588043023616,0.8055555555555556
1420173278119007488,0.3103448275862069
1420203416986752768,0.41935483870967744
1420219040733189632,0.0
1420223075144545536,0.0
1420258639533441536,0.696969696969697
1420267589207938816,0.75
1420272695588715520,0.6666666666666666
1420305413474959104,0.7647058823529411
1420307738160509184,0.75
1420319604277103616,0.625
1420355908239314176,0.7954545454545454
1420385473704602112,0.5
1420420356028026880,0.25
1420528903405019136,0.5
1420756756413336064,0.5
1420780221943650560,0.7142857142857143
1420785572653637120,0.6470588235294118
1420816950172845824,0.7272727272727273
1420819560777073664,0.6785714285714286
1420840325698211584,0.3
1420861039309523712,1.0
1420863904107215616,0.5333333333333333
1420891746940842240,0.7692307692307693
1420963626880515328,0.8461538461538461
1420967849630948352,0.75
1421009669767124992,0.75
1421012656718037248,0.3888888888888889
1421031468953597184,1.0
1421043945243531776,0.3333333333333333
1421068352063385856,0.3
1421088347439314944,0.75
1421104071638341632,0.6842105263157895
1421112087523136256,0.36363636363636365
1421128910266350848,0.23809523809523808
1421138143921922304,0.625
1421147460793617152,1.0
1421160673217495552,0.43478260869565216
1421260240756574464,1.0
1421488034662506240,0.6944444444444444
1421548487753397504,0.25
1421551448460513792,1.0
1421570406884840192,0.4166666666666667
1421584811843806976,0.3333333333333333
1421621124429926400,1.0
1421642406558788352,0.6666666666666666
1421676076982696704,0.3333333333333333
1421686782007454208,0.6666666666666666
1421690061036192768,0.5
1421696839104082944,0.7777777777777778
1421697247611254784,0.5769230769230769
1421722182206787328,0.6
1421760938850466816,0.3333333333333333
1421783712273920512,0.6666666666666666
1421798276012223488,0.5555555555555556
1421896015539645440,0.25
1421916316524990976,0.0
1422258154829735680,0.6666666666666666
1422265186994624512,0.5666666666666667
1422266737791125760,0.5
1422292468840765440,1.0
1422300027607652352,0.5384615384615384
1422317044361510144,0.3333333333333333
1422387353499827712,0.7142857142857143
1422390959401136640,0.3333333333333333
1422391434083452672,0.5625
1422429695651602944,0.55
1422437677431253248,0.5
1422452823791989760,0.3333333333333333
1422464387115558144,0.625
1422518654960446464,0.5384615384615384
1422537555636064000,0.2631578947368421
1422543436042892800,0.4
1422548675250140928,0.0
1422571982917791488,0.4
1422578601122030848,0.5
1422584245579686912,0.3157894736842105
1422586616742942464,0.15
1422974172215853056,1.0
1422983683823037696,0.6666666666666666
1423018918521851392,1.0
1423019057401521152,0.5
1423042942480992256,0.48
1423045507392360448,0.6
1423108381837626368,0.2222222222222222
1423203729771180544,0.5555555555555556
1423208585681258240,0.8275862068965517
1423214341265761280,0.5555555555555556
1423216027300801280,0.7391304347826086
1423243908847968256,1.0
1423266883355518720,0.5
1423462607846341120,0.0
1423674998638785024,0.3333333333333333
1423724159070842624,0.6
1423773629854748416,1.0
1423775310084758016,1.0
1423788523314891520,0.875
1423791204567073024,0.8125
1423798811109369856,0.0
1423906370160553984,0.3157894736842105
1423941388947074048,0.7777777777777778
1423967589270637312,0.0
1423989864751998976,0.8333333333333334
1424029762398807040,1.0
1424075893107801856,0.75
1424088467979430912,1.0
1424460728137858560,0.0
1424482254017196800,0.5294117647058824
1424510743844222464,0.6666666666666666
1424514157287656192,0.0
1424518037640638720,0.8292682926829268
1424559806175771648,0.5
1424582042334075136,0.36363636363636365
1424608265255982592,0.38461538461538464
1424609462371281664,0.95
1424679020293465344,0.5625
1424683501221516800,0.5
1424693628048271616,0.45
1424694324823873792,0.5
1424699802711229696,0.5
1424735798139369728,0.4444444444444444
1424762763880353024,0.5
1424763575330347008,0.3684210526315789
1424781159773477376,0.5
1424803536760173568,0.0
1424810472191243776,0.75
1424832226339838208,0.42857142857142855
1425124392959388416,1.0
1425142100848940800,0.6470588235294118
1425161662618338816,0.5555555555555556
1425187579266456320,0.75
1425217141033448192,0.6666666666666666
1425241106493981440,1.0
1425250900916848640,1.0
1425294334217739776,0.75
1425334278186566400,0.5555555555555556
1425358758886636288,0.0
1425382762099516928,0.5
1425384410853261568,0.0
1425398248944931328,0.25
1425419116742676480,0.5454545454545454
1425541731223339008,0.5217391304347826
1425583903055586048,0.625
1425586551166573568,0.6052631578947368
1425785020832728832,0.47058823529411764
1425895167655826432,0.6875
1425906412894655232,0.6
1425912152412407808,0.45
1425927706533600768,0.7222222222222222
1426036077119110144,0.0
1426036157888154624,0.5714285714285714
1426095864092908800,0.6
1426116492586841088,0.75
1426130507507408640,0.5454545454545454
1426143527616428032,0.7142857142857143
1426151039890284544,0.0
1426178053361425920,0.6190476190476191
1426206690529794560,0.75
1426225670973302528,0.5
1426232247560109312,1.0
1426237080475497728,0.25
1426256525558659584,1.0
1426282892286609920,0.7
1426598046099098368,0.0
1426618433122039296,0.7777777777777778
1426629375337215232,0.5294117647058824
1426666354264289280,0.45
1426675172868684288,0.0
1426801362334507264,1.0
1426810116279861504,0.3448275862068966
1426835392423177984,0.6
1426866768974090752,0.6
1426879896775315456,0.0
1426880379734777344,0.5
1426926736586282496,0.6
1426959456146638336,1.0
1426960190307165184,0.5
1427347082262689280,0.4375
1427348514518434560,0.3333333333333333
1427368351996784896,0.75
1427377702439533824,0.6666666666666666
1427394948498795264,0.75
1427411282851144192,1.0
1427416349400984576,0.0
1427427944692780544,0.3333333333333333
1427429162374995456,0.6
1427443708156727040,0.3
1427447180998785280,0.4375
1427466015164118272,1.0
1427478832102101760,1.0
1427492669997317888,0.3
1427500373234409216,1.0
1427506195407133952,0.75
1427511977719946752,0.5
1427529124720003840,0.5
1427533406472074496,0.4
1427536863929835264,0.7368421052631579
1427576857580966400,0.0
1427612081522409472,0.45
1427640557523611392,0.375
1427650073759660288,0.4
1427700311293570816,0.5714285714285714
1427702003115109376,0.9333333333333333
1428068194334049536,0.6923076923076923
1428177298701290240,0.6
1428220555306000128,0.3
1428270361249588480,0.5555555555555556
1428344434999209728,0.5
1428412152291775232,0.5
1428428912725764352,0.5
1428456315296328448,0.6428571428571429
1428717546602114048,1.0
1428739737278264064,0.8
1428804862995924736,0.8571428571428571
1428863606645000960,0.7857142857142857
1428952202536339456,0.6666666666666666
1429039112032435968,0.5
1429041686444042496,0.4375
1429049100836098048,0.6666666666666666
1429064376437547776,0.3333333333333333
1429112407140643328,0.5357142857142857
1429487982376365824,0.75
1429503280170299136,0.2857142857142857
1429579380321977600,1.0
1429582054074794496,0.4827586206896552
1429620870538105344,0.3333333333333333
1429642763146019584,0.0
1429654626818833920,0.5
1429664598475549952,0.0
1429664931314567936,0.36363636363636365
1429668864650794240,0.5555555555555556
1429677481634872832,0.4838709677419355
1429689502172101376,1.0
1429736345678848768,0.6
1429739098700452608,0.8333333333333334
1429743038490977792,0.4
1429748110546860544,0.64
1429761196206781952,0.5
1429781670684960768,0.75
1429816305245621760,0.2
1429826741209181440,0.8888888888888888
1429856488247877632,1.0
1429864362770823424,0.8064516129032258
1429896849005323520,0.5853658536585366
1429899823187268608,0.5652173913043478
1429906590850135552,0.5609756097560976
1430215885718667264,0.0
1430225714446681600,0.7
1430230955254984960,0.5555555555555556
1430252010861724672,0.5
1430255526461093888,1.0
1430296815312398080,0.8333333333333334
1430301905026995200,0.4166666666666667
1430319349967538944,0.6666666666666666
1430325650991563776,0.5
1430352023007418368,0.42857142857142855
1430353076407755520,0.7058823529411765
1430384776325034752,0.25
1430387281571992576,0.0
1430394062848062976,0.16666666666666666
1430414722141397760,0.6923076923076923
1430498744329480192,0.6666666666666666
1430505948050641664,0.6666666666666666
1430549695559778816,0.38461538461538464
1430619063558786048,0.5555555555555556
1430624254347689472,0.5454545454545454
1430696743402365184,0.42857142857142855
1430932320653939200,0.375
1430948206526072320,0.5454545454545454
1430951908872435456,0.43478260869565216
1430959466948855296,0.25
1430973042233181696,0.6363636363636364
1430973122535245824,0.6875
1431006337821579264,0.8518518518518519
1431014210487338240,0.625
1431065384541632256,0.5714285714285714
1431103906135785472,0.38461538461538464
1431108696844877568,0.38461538461538464
1431138131735665152,1.0
1431139418180210176,0.6
1431142763000544256,0.5
1431151649121986816,0.0
1431175786334979584,0.8888888888888888
1431179580653741056,0.9375
1431198901847768832,0.75
1431217222608644864,0.3333333333333333
1431260403394307840,0.3333333333333333
1431648447880633088,0.6
1431651554195419136,0.0
1431663022399485696,0.5
1431665743192247552,0.0
1431669425793424640,0.42857142857142855
1431759674822036736,0.0
1431807730883333376,0.6296296296296297
1431815312174435328,0.3333333333333333
1431817520193508096,1.0
1431832343722378496,0.46153846153846156
1431835578900227840,0.3333333333333333
1431904364049491968,0.75
1431909818031658240,0.5
1432044544917851904,1.0
1432339572356439296,0.7368421052631579
1432381596546974720,0.3333333333333333
1432400291307624960,0.3333333333333333
1432423904442642176,0.6666666666666666
1432463916340082176,0.5384615384615384
1432470467049013760,0.4444444444444444
1432471795625822720,0.3333333333333333
1432477179661148672,0.46153846153846156
1432499928264761600,1.0
1432530778855407104,0.32432432432432434
1432556452613132032,0.6875
1432563043480752640,0.3333333333333333
1432605013584570368,0.7142857142857143
1432633457674829056,0.71875
1432636199498373376,0.38461538461538464
1432672288025746688,0.5
1432676701976203264,0.5714285714285714
1432756892912401920,0.8571428571428571
1432784812982845440,0.0
1433105667911435776,0.7391304347826086
1433164834579272704,1.0
1433221576111203840,0.4444444444444444
1433279621764772352,1.0
1433318662818684672,0.4166666666666667
1433379545108976384,0.7368421052631579
1433809287336019712,0.0
1433843179453320192,0.0
1433872840973602560,0.5
1434139398426892544,0.5
1434176737406095104,0.5
1434201273415383040,0.25
1434528539035634432,0.45454545454545453
1434613173951404544,0.0
1434712782970937856,1.0
1434776336023586304,0.0
1434854381495523584,0.43478260869565216
1434868898563398144,0.14285714285714285
1434938711502491904,0.0
1435255340417362688,0.0
1435282913735397632,0.5
1435300309176403712,0.4
1435302044822675712,0.3125
1435323551987815424,0.3333333333333333
1435352707396474112,0.4722222222222222
1435466659818624000,0.4090909090909091
1435470737679778048,0.9333333333333333
1435477736112646656,0.0
1435491823260639232,0.3333333333333333
1435519992624612352,0.4
1435534308334950400,0.9714285714285714
1435558238952762368,0.0
1435566680978526976,0.6666666666666666
1435600126455612928,0.75
1435611849880163584,0.5
1435645131427286272,0.0
1435654795430043648,0.71875
1436014247213269760,0.52
1436018487081390592,0.36
1436112387019512320,1.0
1436208519681363712,0.6666666666666666
1436213337549282048,0.6666666666666666
1436223790727352064,0.75
1436241436305986048,0.0
1436245528971246336,0.5
1436250353782435328,0.7
1436269543088216064,0.75
1436303181214639616,0.3333333333333333
1436374448482073856,0.7
1436374978059397888,1.0
1436400402438226176,0.6
1436466571170168064,1.0
1436735005110841856,0.6216216216216216
1436741764017945088,0.6923076923076923
1436753178030607360,0.4
1436769455022949376,0.2222222222222222
1436777897501108224,0.5555555555555556
1436783208932048384,0.0
1436785981297906944,0.5833333333333334
1436836348042326016,0.42857142857142855
1436843170763020032,0.6842105263157895
1436878932720431616,0.4074074074074074
1436887231077976576,0.5
1436988147382767104,1.0
1437001330720203776,0.4
1437022805768877568,0.6
1437072103149364224,0.5238095238095238
1437479534750505472,0.6206896551724138
1437501604341135360,0.5
1437511316524887808,0.4166666666666667
1437534115350417152,0.75
1437565340703720192,0.4375
1437589591138227712,0.4
1437604024030560000,1.0
1437628879199070464,0.25
1437672094120384768,0.3333333333333333
1437696441898836736,0.5294117647058824
1437718753052012800,0.64
1437870948447000832,1.0
1438242112565640448,1.0
1438294585011070464,0.0
1438476928111630080,0.4782608695652174
1438481355765120768,0.2
1438535542895910400,0.6666666666666666
1438553534361497088,0.6153846153846154
1438743197687052032,0.0
1438936099412566272,0.2
1438970880168736000,0.3333333333333333
1439053566152442880,0.0
1439099758664045312,0.2
1439099874315542528,0.75
1439128350682489600,0.3333333333333333
1439130435372972032,0.36363636363636365
1439187404789981952,0.5833333333333334
1439248780979257088,0.75
1439281771913764608,0.14285714285714285
1439311314958258176,1.0
1439314876060768768,1.0
1439330912899025408,0.38461538461538464
1439417789689826304,0.6666666666666666
1439587834052184576,0.7083333333333334
1439611503213845248,0.0
1439680696740978176,0.0
1439693109556899840,1.0
1439712496464748800,0.45454545454545453
1439719294024217344,0.375
1439817213350224896,0.5
1439829805128148480,0.9090909090909091
1439862290108353280,0.7
1439870004508381440,0.5
1439876688920534784,0.5
1439917675628611328,0.8333333333333334
1439964760084532224,0.6666666666666666
1439969933088227840,0.7368421052631579
1439970978838531584,0.6071428571428571
1440122013998181120,0.5454545454545454
1440294970820890880,0.5882352941176471
1440319255575340032,0.25
1440335673772336128,0.6818181818181818
1440392934846388736,0.3333333333333333
1440413749769669888,1.0
1440435527405770240,0.38461538461538464
1440437288647440640,0.7857142857142857
1440445766596626944,0.42857142857142855
1440494882783429376,0.9166666666666666
1440514753327696384,1.0
1440522178207253504,0.5769230769230769
1440537138129745664,0.0
1440543826809530624,0.75
1440555183981261312,0.0
1440599984616097536,0.68
1440635629278165504,0.44
1440650692276841216,0.25
1440656012821562624,0.0
1440757340850182400,0.3333333333333333
1441089651607771136,0.4375
1441090341530716928,0.6666666666666666
1441100919655781632,0.6666666666666666
1441123021393428736,0.631578947368421
1441143019542381056,0.2222222222222222
1441163294196328704,0.625
1441170851334552320,0.6666666666666666
1441212459864029184,0.3333333333333333
1441228973189741056,0.14285714285714285
1441238098333626112,0.5
1441242623231475200,0.6086956521739131
1441272999254124800,0.5
1441274668250886912,0.8461538461538461
1441285619300407808,0.6666666666666666
1441347995135836416,1.0
1441362667689844480,0.3333333333333333
1441369202520009216,0.7142857142857143
1441389442134435072,0.6388888888888888
1441404136628302848,0.782608695652174
1441429994549104896,0.0
1441449670385982976,0.3333333333333333
1441830435054915840,0.07142857142857142
1441836053192581376,0.0
1441836114368546304,0.45454545454545453
1441846525547642624,0.7142857142857143
1441851568658383872,0.2857142857142857
1441854101361707776,0.3333333333333333
1441864496877263360,0.4666666666666667
1441864578383316224,0.3333333333333333
1441872664660937728,0.3333333333333333
1441875064863299584,0.8
1441900027760780544,0.6551724137931034
1441949314810966016,0.0
1441973306775690752,0.6666666666666666
1441976000653079040,0.6
1441980618888874496,0.71875
1442002512673310720,0.5
1442009226892268032,1.0
1442028859519606272,0.2857142857142857
1442075099080402944,0.7083333333333334
1442116654778417920,0.3333333333333333
1442188014125991936,0.42105263157894735
1442356746398325760,1.0
1442517064778127616,0.5
1442528924402640128,0.7
1442545882311661312,0.5
1442577825392855296,0.7142857142857143
1442586212263612160,0.3333333333333333
1442590139360251392,0.3076923076923077
1442714453163244288,0.5217391304347826
1442757506068077568,0.95
1442761211863502080,0.23529411764705882
1442765660776119040,0.7948717948717948
1442790625632154880,0.18181818181818182
1442807288982658816,0.38461538461538464
1443406038323859200,0.14285714285714285
1443414368881022976,0.5
1443478444938629632,1.0
1443481407060628992,0.8
1443498202967911936,0.4
1443546466497933056,1.0
1443565569755439872,0.16666666666666666
1443592388037484032,0.4375
1443608432382326272,0.17647058823529413
1443972546882213120,0.375
1444046601301479168,0.0
1444082087106107136,0.25
1444191104047568384,0.3333333333333333
1444206443691275776,0.47619047619047616
1444224791157168896,0.6
1444228129675597312,0.75
1444269966025337344,0.6521739130434783
1444315900193532160,0.4444444444444444
1444407015431577344,0.36
1444421897137243136,1.0
1444460682360551424,0.8333333333333334
1444669461603523584,0.5
1444687694235047936,0.4
1444739258275500800,0.36363636363636365
1444751672572067072,0.2222222222222222
1444772016504537856,0.45
1444789414643264768,0.5
1444836391113547520,0.375
1444888043063563520,0.25
1444910141839671808,1.0
1444931862522336256,0.0
1445042093045768192,0.42857142857142855
1445053010655268352,1.0
1445078169822629120,0.59375
1445082426114129152,0.7
1445104338992665344,1.0
1445252703269547520,0.5
1445252804884451584,0.0
1445449519932047616,0.3333333333333333
1445491052999535872,0.0
1445491333589427712,0.0
1445491338015905024,0.0
1445508766228893696,0.5
1445528037824018688,0.0
1445564883680591872,0.8571428571428571
1445609778724848896,0.6511627906976745
1445665922532212736,0.5
1445681981647416320,0.47368421052631576
1445695122609469184,0.4583333333333333
1445723228745404928,0.0
1445745392292041472,1.0
1445745991694002176,0.0
1445795843072911360,0.6
1445807213448658432,0.375
1445827805431069440,0.5
1445861027182247168,0.7647058823529411
1446062937628785920,0.0
1446134991607246592,0.5
1446202699114443008,0.7
1446209577912377088,0.0
1446223302893273600,0.5897435897435898
1446249132911205632,0.0
1446348165466893056,0.625
1446352009520329728,0.6153846153846154
1446401253075672064,0.6666666666666666
1446441998189362944,0.0
1446465719287286784,0.5
1446866857947580416,0.5428571428571428
1446926920080458240,1.0
1446961095831458816,0.6071428571428571
1447013821260631296,0.25
1447018373314865152,0.6363636363636364
1447038215002490368,0.5555555555555556
1447062637784542976,0.5714285714285714
1447066951207682816,0.2
1447074730744905216,0.375
1447079829416526080,0.0
1447083877192274944,0.5555555555555556
1447084036301236224,0.5833333333333334
1447095342338282752,0.75
1447097744830794752,0.6666666666666666
1447100161468478464,0.0
1447106772886093568,0.8888888888888888
1447108018225853184,1.0
1447157211255709440,0.38461538461538464
1447205567397137664,0.75
1447581018566997504,0.0
1447588721110600704,0.25
1447624491884287232,0.5
1447661617733302016,0.37037037037037035
1447670944405423872,0.0
1447687813350864384,0.6666666666666666
1447688078117924864,0.6666666666666666
1447766074103720960,0.0
1447776073001455104,0.5
1447836679559876608,0.3333333333333333
1447841316946111232,0.25
1447875318694937856,0.25
1447897990477925120,0.6818181818181818
1447900982253589760,0.5714285714285714
1448364277060154368,1.0
1448428680121021184,0.5217391304347826
1448436440814556160,0.2857142857142857
1448532374421247232,0.7419354838709677
1448564295425490944,0.0
1448569923110489088,0.8076923076923077
1448621444478374144,0.3333333333333333
1449055414581357312,1.0
1449119799531980288,0.3125
1449221594777112320,0.6666666666666666
1449222403226709248,0.3333333333333333
1449322139027838464,0.5
1449332052470315520,0.7142857142857143
1449348132594824448,0.5666666666666667
1449355699769826304,0.3888888888888889
1449355820247202304,0.2727272727272727
1449356606731736576,0.0
1449357591596589056,0.3939393939393939
1449375191546533888,0.5652173913043478
1449543918543450624,0.6
1449550891208929536,0.0
1449753600564593664,0.0
1449776052840713216,0.5714285714285714
1449792113663723008,0.7857142857142857
1449809304425216768,0.6666666666666666
1449869298890009088,1.0
1449931205677259776,0.8
1449957011442572288,0.0
1449963371296044032,0.625
1449983667357420544,0.8235294117647058
1449987222232525568,1.0
1449989374999385600,0.7142857142857143
1449996843240387840,0.2727272727272727
1450048266165656832,0.36363636363636365
1450063773719919360,0.3333333333333333
1450121150457118208,0.6153846153846154
1450167545627709696,0.4666666666666667
1450272417815293184,0.3333333333333333
1450505927574140160,0.2857142857142857
1450555675653987328,0.2857142857142857
1450582013488503296,0.0
1450586433681911552,1.0
1450599118750996992,0.5
1450626234813230080,0.46153846153846156
1450627673777403648,1.0
1450638294339708928,0.7692307692307693
1450665922577639424,0.5588235294117647
1450691703145130752,0.64
1450701049585609984,0.631578947368421
1450722050520882688,0.75
1450753569497255168,0.0
1450790059723731712,0.4
1451310705103316992,0.2222222222222222
1451337185517114624,0.8484848484848485
1451338566147616000,0.5142857142857142
1451379046716779520,0.6666666666666666
1451401171000084992,0.0
1451427802410870784,1.0
1451445324107691520,0.5333333333333333
1451454649404822528,0.0
1451457994344612352,0.7272727272727273
1451489675611209728,0.25
1451554510137408000,0.7647058823529411
1451614863542259200,0.5185185185185185
1451638439805068288,0.3684210526315789
1451651614060664832,0.2857142857142857
1451665019318334976,0.7272727272727273
1451667940653844992,1.0
1451889224852325888,0.5384615384615384
1451969516395572480,0.75
1451999449122261760,0.4
1452028838513475072,0.5
1452043080245117440,0.0
1452072210959671296,0.75
1452106910325632768,0.6363636363636364
1452131663510278912,0.0
1452177897100486912,0.6
1452199979536056576,0.2727272727272727
1452324031924095232,0.0
1452392642257769216,0.3333333333333333
1452406338405902080,0.5
1452650796201760000,0.3333333333333333
1452719196848997888,0.6
1452737963074949888,0.8
1452811808729013248,0.3333333333333333
1452835958223491584,1.0
1452844594218184704,0.75
1452847843817932800,0.6
1452871497049355264,0.4166666666666667
1452882048535831040,0.3125
1452883048791016960,0.75
1452897483328739840,0.5833333333333334
1453055425996975104,0.55
1453247989686406912,0.0
1453356575467448832,0.0
1453395518523897344,0.0
1453412616607242240,0.3333333333333333
1453542218353998336,0.875
1453552505954959616,0.5
1453567860020650496,0.7368421052631579
1453577288196987392,0.25
1453618031156983808,0.78125
1453712678915047680,0.0
1453942754904987904,0.88
1453945880417010688,0.3333333333333333
1454161054936271360,0.64
1454165800654321920,0.5333333333333333
1454170940900853248,0.0
1454175041258051072,0.2916666666666667
1454214902383808000,0.8947368421052632
1454249721211608320,1.0
1454339291259550720,0.3
1454356263098260224,0.35294117647058826
1454380122210104064,0.375
1454404244984863488,0.2777777777777778
1454428885438473984,0.46153846153846156
1454492747604401408,0.7
1454557285443988480,0.25
1454887868397449216,0.5
1454893933812489728,0.75
1454905211771132672,0.375
1454969951345967616,0.5
1454985755215746560,0.5
1454994196618466304,0.5
1455043534265565440,0.5
1455046764488726784,1.0
1455055287821258240,0.0
1455084055267345664,0.65
1455148967429351936,0.6
1455157347908298752,0.8333333333333334
1455444585194930176,1.0
1455553697481446912,0.6666666666666666
1455574134850169856,0.5
1455578418144836096,0.5
1455581675753892352,0.5238095238095238
1455617003750484736,0.23529411764705882
1455657564436046336,0.0
1455660283009696000,0.4
1455663681669947648,0.5454545454545454
1455665987492816896,0.3333333333333333
1455679877687017472,0.75
1455697112733231360,0.5
1455699995646594816,0.16666666666666666
1455733031463433216,0.5
1455747478161303552,0.5
1455748062730713088,0.5
1455767474260390144,1.0
1455774328401864960,1.0
1455800853191457024,0.5
1455813623064559872,0.6363636363636364
1455815824783427840,0.7
1455825478527443456,0.6363636363636364
1455831250319442688,0.5
1455840891246586880,0.0
1455869510993030144,0.7142857142857143
1455882164696493056,0.4166666666666667
1455924253092193536,0.0
1456296717706569472,0.0
1456321520594847488,1.0
1456327681598746112,0.4
1456366022573353216,0.5
1456398922704353792,0.43243243243243246
1456409339440257024,0.6666666666666666
1456488871831361792,0.45454545454545453
1456498911064353024,0.5714285714285714
1456513568797329920,0.5
1456514934077515008,0.4444444444444444
1456522849924686848,0.3333333333333333
1456525404894383872,0.5
1456539168591470336,1.0
1456548070452098560,0.2608695652173913
1456557506553140736,0.35714285714285715
1456561652871234816,0.4375
1456563878543707904,0.35714285714285715
1456566767190877184,0.6
1456567062074001920,0.6521739130434783
1456661153929597952,0.0
1457023754670644736,1.0
1457048747210537216,1.0
1457063872933643008,1.0
1457073976130419968,0.0
1457102675618780672,0.1111111111111111
1457121060733690880,0.3333333333333333
1457168115503529984,1.0
1457179120727268096,0.25
1457182691306270208,0.5454545454545454
1457188497895229952,1.0
1457191515531054848,0.25
1457209368482267392,0.34375
1457211192096822784,0.0
1457222433841192448,0.0
1457230180563790080,0.6363636363636364
1457233698447720192,0.7142857142857143
1457239575754468608,0.4444444444444444
1457252598731303424,0.5714285714285714
1457255708835879680,0.6666666666666666
1457350750427042816,0.7333333333333333
1457362316300187136,0.4
1457394298328790528,0.7307692307692307
1457395101920676864,0.6956521739130435
1457487728069853440,0.6153846153846154
1457491426072909312,0.6
1457647163533356800,1.0
1457755406242694144,0.7
1457779831274651648,0.46153846153846156
1457785377151536128,0.23076923076923078
1457793373117580288,1.0
1457801627277684736,0.0
1457816121642007552,0.0
1457874734166556672,0.0
1457900074850702336,0.0
1457928050881608960,1.0
1457931954605630720,0.6666666666666666
1457941399841061888,0.0
1457970222594093824,0.0
1457983471427389952,0.6
1457987141007883264,0.631578947368421
1458019536015995392,0.3333333333333333
1458039592392679424,0.5
1458046593974498048,0.6046511627906976
1458048496996382720,0.45714285714285713
1458059384434601728,1.0
1458063996420749824,0.5625
1458073949806131712,0.35714285714285715
1458083765348356096,0.6
1458095883930751488,0.5454545454545454
1458139269042351360,0.8333333333333334
1458476532911648000,0.5
1458513348566247680,0.3235294117647059
1458527382890127104,0.45454545454545453
1458530181442956800,0.0
1458642458331652096,1.0
1458645836376951040,1.0
1458666555721363200,0.7857142857142857
1458726862427609856,0.3333333333333333
1458732764784900864,0.5
1458734168125764864,0.0
1458741972330994944,0.5
1458747854466639104,0.5
1458757166269445888,0.6666666666666666
1458760511985566720,0.5
1458853003116194304,1.0
1458920891492258816,0.6444444444444445
1459110977954847232,0.5263157894736842
1459326149609740544,0.4375
1459376560844466432,0.34782608695652173
1459437042435817472,0.5833333333333334
1459441516463081984,0.75
1459443170183607552,0.5
1459489308421147648,0.5384615384615384
1459545399874716672,0.2857142857142857
1459596624692863488,0.3333333333333333
1459661976960879104,0.3125
1459722565097045504,1.0
1459936232689312768,0.75
1459962370930509824,0.5
1459974010914576384,0.0
1459974774461682176,0.0
1459989577633903872,0.5
1460017679389422592,0.5
1460056416716666624,0.3076923076923077
1460074856889095680,0.75
1460090688206118144,0.3125
1460108112656482560,0.5882352941176471
1460109576270565632,0.75
1460112764878808832,0.2857142857142857
1460143582152452608,0.625
1460153562137997312,0.5
1460158186620317952,0.5
1460258265170424320,0.7037037037037037
1460263244303191296,0.7586206896551724
1460264053852353792,1.0
1460267185509153024,0.5
1460665939819813888,0.0
1460717695866504192,0.0
1460723614925856256,1.0
1460732018626855424,0.3333333333333333
1460738402934133504,0.18181818181818182
1460749948434247424,0.09090909090909091
1460754468340445952,0.45454545454545453
1460758083213095936,0.4
1460775580074277376,0.4
1460778860971743488,0.8333333333333334
1460786716740042752,1.0
1460798526950106112,0.0
1460809373022650368,0.5
1460817895724021248,0.5
1460857142086537984,0.8
1460976585254839296,0.25
1461051059407571712,0.5
1461417173198320896,1.0
1461440452967392768,0.8
1461453052876529152,0.0
1461464035056854016,0.8461538461538461
1461503435362191872,0.75
1461509208293445120,0.75
1461530325411813376,0.5185185185185185
1461562302246289920,0.2
1461594606887357696,0.0
1461620282430507520,0.35714285714285715
1461660341288162816,0.5882352941176471
1461663507956047104,0.42857142857142855
1461704569280734464,0.5555555555555556
1461706380749615360,0.6666666666666666
1461772339165182464,0.5
1462096591595781888,0.4
1462124460114606592,1.0
1462132610504743680,0.6666666666666666
1462142452282335744,0.7142857142857143
1462149575471542784,0.4
1462153491771233024,1.0
1462174186958971136,0.8214285714285714
1462185620073263616,0.4444444444444444
1462186269731991552,0.8181818181818182
1462190129132763392,0.125
1462202572006020352,0.5217391304347826
1462256535794873856,0.75
1462262518599908096,0.4
1462282573374033408,1.0
1462289033637315328,0.6923076923076923
1462313703345126144,1.0
1462320857213808640,0.6666666666666666
1462345271151098880,0.5294117647058824
1462359317191733760,0.6666666666666666
1462359666773037824,0.23809523809523808
1462420165744388352,0.0
1462424418615867392,0.4117647058823529
1462453290985929472,0.6923076923076923
1462520204714201600,0.26666666666666666
1462816710792124416,0.3333333333333333
1462872901719863040,0.4117647058823529
1462896815729327616,0.0
1462903478422829312,0.7272727272727273
1462918219381211136,0.4
1462952557926008320,0.5
1462972885361510144,0.0
1463052862194741248,0.9
1463088612172172544,0.6
1463489779520062976,0.375
1463571710231197184,1.0
1463598759678522624,0.75
1463711550211915008,0.4375
1463712564952963328,0.5
1463770505002556160,0.75
1463796628489255168,0.7272727272727273
1463833671984832256,0.3333333333333333
1463857833413282560,0.5
1463862857959592192,0.6764705882352942
1463876389864624384,0.0
1463927832760072192,0.6111111111111112
1463936026915697664,0.8
1463939697180430592,0.4090909090909091
1464220292992334592,1.0
1464300341756088320,0.3076923076923077
1464388424240512000,0.5
1464410711230688768,0.391304347826087
1464508401462249728,0.5
1464516719216846080,0.5
1464523272659512832,0.45454545454545453
1464523393677980928,0.42857142857142855
1464680965167125504,0.6923076923076923
1464780619372417536,0.6666666666666666
1465005258517031424,0.0
1465037928789143296,0.7
1465039383848480256,0.4444444444444444
1465048619328136704,0.5
1465071543036578816,1.0
1465078635466197248,0.0
1465092043281581568,0.3076923076923077
1465138282066473984,0.0
1465147672523451392,1.0
1465216540328378624,0.6111111111111112
1465273183671315712,0.8421052631578947
1465297411158958848,0.5
1465320086712111104,0.6
1465343961864455936,0.0
1465356643698038272,0.0
1465388850817475328,0.3888888888888889
1465796780155946752,0.631578947368421
1465809425963951616,0.35294117647058826
1465840099391029248,0.2727272727272727
1465883986247678976,0.6
1465884771132723712,0.3333333333333333
1465909610541501184,0.5384615384615384
1465914481395874304,0.6153846153846154
1465973731499464192,0.631578947368421
1466020906165515264,0.2857142857142857
1466021210795530496,0.0
1466085409596527104,0.0
1466089303138196480,0.0
1466091403817941760,0.6111111111111112
1466447757990814464,0.5454545454545454
1466454914626423552,0.75
1466490339450818304,0.5714285714285714
1466513213837755392,0.5714285714285714
1466518264395003648,0.5625
1466652380857703680,0.3
1466658479076154112,0.5714285714285714
1466669334693307136,0.375
1466672171398564608,1.0
1466679071762484992,1.0
1466691334562166784,0.09090909090909091
1466708891498060544,0.5
1466726796361120768,0.4583333333333333
1466891233692215552,0.25
1467142420408169728,1.0
1467146380448011264,0.6
1467192316794017792,0.0
1467205187524057600,0.3
1467209156711002880,0.5714285714285714
1467220738312280064,0.0
1467222385845882368,0.0
1467223481026125824,0.7333333333333333
1467229194831572992,0.0
1467283463384922880,0.46153846153846156
1467287467681275136,0.3333333333333333
1467306701635071744,0.5
1467312907813549312,0.375
1467316052840931584,0.6
1467333189547403008,0.6
1467383219180999168,0.5384615384615384
1467420124073195776,0.5
1467461052196783872,0.6666666666666666
1467586888044492288,0.3
1467758506467176704,0.5
1467866619121009920,0.6470588235294118
1467929181002618112,0.3333333333333333
1467984200893202176,0.3333333333333333
1468006627422435328,0.8
1468039565340691456,0.5
1468040953458279424,0.5
1468054808145556992,0.7575757575757576
1468065705499874560,1.0
1468066211278868992,0.6
1468097805457456384,0.2222222222222222
1468129241600365824,0.75
1468136896424920832,0.6923076923076923
1468149494469575424,0.5
1468162305677172480,0.7142857142857143
1468163831947450112,0.5
1468281779292436480,0.25
1468325378890445056,0.4444444444444444
1468343972901820672,0.6666666666666666
1468408337707950336,0.16666666666666666
1468417284970912768,0.375
1468771206844315904,0.6666666666666666
1468786853363870720,0.5
1468825596123382784,0.41379310344827586
1468834970728737280,1.0
1468854323931840512,0.0
1468883343482905856,0.4
1468891815630553344,0.0
1468989658656066304,0.16666666666666666
1469012274118236160,0.5714285714285714
1469300659812079104,1.0
1469347380828889088,0.6666666666666666
1469381270413765632,1.0
1469388969093159168,1.0
1469420326362568192,0.6111111111111112
1469480747196640000,0.35
1469491887423766784,0.46153846153846156
1469568569550554624,0.5
1469585454150296832,0.5714285714285714
1469655070667121664,0.5833333333333334
1469735659646540800,1.0
1470048787470359552,0.8333333333333334
1470055297541478656,0.14285714285714285
1470180691860964096,0.5555555555555556
1470181598403015936,0.4
1470185753758894080,0.75
1470226705420436736,0.25
1470241977639391232,0.7777777777777778
1470243806214255104,0.3333333333333333
1470251997939767040,0.8235294117647058
1470257556995507968,0.5
1470263869718042368,0.5
1470265778792390656,0.875
1470267957974931456,0.3333333333333333
1470273585000376320,0.35
1470275959601855232,0.5882352941176471
1470313120775665152,1.0
1470319743231314944,0.3333333333333333
1470334904990785536,0.6666666666666666
1470353453839468800,0.6
1470945357288683776,0.3
1470993998550210048,0.0
1471000688649038080,0.5555555555555556
1471001105147813376,0.16666666666666666
1471004754660719872,0.6
1471008376533720832,0.5
1471017416423534080,0.5714285714285714
1471019010357412608,0.625
1471019038467808768,0.36363636363636365
1471023243773269248,0.45454545454545453
1471059178611234816,0.5
1471064551907664896,0.5833333333333334
1471072780644656128,0.7272727272727273
1471083985835888384,0.5
1471115927480405248,0.5833333333333334
1471570266339880704,0.36363636363636365
1471575970202176256,0.0
1471579627204068096,0.0
1471600942882133760,0.2
1471620325665255680,0.7692307692307693
1471624358398224896,0.3333333333333333
1471654211450147584,1.0
1471677534486186240,0.0
1471685899634069248,0.5
1471695048236092928,0.0
1471741611967725568,1.0
1471829256786794496,0.5
1471840061769027072,1.0
1471903308370259200,0.0
1471903747368939520,1.0
1472191653661270016,0.625
1472225589076032768,0.3
1472287909690191360,0.8333333333333334
1472365971344256512,0.5294117647058824
1472398418766725888,1.0
1472408319187804416,0.625
1472408864832003840,0.5
1472409629529939712,1.0
1472426802664605184,0.75
1472434156114792448,0.2857142857142857
1472440341186579200,0.6666666666666666
1472448673386341632,0.23076923076923078
1472454170446126336,1.0
1472454230731405824,0.3333333333333333
1472460839729884416,0.5
1472464476598304512,0.75
1472469371485419264,0.5714285714285714
1472507203355878656,1.0
1472598383004589312,0.75
1472986109127629056,0.2857142857142857
1472996546097118464,0.5
1473032204157583616,0.631578947368421
1473032497198735872,0.625
1473172082373605888,0.0
1473256684106769152,0.5
1473260953670046720,1.0
1473275044938173696,0.0
1473308610949212672,0.0
1473321745556078592,0.21428571428571427
1473325056781436160,0.4
1473337326836070912,0.5
1473341440317057536,0.0
1473724127773396736,0.5833333333333334
1473725606206016512,0.0
1473726705576337920,0.3333333333333333
1473746508726377728,0.0
1473803855454196224,0.7
1473812677103143936,0.0
1473816149570748160,0.15789473684210525
1473856786365927168,0.3333333333333333
1473962607939421184,0.6923076923076923
1473986404188109312,0.7058823529411765
1474078413102528768,0.25
1474418316964560896,0.5
1474638746282180352,0.5
1474687915105569536,0.35
1474813641707086336,0.8
1475121765332984320,0.8
1475159083985064448,0.6666666666666666
1475160271292276736,0.5
1475200084622316032,0.8571428571428571
1475216570518224640,0.5789473684210527
1475281044756758016,0.3333333333333333
1475291532407908608,1.0
1475309867981313280,1.0
1475320486230951936,1.0
1475320520331808256,1.0
1475321621737191424,0.6875
1475321886902945536,1.0
1475323687643045632,0.5384615384615384
1475327479759020800,0.0
1475328691747298560,0.0
1475399088718857472,0.75
1475409577436479232,0.6
1475428009336451072,0.6
1475445983757711360,0.625
1475460612337991680,0.5454545454545454
1475800925911609088,0.5
1475887952593781248,0.42857142857142855
1475944753313005312,0.5625
1475988538365528832,0.7083333333333334
1476016933732903936,1.0
1476028032854774272,0.5
1476055966794014464,0.0
1476068764034535424,0.9230769230769231
1476147270782740224,0.3076923076923077
1476281597383359744,0.0
1476545542325855232,0.6470588235294118
1476586459418910720,0.5
1476599756963916544,0.6842105263157895
1476617833761764608,0.0
1476618987062794752,0.47368421052631576
1476623253007719936,0.0
1476625048090489856,0.0
1476631081768865792,1.0
1476655179631209472,0.5
1476660367118381056,0.3333333333333333
1476671615299530496,1.0
1476672928705160192,0.6666666666666666
1476676436340881920,0.2727272727272727
1476681994692463360,0.0
1476690990400319232,0.25
1476757170639368960,0.6
1476782780655169792,0.1875
1476782782468269312,1.0
1476795126237113856,0.5
1476797178381004800,0.3333333333333333
1476804813354754304,0.36363636363636365
1476834144529349888,1.0
1476846662491362816,0.3888888888888889
1476856388438573824,0.5555555555555556
1476898805894895360,0.6666666666666666
1476906483738223360,0.0
1476929889522932992,1.0
1476965401655977984,0.0
1477004919826616576,0.4
1477331461586774016,0.5
1477339755865660416,0.0
1477355593527123712,0.6875
1477372192522788864,0.5454545454545454
1477373264892534016,0.0
1477373757905402880,0.4
1477378251486187264,0.0
1477385912590382080,0.0
1477463880148533504,0.45454545454545453
1477467578516764160,0.6666666666666666
1477475685932615168,0.7647058823529411
1477492520539120896,1.0
1477527538295396864,0.3333333333333333
1477529591026959872,0.45454545454545453
1477545436680335104,0.7096774193548387
1477551406729834752,0.5
1477568802666514432,0.3888888888888889
1477591497328852224,0.2857142857142857
1477597899976888576,0.7142857142857143
1477605224664857344,0.6818181818181818
1477640927019868416,0.5
1477676311057594880,0.0
1478010338749844480,0.5454545454545454
1478035460349204480,0.45
1478049762268127232,0.6
1478077105511464448,0.5
1478077965161366016,0.14285714285714285
1478080338695213312,0.5
1478082688591288576,0.6666666666666666
1478086899661592064,0.375
1478220833394423040,0.6666666666666666
1478278691328518144,0.6666666666666666
1478280883786784256,0.0
1478295936974065152,1.0
1478301198593482240,0.3333333333333333
1478304807596461056,0.5
1478318769409971712,0.5
1478324453849715712,0.9166666666666666
1478342222315229696,0.6428571428571429
1478375275933640704,0.5
1478479692759113728,0.5
1478763428005975296,0.8
1478775106280235776,0.6666666666666666
1478779225216959232,0.6
1478850107764901376,0.0
1478864900462863104,0.2727272727272727
1478909432788278016,0.7692307692307693
1479040914455662848,0.6
1479109752953018112,0.5
1479471268201716992,0.6666666666666666
1479477049277566720,1.0
1479665749371551488,0.0
1479669583735176960,0.5
1479706248368688640,0.1
1479718141257844224,0.46153846153846156
1479733530258034176,0.5
1479857519622953472,0.55
1479859823677192448,0.3333333333333333
1480209513249126144,0.5
1480244971150181632,0.5
1480271092414077184,0.5714285714285714
1480293096374115584,1.0
1480302312018040576,0.14285714285714285
1480314645258517504,0.4
1480315414158465280,0.7142857142857143
1480340101655995648,0.5
1480349419004541440,0.6666666666666666
1480399579787334400,0.0
1480403155743145984,0.36363636363636365
1480431342736375808,0.1
1480437971942866432,0.5625
1480458111923741952,0.3684210526315789
1480460317997915648,1.0
1480483745921613568,0.5
1480511621565042944,0.3333333333333333
1480550749817676288,0.5
1480569160029718784,0.375
1480774868691200256,0.4166666666666667
1480850939159572736,1.0
1480973282826499840,0.8333333333333334
1480997773945112576,0.6923076923076923
1481032415399426560,0.631578947368421
1481053878357749760,1.0
1481088731857832448,0.7142857142857143
1481100066941540096,0.5
1481109497162240768,0.3684210526315789
1481118391722676992,1.0
1481121181736679936,0.45
1481145643692280064,0.2222222222222222
1481153647043939840,0.5294117647058824
1481154852487622400,1.0
1481164589492126976,0.5
1481224465707701504,0.3333333333333333
1481258499429674496,0.8
1481264605956023552,0.5
1481270485783564544,0.0
1481354197197400576,0.5
1481390001205213696,0.5
1481414412431281664,0.8333333333333334
1481666250064142592,1.0
1481705549116210688,1.0
1481710572898842112,0.36363636363636365
1481714090549839104,0.625
1481730943832958464,0.0
1481732119415575808,0.6666666666666666
1481736136143064832,0.375
1481737447832296448,0.3333333333333333
1481738484831604992,0.375
1481793825249481472,0.375
1481829320266142208,0.6666666666666666
1481836358779627520,1.0
1481839537929597184,0.7142857142857143
1481848754926782464,0.5
1481862844187891712,0.5
1481865027055501824,0.36363636363636365
1481865297396405248,1.0
1481875703779784192,0.4
1481883463277398784,0.0
1481891486279111936,0.6666666666666666
1481894037532610816,0.5
1481895749990068736,0.5
1481907902127154432,0.7777777777777778
1481913254742037760,0.95
1481934874855276800,0.29411764705882354
1481953024083397376,0.5
1481964334699808768,0.6153846153846154
1481965372210101248,0.0
1482430554635324160,0.0
1482443202968760832,0.5789473684210527
1482449942801036032,0.5333333333333333
1482457958039876608,0.0
1482488089151048448,0.5
1482547809683387136,0.7727272727272727
1482562966631984384,0.5
1482570123115668224,0.3333333333333333
1482608363740742912,0.6923076923076923
1482617051414700288,0.0
1482621473173309184,0.4444444444444444
1482624833145660672,0.5
1482625189096493056,0.3333333333333333
1482625793255835904,0.5652173913043478
1482641575100152576,0.6
1482650089956510720,0.42105263157894735
1482651556181342720,0.36363636363636365
1482654404702048000,0.8333333333333334
1482721839884109568,1.0
1482723153597634816,0.8
1482723742953529088,0.5454545454545454
1482738478929846528,0.8
1482738764353457664,1.0
1482738889175013632,0.3333333333333333
1482776116234697472,0.2857142857142857
1482877521761872896,0.5714285714285714
1483120617357025280,0.5
1483125975541677824,0.5714285714285714
1483161827613122048,0.0
1483226421925331200,1.0
1483247146014219264,1.0
1483268319068717568,0.26666666666666666
1483286554043405312,1.0
1483311390700196096,1.0
1483332525158759424,0.5
1483383969236205824,0.39285714285714285
1483410925793854208,1.0
1483429943787602176,0.7777777777777778
1483449718554081536,0.4375
1483484989666575872,0.6666666666666666
1483498816324368128,0.0
1483958486271464448,0.4
1484035344054054400,0.38461538461538464
1484059224038842880,0.5294117647058824
1484062607450613760,0.8
1484070135337836800,0.42857142857142855
1484084287394185472,0.43478260869565216
1484153784265177088,0.5
1484173272900830208,0.6666666666666666
1484234177033910528,0.5714285714285714
1484653502128000512,0.0
1484753540030477824,0.8888888888888888
1484808060980336640,0.9
1484820989971816448,0.6666666666666666
1484822775312772608,0.8333333333333334
1484885566377784832,0.0
1484889087961803264,1.0
1484908171937529344,0.3333333333333333
1484946995571278592,1.0
1484952716408557568,0.6666666666666666
1485104689791278336,0.0
1485127703315844096,0.3333333333333333
1485254404403263488,0.3333333333333333
1485301743716916736,0.42857142857142855
1485439287261214208,0.5
1485607556352279296,0.56
1485612224132926720,0.6111111111111112
1485622212909678080,0.8333333333333334
1485622423650470912,0.5
1485651548383213824,0.0
1485664657878440448,0.4666666666666667
1486052757350234624,0.2727272727272727
1486080689086556672,0.4
1486108587382828800,0.0
1486110795120181504,0.0
1486142530287411200,0.5
1486204260868836096,0.5294117647058824
1486208860910223104,0.2777777777777778
1486220825134124544,0.46153846153846156
1486229062694772736,0.0
1486229780214420992,0.6666666666666666
1486231998471356416,0.0
1486239171352264192,0.42857142857142855
1486285031268286208,1.0
1486324123590788864,1.0
1486552820760289280,0.75
1486775203871111936,0.75
1486803267516137472,0.25
1486811343271002112,0.4
1486836255105955328,1.0
1486973607126921728,0.5
1487048376125433600,0.625
1487079415374431744,0.0
1487095982383465216,0.6428571428571429
1487101174434503168,0.35294117647058826
1487567045512393216,1.0
1487592236569632512,1.0
1487594509326697216,1.0
1487602046772009472,0.5
1487608100673630976,1.0
1487612175005134336,0.5
1487622581250909440,0.45454545454545453
1487670964858200832,0.5714285714285714
1487680443288722432,0.125
1487689485035591168,0.6666666666666666
1487753337348786944,0.5
1488244207323667968,0.4444444444444444
1488320019911490304,0.9166666666666666
1488526507643742464,0.5
1488592704640950272,0.2
1489002189498916864,0.5
1489102688089991680,1.0
1489142480050320128,0.6470588235294118
1489187284723470080,0.0
1489195357696498944,0.45
1489201712894498048,0.625
1489620117514726656,0.47619047619047616
1489661870541835520,0.782608695652174
1489697856497008896,0.2727272727272727
1489768506731497728,1.0
1489777002063217664,1.0
1489847299971812864,0.7
1489882137149963776,0.8333333333333334
1489968326385524992,0.0
1490121468450699520,0.5
1490412127110019584,0.47368421052631576
1490454491954977792,0.7272727272727273
1490458779253195520,0.2
1490583693107138560,0.7058823529411765
1490603008907712256,0.625
1490623759727383296,0.2222222222222222
1490627318053838848,0.8181818181818182
1490630428758244864,0.8571428571428571
1490638593597235200,0.625
1490647718991833088,0.4
1490786115121055232,0.0
1490813850936757760,0.4444444444444444
1491131900856606976,0.46153846153846156
1491168297003145984,0.2
1491255727832384768,0.6666666666666666
1491268640173306880,0.3333333333333333
1491298248143775744,0.3333333333333333
1491302560904486400,0.0
1491306371391925248,0.375
1491306833580934144,0.0
1491407712527591936,0.2727272727272727
1491408090856076288,0.23529411764705882
1491803717947084032,0.6153846153846154
1491813463371559936,0.7
1491829135102355200,0.42857142857142855
1491842672998376960,0.0
1491869928351270144,0.6923076923076923
1491870508185225728,0.875
1491910609614938112,0.85
1492058218441924096,0.7222222222222222
1492206552381806592,0.3333333333333333
1492567385819811584,1.0
1492575848712917248,0.6
1492627043928621312,0.4
1492628810893947392,0.47058823529411764
1492641394922794240,0.3333333333333333
1492779333108847104,0.2857142857142857
1492788913851077376,0.5
1492875127526013696,0.3333333333333333
1492928094976233472,0.25
1493068488960961792,0.2222222222222222
1493237488374214144,0.0
1493318391890423552,0.6
1493332963157921536,0.8571428571428571
1493342980839402240,0.6666666666666666
1493412227927637504,0.5
1493459108415341056,0.0
1493478741599009536,0.6
1493557883788175360,0.8181818181818182
1493601529347305728,0.0
1494072164405781760,0.3
1494187281659463680,0.9
1494209203410023424,0.5
1494212275356106496,0.5862068965517241
1494270286806698496,0.23529411764705882
1494715132813488896,0.5
1494785488782802944,0.6666666666666666
1494789116382523392,0.3333333333333333
1494846415009120768,0.15789473684210525
1494888786814097664,0.4166666666666667
1494988042841788928,0.5
1494998048441330176,0.5
1495001993964524544,1.0
1495257979606002176,1.0
1495439218335485184,0.2
1495447515400784640,0.7857142857142857
1495466031373594368,0.25
1495486418374892032,0.3333333333333333
1495504460501178112,0.6666666666666666
1495569632300078848,0.45454545454545453
1495664354890288896,0.5
1495683836488792320,1.0
1495827723946739968,0.6363636363636364
1496192029963361280,0.3333333333333333
1496251936452782080,0.0
1496271398569434368,0.0
1496296915521607424,0.6666666666666666
1496314657131201792,0.16666666666666666
1496389772462593280,0.5
1496446065792868864,0.3333333333333333
1496493537570103808,0.75
1496496477676192512,0.7333333333333333
1496532846874321920,0.25
1496831086008862464,0.4444444444444444
1496880753636616704,0.25
1496925812339549184,0.5
1496946632606892800,0.18181818181818182
1497011842742434560,0.2222222222222222
1497028095583262464,0.0
1497063284434157312,0.3333333333333333
1497089577795610624,0.5
1497095626908575232,0.5
1497103003331565312,0.65
1497115965136804864,0.7777777777777778
1497124740707964416,0.25
1497172675335539200,0.0
1497213466308064512,0.6666666666666666
1497219264407048704,1.0
1497592777872285440,0.0
1497676590412461312,1.0
1497680790072571136,0.5
1497709223313172224,0.8333333333333334
1497714172495429888,0.25
1497829111384592640,0.0
1497881297254606336,0.5
1498036001563004928,0.5
1498117496058309888,0.6153846153846154
1498361351187355904,0.14285714285714285
1498388912321354496,0.4444444444444444
1498413704568468480,0.5
1498440458925034496,0.42857142857142855
1498456683626087680,0.3333333333333333
1498492174323164928,1.0
1498562072616504320,1.0
1498629575669446912,0.42857142857142855
1498681745307182592,0.6153846153846154
1498813507875357696,0.0
1498958983335085824,0.2
1499069676124490496,0.5
1499170019690776832,0.6923076923076923
1499203258382230528,1.0
1499233285533856000,0.0
1499238919960593408,0.3333333333333333
1499253953873627136,0.5
1499275563749009408,0.6666666666666666
1499309039610340352,0.0
1499379810102190848,0.5
1499841594032980992,0.16666666666666666
1499869076092844544,0.8571428571428571
1499875824504244224,0.5
1499908495247042560,1.0
1499994778765826560,0.35294117647058826
1500071729733957888,0.3333333333333333
1500184282725363456,0.8333333333333334
1500505217457713408,0.0
1500535939272319744,0.6666666666666666
1500561052078796800,0.0
1500564756698060032,0.75
1500620072766787328,0.3333333333333333
1500630534657519360,0.0
1500653872692179200,0.2857142857142857
1500687297827493888,0.5
1500694626334603008,0.6666666666666666
1500700998370579968,0.5
1500709116646317056,0.0
1500721996852579584,0.5
1500729053395691264,1.0
1500729283923963648,0.2
1500761497493506560,1.0
1500765236245535744,0.0
1500767720026945536,0.5454545454545454
1500792981911552000,1.0
1500820811928445696,0.375
1500825541867695360,0.5
1500840965141137408,1.0
1500843219821208576,0.25
1500897731890916352,0.14285714285714285
1501271054027096320,0.7692307692307693
1501290165850563840,0.6
1501308194061793280,0.25
1501312779645943808,1.0
1501313412702268416,0.6
1501329084285301504,0.75
1501331863312707072,1.0
1501334729099007232,0.8333333333333334
1501410662762488832,0.0
1501467026650144512,0.6
1501491204309698304,0.2857142857142857
1501493073627798272,0.0
1501507402776463104,0.6666666666666666
1501516600665091328,1.0
1501606240103869184,0.6
1501653547105723392,0.7619047619047619
1501655011544422656,0.45454545454545453
1501683003009263104,0.4444444444444444
1502007387018117120,1.0
1502016560531843840,1.0
1502024306597943808,0.5
1502050043680936960,1.0
1502095168422521088,0.5
1502142547445158400,0.5454545454545454
1502149357791389696,0.42857142857142855
1502153992559833600,0.75
1502170678364783360,0.26666666666666666
1502268654365267968,0.375
1502374280111174400,0.25
1502747945089692928,0.0
1502759415747812864,1.0
1502801795706548224,0.5
1502819551082866944,1.0
1502827468038029568,0.7272727272727273
1502840429534258688,0.3333333333333333
1502891211900064256,0.5
1502922026466272768,0.5
1502932585769612544,1.0
1502966401943723776,0.4117647058823529
1503020398276580608,0.09090909090909091
1503035125892837888,0.2
1503086135445655808,0.6111111111111112
1503451755401144064,1.0
1503566612353491712,0.0
1503570186050728704,0.6666666666666666
1503571987087206400,0.0
1503582689151482624,0.25
1503605861609432576,0.4
1503612849986405632,0.375
1503640281985084928,0.5454545454545454
1503652784468966912,0.3333333333333333
1503736089663728384,0.7142857142857143
1503745088932935424,0.0
1504086715156632064,0.0
1504312563434107648,0.2857142857142857
1504359379297687040,0.3333333333333333
1504373250029478400,0.6
1504444516751567360,0.25
1504602810191254784,0.3333333333333333
1504644536263985920,0.75
1504850427070330112,0.0
1504987677434907136,0.0
1505064504519170304,1.0
1505113977259845120,1.0
1505137199567517952,0.6666666666666666
1505140947264890624,0.5789473684210527
1505174591763849984,0.6666666666666666
1505198392553063936,0.7777777777777778
1505204774823728128,0.75
1505277311284204800,0.75
1505636614153837056,0.5454545454545454
1505662949374429696,1.0
1505665553367680256,0.0
1505716705700023552,1.0
1505777569926019072,0.5
1505794216208098304,0.4
1505831694220884224,1.0
1505875261775229696,0.6666666666666666
1505893228199372800,0.5
1505927779515964672,0.6666666666666666
1506348439719141632,1.0
1506385112456690944,1.0
1506387209279571456,0.6666666666666666
1506392015715294208,0.5714285714285714
1506561685653003520,0.6666666666666666
1506564292423337472,0.0
1506564560361940992,0.0
1506578397454590976,1.0
1506590703121355520,1.0
1506590707223044608,0.7
1506640268834271744,0.42857142857142855
1506645361631685632,1.0
1506657782651309824,0.0
1506678689820827904,0.0
1506699761871784960,0.47058823529411764
1506709149597727488,1.0
1507043115562553600,1.0
1507107619421561600,0.5
1507192724721346304,0.5
1507194540448849152,0.6
1507217939638307584,0.5555555555555556
1507246482521531392,0.0
1507251058243394816,0.25
1507280385426504960,0.5
1507304914571794176,0.0
1507314217906168320,0.6666666666666666
1507331173668902912,0.6666666666666666
1507339119005414656,0.0
1507352184017720064,0.5
1507383631619449344,0.5714285714285714
1507740279572476928,0.25
1507754553142364928,1.0
1507777474484822272,0.0
1507860831744371968,0.0
1507912557852753152,1.0
1507918351283098112,0.25
1507942038258611456,0.0
1507952624600154368,1.0
1507984923041071104,1.0
1507991158097328384,0.1875
1508034799580958720,0.5
1508053195435584000,0.3333333333333333
1508183196053274368,0.0
1508212318866557952,0.6363636363636364
1508529357425089024,0.7333333333333333
1508554192747044096,0.5
1508554408813673472,0.3333333333333333
1508554766854379008,0.5
1508554973174153728,0.5
1508578792863988992,0.8461538461538461
1508670340949000960,0.0
1508717577888142080,0.625
1508738335397514752,0.25
1508816683242128384,0.2727272727272727
1508881104263238656,1.0
1509264731966854144,0.5
1509269634094351104,1.0
1509308259924301568,0.4
1509392114869132288,0.7777777777777778
1509474222466311168,1.0
1509487722980053504,0.3333333333333333
1509593603030556672,0.75
1509730804669690368,0.5
1510060895766817792,1.0
1510126880389310976,0.5
1510131187833426944,0.6666666666666666
1510239051389688064,0.5
1510244782317388544,0.0
1510610169520181248,0.0
1510657493264533504,0.0
1510813749073236480,0.125
1510828808811914752,0.2
1510885353559250176,0.5
1510900756513441024,0.3333333333333333
1510906057265231872,0.5
1510909856530132480,1.0
1510915898536333056,0.5
1510921054688314368,0.8
1510931966317621504,0.0
1510945422401415424,1.0
1510997147823775232,1.0
1511025158280666368,0.5
1511034246801030656,0.42857142857142855
1511049998558634496,0.7777777777777778
1511052415435185664,0.0
1511055993879059456,0.5625
1511400784270737920,0.5
1511409017220918272,0.5714285714285714
1511453181112098560,0.6666666666666666
1511573482518902784,1.0
1511574397771497472,0.2
1511593544679884032,0.25
1511612705139649792,0.5
1511666395989904896,0.6666666666666666
1512016276676283136,0.5
1512162871300801024,0.631578947368421
1512187106668701184,0.6
1512221146984467456,0.7777777777777778
1512250872519213312,0.46153846153846156
1512298130828119552,0.5
1512324757446394880,0.8
1512349542144202752,0.3333333333333333
1512570573220259072,0.7272727272727273
1512867093754414592,0.5714285714285714
1512884179374331648,0.3333333333333333
1512900815701734144,0.6428571428571429
1513098849591372800,1.0
1513161341751416064,0.4166666666666667
1513183105671772160,1.0
1513237550023390464,0.5
1513578579665413376,1.0
1513579449157948672,0.4444444444444444
1513650860463875840,0.25
1513737410507872512,0.5
1513764822405992448,0.0
1513942991870332672,0.3333333333333333
1513984895342739712,0.5
1514302441884890624,0.625
1514354241795930624,0.5
1514371930851322112,0.375
1514375690666703360,0.4
1514435352725379584,1.0
1514451423263226880,0.375
1514454718011034368,0.0
1514478250282148096,0.2631578947368421
1514533253479380480,0.3333333333333333
1514545376354283776,0.0
1514589270162510336,0.5
1514664783027515904,1.0
1514667969552898304,1.0
1514669583658505984,0.25
1514701392450577664,0.2222222222222222
1514726066294779392,0.25
1515050660339348992,0.5
1515081301866946816,1.0
1515121863803717632,0.5
1515164240539830016,0.4
1515204185419084288,0.5454545454545454
1515207956352630528,0.0
1515330426330332160,0.8571428571428571
1515370609073244672,0.5
1515432973641137152,0.3333333333333333
1515687161297551616,0.625
1515693269396896256,0.6
1515763849551202816,0.6666666666666666
1515786292403857920,0.2222222222222222
1515806347498736896,0.0
1515842492546125568,0.5
1515869238671833856,0.0
1515874554386907136,0.16666666666666666
1515901772930299648,0.6666666666666666
1515906735085796864,0.75
1515910042166432768,0.3333333333333333
1515922429647284736,0.2857142857142857
1515944310774894592,0.0
1515981478985176832,1.0
1516025281799044608,0.6
1516082011144950528,0.4
1516475351795159552,0.0
1516487815340481280,0.75
1516517023056969216,0.0
1516525061123243776,0.42857142857142855
1516592776127849984,0.6923076923076923
1516594313937307136,0.75
1516596421917447936,0.2857142857142857
1516622895339739136,0.0
1516674059227470592,0.4117647058823529
1516684895253744640,0.8333333333333334
1516933905808642048,0.0
1517179954479764480,0.25
1517257517794045952,0.5
1517280769385452032,0.4166666666666667
1517298146917629696,0.3333333333333333
1517346047725417984,0.4
1517352957426298624,0.5
1517356725691232512,0.0
1517374351354995712,0.875
1517382632514353152,0.5
1517396642621881600,0.8
1517506129634694144,0.7272727272727273
1517588715676192000,0.0
1517896586985043968,0.8666666666666667
1517959508001852160,0.42857142857142855
1517964247980793856,0.0
1517976912172083456,0.6
1518007945206709248,0.9
1518056252272612096,0.0
1518112827604226048,1.0
1518154989294023680,1.0
1518262821736265728,0.3
1518298088878147072,0.3333333333333333
1518303943960532224,0.3333333333333333
1518678228291261184,0.0
1518682633239383296,0.36363636363636365
1518688563299876864,0.6666666666666666
1518692990614325504,0.0
1518696143236814592,1.0
1518725350197487360,0.2857142857142857
1518728990319310080,1.0
1518734942716759808,0.8
1518760198783259136,1.0
1518767728068046080,0.16666666666666666
1518799321480008448,0.25
1518802573029815040,0.0
1518874527694498048,0.6
1518992745323879168,0.5
1519063165673944576,0.8
1519332096742200576,0.25
1519410049017672960,1.0
1519430751916200704,0.5
1519508561653029120,0.0
1519513171969834240,0.4
1519537675229542912,0.0
1519628356035393536,0.8
1519632453001310720,0.7
1519677985493599232,0.25
1520052078850323712,0.2857142857142857
1520197785107247360,0.3333333333333333
1520278879800121856,0.0
1520300045743939840,1.0
1520313325573788928,0.4
1520445789604406784,0.25
1520467932774459136,0.25
1520488523417373440,0.5
1520804060491093504,0.6666666666666666
1520843871167896576,0.7
1520879427398667008,0.8
1520946787221233152,0.5
1520966564331953408,0.0
1520967419712350464,0.8
1520970686143131392,0.8
1520990837368674560,0.7272727272727273
1520991952119627008,0.42857142857142855
1521027070944436480,0.0
1521060428237688320,1.0
1521193045285230592,0.0
1521524692981673472,0.0
1521565635220925440,0.5
1521592266584598528,1.0
1521599702271869952,0.0
1521621117311906816,0.7368421052631579
1521626824886784000,0.6
1521650578841521408,0.5714285714285714
1521669122148851200,1.0
1521734583878988800,0.5714285714285714
1521751544982141696,1.0
1521757328578964224,0.0
1521760047232232192,0.5
1521794094904345600,0.5
1521803431562541824,0.6
1521809540595497216,0.5
1521826871847982848,0.2
1521845385486469376,1.0
1521921003603514880,1.0
1522034887988304640,0.5454545454545454
1522383031919924480,0.0
1522467745302040320,1.0
1522559595302276096,0.5
1522584422476616448,0.3333333333333333
1522668918281182976,0.0
1523024831258034176,0.5
1523064594702948864,0.6730769230769231
1523139024097230592,0.75
1523144399381763328,0.5
1523146347734839296,0.8333333333333334
1523154980117594880,0.0
1523156729637401088,0.25
1523175889596808192,0.6428571428571429
1523207223783561216,0.75
1523209985627028224,0.3333333333333333
1523306929673758720,0.5
1523307525075994880,0.0
1523720318126072832,0.6666666666666666
1523731328119933184,0.0
1523754166398118656,1.0
1523782264704827904,0.75
1523787118178812416,0.75
1523801085518673152,0.5
1523888649275589120,0.3333333333333333
1523910842150205440,0.7213114754098361
1524055854507059712,0.5
1524058780246261248,0.3888888888888889
1524380174649306112,0.3333333333333333
1524380195696323584,1.0
1524446701724267008,0.25
1524448105519376896,1.0
1524497415917954304,0.0
1524505927926477056,0.5
1524543607037760256,0.4
1524560864282694912,1.0
1524620043422490880,0.6666666666666666
1524678318885807616,0.5
1524713377474363392,0.8
1525149658841147136,0.2
1525250414038945280,0.0
1525269558639494656,0.2
1525320473482096896,1.0
1525396404250928896,0.23076923076923078
1525434843801698560,0.0
1525460410650710784,0.8888888888888888
1525518924069235200,0.5
1525520922689205248,0.0
1525592805819918592,0.7777777777777778
1525967797632934656,0.25
1526078988483329536,0.0
1526093209844580096,0.6666666666666666
1526138959753547776,0.5
1526171846305997568,0.75
1526209635400346624,0.3333333333333333
1526219564438935296,0.2857142857142857
1526248708101775872,1.0
1526266144729877504,0.4
1526266351334803200,1.0
1526349668124002816,0.8
1526360974895091456,0.5555555555555556
1526610298696754176,1.0
1526636992386767616,0.0
1526670351845303040,0.6666666666666666
1526670430028152064,0.5
1526680022376604416,1.0
1526779733856319744,1.0
1526782071138610688,0.7931034482758621
1526799710447250432,1.0
1526820498033520896,0.25
1526891086774744320,0.0
1526997555290919680,0.5
1527010745568352256,0.625
1527357164785957376,1.0
1527390437701503488,1.0
1527476800711422464,1.0
1527502057063858944,0.9
1527516142203545600,0.0
1527524190027039232,0.6304347826086957
1527630302397591808,0.3333333333333333
1527632452155144448,0.5
1527665267410739712,0.25
1527665814345240832,0.4166666666666667
1527684782689294336,0.6666666666666666
1527735762806827264,1.0
1528041974637047552,0.0
1528050063438636288,0.75
1528051346106738432,0.5
1528054267632474112,0.4
1528105035977561856,1.0
1528117896885396480,0.0
1528130494074641664,1.0
1528148875644631296,0.3333333333333333
1528216661020946432,1.0
1528238186053148928,0.3333333333333333
1528276770262446080,1.0
1528306439180671232,0.5714285714285714
1528309225112311552,0.6666666666666666
1528322388055814400,0.4444444444444444
1528330548690561792,0.5
1528413699098849792,0.14285714285714285
1528799135841271040,1.0
1528831677190940160,0.6666666666666666
1528892582520443648,0.3333333333333333
1528914723571672832,0.6666666666666666
1528949946222209280,0.0
1528950795506733056,0.25
1529004317767176704,1.0
1529010049146741760,0.45454545454545453
1529012464199767808,0.6666666666666666
1529016518746505216,0.4
1529029916188217856,0.5714285714285714
1529117603648608000,0.4
1529141995812080128,0.5
1529211925218473984,0.6666666666666666
1529533744162978048,1.0
1529560904737564416,0.6666666666666666
1529590679515596288,0.8493150684931506
1529799676561649152,0.0
1529820457264727808,0.0
1530022384824993536,0.5
1530417924958955008,0.5
1530457314755056896,0.3333333333333333
1530462140110842624,0.3333333333333333
1530504399553755392,0.0
1531001814991980032,0.5
1531145933204386304,0.5
1531146361576822016,0.4444444444444444
1531181154762454016,0.25
1531226741640971008,1.0
1531237214808413696,0.0
1531267541590538752,1.0
1531673644511518976,0.4
1531742009805873408,1.0
1531782728120124160,0.25
1531821024030917120,0.6
1531822784836023040,0.5
1531840290514863360,0.2
1531880554968599040,0.25
1531891653210224128,0.5
1531929203091773440,0.6666666666666666
1531949733855680768,0.0
1532053877772874240,1.0
1532309488011414016,0.0
1532441945970026240,0.3333333333333333
1532467282112673792,0.5
1532498763824070656,1.0
1532516815384711424,1.0
1532584942436995328,0.6666666666666666
1532608873712868096,0.5
1532611325024544000,0.0
1532646036809657088,1.0
1532649287980451840,0.6363636363636364
1533137004046321920,0.5
1533155588671634432,1.0
1533186736000559104,1.0
1533229757800170752,0.5714285714285714
1533235085925429504,0.8888888888888888
1533301480767073024,1.0
1533377797954239488,0.75
1533416608746045952,0.45454545454545453
1533457298163736320,0.6666666666666666
1533558352249134336,0.25
1533872105509573376,1.0
1533893219422503424,0.5
1533894639054801920,1.0
1534096666768473600,1.0
1534705412832803328,0.3333333333333333
1534772837001703936,0.0
1534892836734544896,0.6666666666666666
1535328268663815936,0.5
1535458579313524736,0.5555555555555556
1535500770016573184,0.7142857142857143
1535520552889909760,0.5
1535565834707585280,0.0
1535620347328823040,0.0
1535647224346857472,0.5
1535654521637449216,0.5
1536110309646975744,0.6
1536201810991523840,0.0
1536236939778681856,0.0
1536239972987097088,0.0
1536247884423909632,0.8
1536316179313087744,0.5
1536388195152248320,1.0
1536403533128955392,0.4166666666666667
1536425546389846528,0.6
1536481849968487168,0.6666666666666666
1536818323778957824,0.75
1536853164877832448,0.0
1536862858713586176,0.5
1536914085486098688,0.5
1536983144946827776,0.0
1537017255802975744,0.5
1537144776587165184,1.0
1537151244273270016,0.0
1537155179314691584,1.0
1537479703289880832,0.0
1537586346627445504,1.0
1537588619787061504,0.6666666666666666
1537703542621574656,0.25
1537714657971995904,0.4
1537755153738496256,0.0
1537835743813129728,0.0
1538310473067981824,0.8
1538395145907101952,0.4
1538454460408139776,0.5
1538975335183806720,1.0
1538997400214712832,0.0
1539035460970473472,1.0
1539060997198198272,0.0
1539065206608352768,0.0
1539103577686451712,0.5
1539111262167312896,0.5
1539225733278244864,0.5
1539277235368968704,0.0
1539848357351341056,0.0
1539934851803343360,1.0
1539989474056423680,1.0
1540001688275185152,0.4444444444444444
1540462263315721472,0.0
1540775251479134976,0.75
1541106254552762368,0.0
1541160733317417728,0.5
1541225376067612160,0.5
1541240866926218496,0.7272727272727273
1541295269226670080,0.45454545454545453
1541303756054169088,0.0
1541317945092559616,0.5555555555555556
1541354706310341632,0.3333333333333333
1541359136481095424,1.0
1541366027081961216,0.5
1541888490479313920,1.0
1541913336032701184,0.0
1541917138424311808,0.0
1541967750323670784,0.7777777777777778
1542013235326633984,1.0
1542027382628228352,0.0
1542036588468094720,1.0
1542053492694448384,1.0
1542119937774867968,0.5
1542127996046383360,1.0
1542155984265333248,1.0
1542175745508104448,1.0
1542220337397134592,1.0
1542465159125259776,0.0
1542512877769790720,1.0
1542635020533958912,1.0
1542673976932787712,0.8333333333333334
1542677528264628736,1.0
1542722515088012032,0.6666666666666666
1542765611967728896,0.5
1542790845115115776,0.14285714285714285
1542948289379854592,0.0
1543008367257839872,0.5
1543376338999167232,0.5
1543395164307935744,0.5
1543397771602975232,0.0
1543422475938583296,0.8
1543430919942057472,0.7777777777777778
1543432947136468736,0.5
1543434882051327488,0.8
1543477938972241664,0.0
1543505820981394944,0.5
1543557261667927808,0.5
1543559604384157952,1.0
1543572069303096576,0.25
1543607174154881792,0.0
1543869257010370048,0.6666666666666666
1544112466803212800,0.7142857142857143
1544116683822894080,1.0
1544144307049488384,0.8235294117647058
1544209272893864192,1.0
1544353279482879232,0.25
1544718698757891840,0.8
1544968934696806400,1.0
1544970771383450880,0.0
1544979821878355712,1.0
1545086780018082560,0.875
1545435532112182016,1.0
1545622937447159552,0.0
1546392277755855360,0.4444444444444444
1546477020556306688,0.0
1546492466251749888,1.0
1546497443867811328,0.0
1546976162150138112,0.7407407407407407
1547074681147693824,0.3333333333333333
1547090333901862656,0.6666666666666666
1547100173583274496,0.0
1547177088820235520,0.5
1547189109272627456,0.5
1547242261256581888,1.0
1547309720210489344,0.0
1547321111416057088,0.25
1547709289327363584,0.0
1547773382202824192,0.5
1547805214030994944,0.0
1547818513145433600,1.0
1547861833594378752,0.0
1547865019877704704,1.0
1547890713369806080,0.5833333333333334
1547920114686160384,0.3333333333333333
1547971137629958144,1.0
1547988961122872832,0.0
1548026581438765056,0.5
1548413078353084672,0.2
1548419115849221632,0.6666666666666666
1548432992842279424,0.0
1548494526939073280,0.0
1548589473680512256,0.5
1548620689841185792,0.0
1549173236709682688,1.0
1549206068614742528,1.0
1549254705036348928,0.5
1549258782735517440,0.0
1549497310401523968,0.0
1549527273030231552,0.2222222222222222
1550017250950259200,0.5555555555555556
1550101520639006720,1.0
1550209978887334144,0.4
1550225452312651776,0.0
1550603664845943296,0.0
1550620581813242368,0.6666666666666666
1550624766470921984,1.0
1550737165231720704,0.0
1550775967825425920,0.6
1550779798654473728,0.4444444444444444
1550872793152613376,0.625
1550886380977340416,0.5
1551347350239077888,0.0
1551432880100308480,1.0
1551482998718310400,1.0
1551537988822859520,0.5
1551552050809838080,0.5
1551948930587824128,0.0
1552091059879217152,0.42857142857142855
1552100020459544576,0.3333333333333333
1552187031908392704,1.0
1552230236990000640,0.0
1552256474198850560,0.0
1552269967820692224,1.0
1552348076843762432,0.0
1552367892338621440,0.25
1552390434712003328,0.8
1552742640805232640,1.0
1552763080927624960,0.0
1552776874884302336,0.0
1552958207166375680,0.0
1552987852385013504,1.0
1553003001388606720,0.0
1553495351457021184,0.6666666666666666
1553602240825620480,1.0
1553663470479351808,1.0
1553680232914559232,0.0
1553717226480763392,1.0
1553847359826200320,1.0
1553891903712086272,0.4
1554216043771673088,1.0
1554361193618893568,0.5
1554378512886163456,0.0
1554463818542407680,1.0
1554972849732534784,0.0
1555194127935857408,1.0
1555824887477464064,0.0
1555920047453872640,0.0
1556412771551769344,0.0
1556453031658759424,0.3333333333333333
1556510344114383104,0.0
1556513596950076928,0.8235294117647058
1556537085977901568,0.2
1556568740886628352,0.4
1556586575632334336,0.5
1556661084842109184,1.0
1556717707971270912,1.0
1557094786073116928,0.8
1557148988048590592,0.0
1557174771606421760,0.0
1557221373983612928,0.0
1557311508484108288,0.25
1557449025945886720,0.5
1557830432031552512,0.3333333333333333
1557890192391823872,0.16666666666666666
1557941896532242688,1.0
1558152154294596864,1.0
1558194623927703296,0.3333333333333333
1558595407369884416,0.0
1558707713277326848,0.3333333333333333
1558944173140151040,1.0
1558984896271761152,0.0
1559236148948416512,0.5
1559337300447753728,1.0
1559359175974263296,0.0
1559424684162498304,1.0
1560274872471446272,1.0
1560304054786429952,0.5
1560395969745147392,0.0
1560755380398248448,0.0
1561501365325962240,0.0
1561782906589747968,0.0
1561797155735803648,0.0
1562306445687429632,0.0
1562328810278135040,1.0
1562333699722738688,1.0
1562415481857145600,0.0
1562430048871021568,0.25
1562583380316460288,0.3333333333333333
1562981129330274048,0.3333333333333333
1562984850549502208,1.0
1563015915830428416,0.3333333333333333
1563273321066031104,0.0
1563310459463690240,1.0
1563732977963249152,0.0
1563735913142869760,0.75
1563789288029100032,1.0
1563795576083829504,0.0
1563879734749482496,1.0
1564413190340712704,0.0
1564436628169362688,0.0
1564454005081472768,1.0
1564500814610244096,1.0
1564702245863925760,0.0
1564704500239111424,0.5
1565185336396326400,0.0
1565202431434283776,0.0
1565280937401916672,1.0
1565395823231460864,1.0
1566035264590536192,0.3333333333333333
1566253653600016128,1.0
1566480323116044032,0.0
1566482061626382336,0.0
1566587455476319744,1.0
1566592063221279232,1.0
1566655258742848768,1.0
1566864775412656896,0.5
1567442559276674560,1.0
1567985020762104576,0.0
1567997700786121728,1.0
1568018083397582848,1.0
1568044578377848320,0.5
1568158949214060800,0.0
1568262401861864192,0.5
1568300512521542144,1.0
1568328587609208320,1.0
1568885094899412992,0.5
1569572720099313664,1.0
1570913582628326912,0.5
1571034403974507776,1.0
1571039552241010688,0.0
1571069690180999168,0.0
1571188859671635200,1.0
1571649684039380736,0.0
1571667450418377216,0.6666666666666666
1571741460213922560,1.0
1571753371675024384,0.6
1572437268340766464,0.0
1572750190866861824,0.0
1573244335257906432,0.0
1573326296490812416,0.0
1573823607681493760,0.5
1573846765443138304,0.0
1574070096007097600,1.0
1574770823586377216,1.0
1575285790338710272,0.5
1575572507606053120,0.0
1575873508388498688,1.0
1575892212138777856,0.5
1576015473979960832,0.2222222222222222
1576875858640328448,0.0
1577589599074886144,1.0
1578109695535889920,0.6666666666666666
1578971592041377280,0.5
1579609568908167680,1.0
1579814480753707264,1.0
1581074474093778176,1.0
1581768573437473024,0.0
1581979388580116480,1.0
1583458907829092096,0.0
1585662491660270336,0.0
1622309975796192512,0.4444444444444444
1622336561106789632,0.625
1622390872278199040,0.0
1622392200888110592,0.4444444444444444
1622394337403477504,0.8333333333333334
1622394350270209024,1.0
1622394371832997888,1.0
1622394412793705984,0.6666666666666666
1622533338758465536,1.0
