listing_id,is_hidden
11834,0
12398,1
19965,1
20587,1
20699,0
21811,1
22573,0
22930,1
25875,1
29606,1
48807,1
49240,1
50333,1
50471,0
53265,0
53322,0
53325,0
54991,1
55710,0
56795,1
56801,1
57982,1
58273,1
59749,1
60300,0
64683,0
65104,0
70477,0
70621,0
73235,0
75474,1
77831,0
80280,0
80292,0
80612,1
84226,1
85857,1
86187,0
88428,1
90666,0
91029,0
93976,0
94106,1
95415,1
96351,0
96755,0
99620,1
103245,0
103870,0
108035,1
108039,0
113590,0
116291,1
117251,1
118803,0
124269,1
125484,0
131221,1
135307,0
137713,1
137724,0
138192,1
139330,1
140801,0
141614,1
141634,1
147381,0
155179,0
156445,0
163008,1
166454,0
166894,0
172334,1
175380,0
181189,1
181747,0
182862,0
183969,0
186484,0
191877,1
192859,1
194786,1
220921,1
223154,0
226372,0
228872,1
228911,1
230555,1
231116,0
231654,1
234534,1
234538,1
234540,1
234542,1
234544,1
235858,0
239234,0
239253,0
239288,1
239293,0
247254,1
255221,1
256695,0
258330,1
259075,1
262254,0
262313,0
262876,0
263658,0
264679,1
266296,0
269143,0
271812,0
273971,1
275213,1
275420,0
277084,1
280117,1
280198,0
281629,0
282831,1
283620,0
283699,0
285564,1
289471,1
290388,1
291274,0
293274,1
295715,1
295755,1
298031,0
299695,1
300848,1
302154,0
302157,0
305009,1
305081,0
307429,0
307892,1
315264,1
317380,0
320025,1
322226,1
322298,1
323283,1
325175,0
325252,1
325961,0
326062,1
329646,1
329669,1
332616,1
332998,1
334323,1
339692,0
340097,1
341703,1
354159,1
356046,1
363364,1
366441,1
370630,1
377095,0
386625,1
387704,1
392407,1
395813,1
399381,1
400826,1
407422,1
408154,1
409020,1
409578,1
409920,1
410941,0
411259,1
414211,0
414444,1
415254,1
415705,1
417824,0
419871,0
421145,1
422410,1
424531,1
426720,1
427190,1
427481,1
427944,1
428414,0
432720,1
434341,1
434512,0
436480,1
440255,1
443404,1
444469,1
451971,1
452216,0
452376,1
457241,1
457302,0
463691,1
464953,0
467064,0
468300,0
469145,1
472700,0
473825,1
475751,0
482695,1
484371,0
490737,0
500154,0
501912,0
512967,1
527124,1
527250,0
531710,0
532061,1
532077,0
535946,1
539322,0
539492,0
541240,0
544843,1
546203,0
553026,1
553816,1
560450,0
561231,1
567563,0
570448,0
573109,0
576496,0
581723,1
588527,0
590418,1
592150,1
603234,0
603558,0
603639,0
608586,1
614621,0
618566,0
619022,0
624562,0
639627,0
642001,1
645705,1
647163,1
647884,1
650151,0
653570,0
653881,1
654241,1
657412,1
662235,0
667421,1
672101,1
674274,0
679808,1
679886,1
683861,1
686007,0
690097,1
691189,0
691271,0
691626,0
692218,0
692245,0
693148,0
693641,1
696277,0
696777,0
697070,0
697853,1
698322,1
698925,0
704162,1
705322,1
706782,0
711563,0
711649,1
712160,0
712185,1
723197,1
723544,1
724038,0
724050,0
730032,1
732058,0
735417,1
737165,1
739341,1
744651,0
750042,1
750055,1
750472,1
756083,1
758874,1
759644,0
766424,1
770099,1
771124,0
773473,1
773478,1
773978,0
775658,1
778012,0
780791,0
781445,0
782198,0
782316,0
783263,1
783986,1
784311,1
790785,1
792474,1
794009,0
794880,0
795513,1
797400,0
797406,0
800145,1
801311,1
806822,0
808450,1
811973,0
812342,1
812387,1
818616,1
818839,0
820686,1
825299,0
825367,0
827269,0
834023,0
836133,0
838023,0
841633,0
843160,1
843518,0
844558,0
844662,0
844967,1
847691,0
848506,0
850630,0
852680,0
852799,0
855707,1
857405,0
857445,1
859685,1
861697,0
866666,0
866871,0
870905,0
871542,0
876289,1
878385,0
880092,0
882945,1
886953,0
888645,0
896524,0
897047,1
897360,0
900368,0
901668,1
906915,0
909292,0
914466,0
917861,0
920132,0
922888,0
925502,0
928448,1
928606,1
930540,1
930655,0
932380,1
935007,1
935188,0
935231,0
936100,0
937861,0
944491,1
944620,1
946643,0
951498,0
954590,1
954760,1
956475,1
956558,0
958119,0
958253,0
963429,0
965158,0
965942,0
968004,1
969018,1
969606,0
969865,1
971894,1
971905,0
976389,1
982623,1
983127,0
983997,1
984119,1
984327,0
984559,0
984729,0
988524,0
988700,1
990139,0
993609,0
994966,0
995129,0
995829,1
998048,0
998427,0
1000039,0
1002897,1
1003046,1
1003392,1
1004844,1
1006879,0
1008155,1
1008848,1
1013370,1
1014376,1
1015224,1
1019643,1
1040846,1
1041693,1
1042725,1
1045646,1
1047490,0
1047661,1
1049639,0
1049640,0
1049890,0
1050056,0
1051382,1
1054445,1
1054864,0
1058802,0
1067728,0
1069884,1
1072962,0
1082840,1
1082841,1
1084634,0
1085980,1
1086785,1
1093514,1
1093536,1
1098701,1
1099890,1
1108531,0
1113395,0
1114163,1
1116417,0
1125570,1
1126422,1
1127071,0
1136511,1
1136842,1
1137487,1
1140116,1
1147091,1
1147741,0
1153507,0
1156028,0
1157936,0
1165064,0
1165204,1
1170571,0
1172635,1
1176688,1
1189026,0
1190619,1
1193247,1
1213068,0
1221610,1
1222414,1
1224305,1
1224367,1
1231282,1
1234346,1
1242019,0
1245631,0
1247378,1
1247379,1
1248307,0
1248462,1
1250526,1
1255470,1
1255945,0
1259613,0
1262834,0
1265506,0
1269648,1
1272359,0
1275095,0
1279489,0
1279847,0
1284276,1
1286346,0
1290984,0
1295484,1
1314863,1
1315692,0
1318455,0
1325114,1
1325870,1
1333040,0
1333060,0
1336228,1
1338292,0
1338414,1
1338805,1
1346899,1
1350044,1
1355670,1
1356223,0
1359051,1
1359379,1
1361769,0
1362127,1
1362672,1
1366699,1
1367990,1
1373696,0
1375848,1
1379166,0
1379683,0
1380573,1
1383520,1
1384971,1
1385250,0
1395729,1
1396390,1
1405707,0
1409935,0
1410746,1
1429891,1
1441028,1
1442379,1
1444489,0
1457239,0
1457339,0
1478063,0
1478654,0
1480512,1
1498555,1
1505964,0
1512093,1
1516877,1
1527233,0
1527384,1
1542173,1
1555602,0
1558235,1
1569644,1
1569923,1
1577160,0
1585548,1
1591237,1
1591238,0
1603038,1
1605462,0
1628927,1
1639457,0
1642397,1
1649869,0
1659241,0
1660134,1
1663034,0
1680544,0
1680601,0
1684889,0
1685119,1
1685835,0
1685977,0
1686289,1
1690544,0
1694320,0
1695277,0
1698263,0
1698381,0
1711129,1
1712162,0
1719412,1
1720861,1
1722794,1
1724948,1
1726378,1
1727003,1
1727047,0
1728482,0
1737656,0
1738926,0
1742087,0
1745265,0
1749720,0
1750382,0
1760382,0
1760943,0
1771104,0
1772830,0
1773055,1
1777173,0
1780721,1
1782572,0
1788527,1
1794758,1
1794852,0
1799281,0
1810132,0
1816578,0
1817663,1
1818221,0
1820891,0
1821487,0
1825004,0
1829956,1
1834527,0
1836484,0
1837102,0
1837156,0
1842308,0
1845427,1
1846106,0
1852546,0
1858199,1
1859296,1
1869326,1
1873235,1
1883835,0
1884342,1
1899664,1
1903889,1
1915870,0
1927584,0
1938051,1
1954356,0
1967945,0
1973270,0
1977079,1
1987761,0
1991186,0
1992391,1
1994079,1
1996805,0
1997075,0
2005365,0
2005424,1
2005557,0
2009275,0
2013581,0
2014061,0
2014374,0
2015008,1
2015913,0
2021994,0
2032532,1
2040244,0
2044150,0
2044585,0
2045155,0
2048737,1
2050603,1
2052808,0
2052858,0
2052914,1
2053893,1
2059443,1
2060459,0
2063590,0
2070912,1
2071346,1
2077017,0
2080532,1
2081501,0
2085571,0
2087982,1
2096246,0
2104609,0
2106558,0
2113046,1
2113077,1
2113668,1
2113739,1
2121721,1
2125934,1
2131315,0
2134276,1
2137890,0
2138011,1
2144078,1
2144496,1
2149094,0
2150629,1
2152593,0
2153298,0
2157401,0
2157476,1
2164809,1
2174421,1
2184669,1
2191664,1
2192963,1
2193487,0
2194996,1
2195366,0
2199581,1
2201384,0
2208668,1
2212712,1
2224701,1
2225558,0
2229649,1
2230708,1
2237338,1
2238996,1
2253422,1
2255434,1
2259850,1
2265424,1
2265519,0
2271281,1
2280866,0
2288739,1
2290363,0
2299901,1
2300468,0
2310315,1
2311857,1
2319281,0
2319535,0
2323982,0
2324288,1
2324446,1
2343740,0
2353237,1
2355175,1
2356284,0
2365459,0
2383522,1
2391119,0
2395610,1
2399029,0
2408410,0
2410477,1
2410561,1
2417280,0
2421199,0
2422885,1
2425818,1
2427939,1
2428415,0
2433568,0
2433934,1
2435037,1
2439905,0
2439958,1
2442771,1
2445327,0
2453185,0
2458301,1
2462730,1
2462814,1
2468876,0
2469521,0
2470123,1
2470215,0
2475396,1
2475441,0
2492783,1
2492969,1
2493261,0
2494323,1
2498245,1
2499626,1
2510816,0
2513092,0
2524647,0
2526455,1
2531491,1
2534848,1
2539461,0
2548796,1
2549358,1
2553006,0
2556028,0
2565637,0
2575115,1
2577235,1
2577252,1
2579927,1
2580813,0
2590401,1
2598895,1
2604914,1
2607190,1
2609687,0
2610082,0
2612979,0
2615497,1
2615971,1
2616929,1
2624500,1
2638759,1
2639655,0
2640966,0
2648226,1
2648436,0
2648539,1
2651544,0
2661482,0
2674658,0
2678004,0
2679706,0
2682112,1
2689680,1
2700877,1
2701057,1
2701366,0
2705057,1
2706974,0
2707485,0
2709785,0
2711634,1
2712727,1
2718882,0
2720634,1
2724072,1
2727038,1
2732540,0
2737907,0
2741867,1
2742847,0
2749437,0
2751075,0
2760105,1
2761331,1
2763430,1
2765445,1
2767100,1
2768625,0
2774666,1
2781111,0
2789722,0
2791444,0
2796750,1
2798139,0
2799528,1
2801581,0
2805039,1
2812859,1
2816136,0
2820069,1
2824652,0
2829321,0
2843367,0
2844337,1
2846542,0
2851749,1
2853395,1
2854368,1
2855389,1
2860039,1
2860517,0
2860546,0
2861965,0
2870299,0
2878063,0
2879451,0
2883861,1
2894068,1
2903980,1
2906271,1
2913898,1
2920603,1
2942031,0
2955737,0
2957453,1
2958563,1
2965095,1
2967552,1
2968564,1
2971339,0
2972552,1
2972793,0
2975375,0
2975833,0
2979035,0
2982459,0
3001593,0
3013955,1
3023652,0
3025966,0
3026120,0
3028770,1
3047392,0
3051474,0
3051803,1
3070426,1
3077879,1
3083211,1
3085923,1
3087091,1
3087610,1
3090323,0
3097048,0
3107379,0
3108044,1
3116695,1
3119601,1
3120647,1
3122008,1
3124067,0
3124351,0
3126889,1
3130679,0
3133261,1
3150897,1
3160365,1
3165424,0
3178636,0
3179444,1
3216584,1
3234696,1
3235283,1
3242656,1
3242915,1
3245800,1
3251734,0
3254154,0
3256219,1
3259583,1
3260174,0
3281148,1
3289612,1
3298643,1
3306859,0
3308489,1
3308548,0
3316028,0
3325268,1
3338098,0
3338580,0
3346444,0
3349816,0
3358269,0
3377405,1
3388629,0
3404484,0
3406498,1
3411148,1
3412386,0
3414280,0
3428852,0
3432169,1
3440089,1
3440208,1
3440803,0
3444030,1
3445181,1
3446829,0
3462305,1
3465987,1
3466575,0
3469740,0
3472204,1
3488974,1
3503419,1
3511488,0
3516857,0
3521799,1
3541008,1
3558560,0
3558678,1
3561794,1
3564438,1
3566590,1
3571924,1
3575936,1
3577722,0
3587882,1
3591704,1
3625852,1
3634518,0
3641747,1
3643188,1
3665515,0
3665783,0
3666753,0
3666913,0
3668781,1
3674523,0
3674909,0
3677589,0
3685610,0
3693148,0
3696994,0
3699014,1
3700412,0
3721910,0
3722918,1
3724503,1
3728737,0
3734506,1
3741096,0
3750012,1
3772428,1
3772731,0
3780547,0
3784455,0
3784829,1
3787486,1
3813675,1
3816254,0
3822200,0
3823512,1
3835178,1
3838698,1
3855068,1
3856030,1
3861403,0
3865409,1
3870814,0
3872531,1
3885942,0
3899402,1
3899882,0
3908348,1
3918529,0
3920579,0
3935237,0
3949303,1
3949322,1
3949776,1
3958885,1
3965453,0
3965485,0
3973282,0
3975306,1
3981944,1
3983908,1
3992318,0
3993040,1
4001052,0
4012756,0
4020383,0
4027705,1
4028951,0
4029035,0
4040683,0
4044107,1
4050017,1
4050526,0
4064505,0
4064649,1
4066215,1
4066588,0
4066717,1
4066748,1
4067717,0
4074986,1
4078688,1
4079926,1
4083516,1
4087627,0
4089511,0
4090316,1
4090524,1
4096339,0
4096857,1
4098406,0
4098928,1
4107208,0
4116493,1
4118140,0
4118272,0
4123584,1
4128308,0
4129041,0
4132262,1
4132405,1
4132914,1
4133997,1
4135723,0
4138667,1
4138848,0
4153471,1
4155221,0
4161380,1
4167902,0
4177868,0
4178057,1
4178063,0
4184962,1
4187651,1
4188425,1
4189136,0
4192396,1
4192814,1
4193034,1
4194969,1
4196414,1
4197130,0
4197769,0
4201837,1
4207735,1
4219733,0
4219874,1
4220539,1
4222374,1
4222430,0
4223067,0
4223659,1
4225596,0
4228434,0
4234075,1
4240746,0
4254066,1
4260449,1
4260997,1
4261041,1
4261792,0
4262426,1
4265853,1
4267408,1
4272608,0
4275950,0
4277497,1
4282903,1
4283157,1
4283473,1
4286276,0
4286444,1
4289442,0
4293219,1
4295195,1
4306755,1
4308167,0
4313701,1
4327464,1
4327911,0
4332220,0
4343351,0
4345295,0
4346744,0
4356179,1
4356619,0
4365111,1
4370350,0
4374340,0
4375225,1
4378733,1
4383631,1
4383912,1
4396329,0
4419254,1
4419278,1
4421234,0
4427558,1
4434042,0
4438051,1
4451665,0
4460269,1
4461282,1
4471851,0
4478764,1
4480304,0
4487470,1
4499189,0
4506007,0
4515105,0
4515572,1
4516688,1
4517304,1
4522462,1
4524903,0
4534022,1
4555058,1
4561478,0
4562078,0
4562535,1
4569009,1
4569137,1
4569233,0
4572351,0
4573045,1
4580981,1
4591389,0
4592309,1
4594116,0
4595406,1
4601562,1
4611682,1
4613845,1
4614766,1
4625827,1
4634280,1
4642827,0
4655008,0
4655877,0
4658454,0
4658507,0
4666747,1
4673917,0
4676654,0
4677168,0
4677940,1
4683821,0
4689784,1
4691296,1
4701964,1
4702535,0
4714148,0
4715768,0
4722478,1
4723638,0
4727057,0
4731931,1
4732407,1
4733277,1
4734135,0
4741915,1
4741950,1
4741990,0
4742352,1
4747216,1
4749586,1
4751426,0
4752753,1
4763897,0
4775426,0
4779061,1
4780195,0
4781052,1
4781559,1
4781968,1
4791227,1
4797547,0
4798880,1
4798995,1
4818991,1
4820194,1
4821276,1
4832132,1
4832350,1
4837200,0
4837267,1
4839326,1
4839493,1
4839518,0
4844085,1
4844951,0
4847015,1
4848224,0
4854730,1
4854822,0
4861018,1
4861251,1
4864930,1
4874236,0
4876034,1
4876179,0
4876575,1
4879498,1
4880653,1
4885872,0
4900306,0
4900323,0
4905802,0
4908914,0
4910267,0
4912018,1
4919727,1
4941517,1
4953830,0
4962720,0
4963028,1
4979661,1
4984599,1
4991568,1
4993090,1
4995870,1
5008189,1
5017591,0
5019214,1
5032776,0
5033954,1
5036702,0
5037678,1
5040208,1
5044536,0
5066535,1
5073109,0
5074547,0
5075604,1
5081047,0
5082409,1
5083261,0
5089965,1
5100875,1
5101408,1
5102155,1
5105201,0
5120833,1
5139932,0
5148218,0
5148306,0
5151323,0
5165321,1
5169932,0
5178014,0
5178700,1
5179204,0
5180614,1
5181919,0
5182775,0
5189599,0
5190142,0
5198121,1
5198534,0
5198572,1
5199532,1
5208300,1
5209064,1
5209281,0
5215417,1
5226638,0
5233296,0
5235992,1
5236981,1
5240192,1
5256976,0
5259283,0
5264318,0
5273650,1
5277705,0
5290140,0
5296333,1
5297331,0
5303079,1
5314251,1
5325308,0
5327064,1
5333398,0
5334602,0
5342976,0
5343224,0
5343508,1
5346587,1
5351801,1
5356148,0
5358011,1
5366596,1
5366751,1
5367330,0
5367519,1
5367553,1
5369192,1
5371224,1
5376841,1
5382221,1
5391311,0
5428306,1
5429145,0
5444523,1
5449262,0
5452011,0
5462296,1
5465320,0
5466190,1
5469624,0
5472147,0
5472199,0
5472388,1
5473072,0
5473411,1
5482815,0
5506291,0
5507118,1
5518406,1
5518839,0
5522525,1
5527462,1
5534126,0
5545630,1
5566714,0
5566958,1
5573277,0
5573689,0
5576216,1
5586201,1
5588555,0
5589418,1
5590988,0
5591606,0
5595073,1
5605096,1
5606293,1
5610673,1
5611294,1
5617252,1
5617780,1
5624060,1
5633666,0
5639167,0
5643946,1
5664376,1
5667289,0
5676172,1
5680377,1
5684256,0
5689625,1
5690903,1
5691502,1
5694023,1
5702283,1
5707895,1
5722925,1
5724947,0
5729182,0
5731430,0
5731911,0
5735849,0
5741672,1
5742426,0
5744283,0
5745029,1
5751653,0
5757308,0
5757704,0
5758617,0
5762049,1
5769261,1
5779107,1
5779720,0
5779961,0
5787473,1
5791838,0
5792808,0
5794730,1
5798538,1
5804156,1
5808264,0
5809901,1
5810956,0
5812021,1
5814915,1
5817690,1
5821293,0
5821610,1
5821722,1
5822334,0
5828699,0
5829207,1
5833304,1
5841406,1
5853379,0
5857873,1
5858331,1
5858500,1
5860607,0
5868083,0
5870795,1
5876669,0
5877442,1
5896843,1
5899088,1
5899845,1
5907610,0
5912558,0
5927729,1
5927860,0
5936879,1
5940463,0
5941956,0
5942474,0
5945384,0
5953485,1
5957300,1
5961770,1
5962252,0
5966857,1
5968401,0
5969225,0
5972862,1
5976390,1
5977261,0
5979076,0
5984821,1
5993869,1
5999140,1
6003256,1
6011954,1
6012403,0
6015816,0
6021925,0
6023854,0
6026340,1
6026863,0
6030006,0
6035725,0
6036863,0
6037970,0
6042538,1
6047572,1
6049659,1
6060241,1
6073355,0
6074552,0
6076078,0
6076504,1
6085805,0
6086473,1
6099207,1
6102816,1
6111194,0
6111885,0
6119552,0
6128750,1
6130296,0
6132629,0
6137619,1
6151970,1
6153079,1
6155333,0
6160941,0
6168219,0
6174384,0
6174453,1
6188266,0
6203745,1
6205009,1
6205277,1
6207219,1
6214023,0
6217368,1
6235402,0
6236624,1
6242515,0
6243224,0
6243306,0
6243418,0
6243722,1
6252526,1
6255549,0
6257364,1
6260427,0
6268481,1
6268720,1
6269556,1
6270732,0
6275871,0
6279241,0
6283574,0
6289290,1
6295170,0
6307398,1
6307504,1
6308192,1
6319182,0
6319434,0
6320724,1
6325580,1
6340204,0
6357709,1
6359029,0
6361710,1
6361954,1
6361979,0
6367456,1
6371601,0
6372096,0
6375406,1
6382463,1
6384972,1
6387543,1
6387577,0
6394238,1
6397493,0
6398498,0
6398702,1
6405105,0
6411256,1
6420435,1
6430187,1
6444585,0
6449914,1
6454084,0
6463828,1
6470037,0
6479605,1
6495996,1
6497548,0
6497561,1
6500176,1
6507021,1
6518723,0
6520649,1
6524240,1
6526181,1
6532538,0
6533631,0
6535601,1
6535941,1
6541233,0
6542071,0
6547423,1
6551478,1
6583881,1
6584268,0
6593038,1
6600578,0
6605220,0
6606409,1
6610056,0
6623187,1
6643683,0
6652005,0
6675644,0
6676268,0
6679786,0
6690321,1
6696072,0
6701393,1
6703211,0
6703530,1
6707951,0
6739396,1
6740140,0
6753888,1
6770834,1
6777236,0
6779725,0
6782856,1
6790641,1
6797746,1
6802292,1
6815268,1
6816898,1
6832506,0
6847265,1
6847560,0
6856550,0
6856600,1
6862070,1
6864348,0
6864811,0
6871623,0
6891023,1
6893838,1
6907915,0
6916791,1
6920097,1
6923671,1
6928118,0
6929735,0
6929868,0
6933061,1
6936962,1
6942436,1
6942817,1
6952744,1
6954347,1
6960506,1
6966816,0
6967068,0
6968346,0
6983407,0
6988007,0
6995479,0
7008298,0
7013471,0
7031479,0
7031786,1
7041569,0
7042302,0
7046129,0
7079495,1
7083766,0
7098525,0
7104290,1
7114147,1
7119381,1
7121110,1
7121185,0
7121872,1
7124337,0
7131992,1
7140696,0
7156758,1
7177319,1
7192918,1
7195675,1
7209798,1
7212550,1
7230159,0
7230737,0
7230785,1
7268146,0
7268901,1
7271654,1
7272869,1
7274312,1
7316568,1
7319070,0
7319074,1
7325433,0
7338875,0
7352781,1
7359501,1
7360543,0
7365461,0
7381624,1
7391846,1
7396956,1
7397728,0
7402084,1
7406325,1
7427686,0
7428727,1
7447526,0
7448364,1
7449496,0
7450493,1
7454469,1
7454553,0
7455295,1
7472380,0
7478792,0
7481731,1
7487753,0
7489737,0
7493159,0
7494083,0
7508488,1
7508514,1
7515812,1
7522739,1
7523721,1
7524076,0
7526955,1
7528345,0
7529134,0
7529704,0
7533500,1
7553165,1
7557388,0
7568630,1
7588059,1
7592572,0
7592935,1
7595906,1
7598228,1
7599508,0
7599595,0
7600190,1
7600411,0
7602362,1
7605476,1
7605705,1
7605966,1
7605979,1
7606753,1
7610713,0
7614856,0
7627676,0
7627958,1
7630727,0
7630876,0
7632547,1
7640685,0
7642731,1
7653833,0
7654408,1
7658266,1
7658748,0
7660372,1
7672701,0
7685102,1
7695643,1
7702459,0
7703457,1
7706198,1
7706994,1
7712829,1
7736781,0
7737697,0
7738074,0
7740446,1
7742505,0
7747145,0
7771854,1
7781191,1
7788461,0
7791401,1
7793730,1
7802290,1
7817876,0
7818606,0
7818815,0
7819490,1
7831245,1
7835892,0
7846344,0
7848039,0
7851292,1
7891842,1
7897097,1
7897369,1
7904813,1
7922856,1
7929277,0
7930633,0
7954511,1
7964697,0
7982038,1
7982426,0
8004787,0
8007335,0
8027158,0
8043903,0
8076095,1
8096872,0
8098827,1
8115548,0
8135719,0
8138188,1
8138861,0
8139867,1
8140547,1
8157737,1
8177415,1
8180090,1
8181991,0
8183515,1
8199179,1
8199994,0
8203939,1
8208849,0
8209118,0
8210583,1
8214264,0
8222326,1
8223533,1
8226300,1
8233133,1
8235702,0
8244687,0
8246639,0
8246798,1
8246958,1
8260926,0
8261265,0
8264088,0
8265640,0
8273372,1
8279485,0
8285598,0
8286186,1
8287446,1
8288267,1
8299428,1
8301306,0
8316060,1
8316111,1
8323971,1
8345467,0
8347337,1
8348267,1
8351458,1
8365516,1
8366510,1
8368682,1
8384415,1
8400205,1
8401978,1
8413204,1
8418797,1
8418840,0
8419294,1
8420162,1
8437113,0
8439029,0
8451197,0
8457981,1
8459292,0
8460877,1
8463521,0
8463908,1
8467388,0
8471052,1
8471811,1
8472198,1
8474977,0
8484415,0
8486064,1
8486087,1
8491069,0
8496598,1
8496859,0
8503312,1
8513382,0
8515644,1
8528176,0
8528960,1
8529685,1
8530066,0
8533428,0
8536458,1
8546363,1
8546712,1
8547707,1
8558643,1
8559427,0
8577905,1
8577938,1
8578965,1
8580554,0
8588695,1
8589279,0
8589338,0
8589875,0
8590853,1
8591342,1
8603570,1
8619339,0
8625521,0
8641299,0
8658925,0
8666100,1
8666214,0
8682187,1
8693190,0
8695726,0
8696655,1
8706837,1
8707021,0
8709049,0
8712687,1
8714311,0
8729241,0
8748619,1
8753191,1
8753785,1
8755903,1
8765134,0
8765683,1
8768530,1
8774344,1
8775640,0
8775668,1
8775806,0
8781114,1
8785537,1
8786967,1
8792412,1
8794347,0
8795587,0
8804010,0
8807261,1
8809633,1
8810744,0
8820568,1
8821942,0
8834758,0
8840140,0
8852355,0
8873610,0
8874288,1
8876302,0
8882640,0
8882724,0
8893754,1
8900135,0
8904526,1
8914489,0
8914553,1
8915759,0
8917162,1
8921290,1
8958913,0
8960060,1
8964674,1
8966619,1
8969729,1
8970719,0
8989505,1
8997240,0
8998658,1
9016814,1
9020665,1
9023220,1
9024490,0
9025074,0
9037292,0
9041081,1
9044657,1
9054690,0
9069788,0
9072680,0
9074532,1
9079048,0
9081632,1
9093125,0
9094897,1
9099649,0
9101524,1
9102407,1
9108014,1
9109032,1
9112422,1
9120654,0
9121319,0
9125272,1
9139922,1
9141210,1
9145973,1
9146651,0
9150885,0
9152297,1
9159886,1
9163409,1
9163658,0
9163789,1
9166170,1
9166960,1
9167349,1
9171257,1
9181353,1
9204645,0
9205104,0
9222289,1
9223486,1
9223513,1
9242629,1
9244618,1
9256627,0
9258089,1
9273908,0
9288007,1
9298793,1
9325433,0
9325851,0
9328516,1
9341679,1
9342445,1
9346111,0
9347433,0
9347772,1
9348710,0
9364718,0
9379464,1
9380626,1
9398069,1
9398332,1
9398939,1
9399896,0
9405127,0
9406869,1
9421833,1
9455259,1
9459141,1
9461818,0
9466653,0
9469817,0
9473021,1
9486876,1
9490297,0
9504442,1
9504776,0
9510754,1
9517580,1
9518158,1
9556330,0
9562760,0
9571620,0
9573762,1
9574323,0
9574465,0
9576861,0
9581590,1
9587470,1
9594328,1
9608623,0
9613237,0
9620410,1
9620896,1
9621475,1
9623238,1
9623480,1
9623908,0
9623912,0
9627037,0
9630586,0
9637559,1
9642237,0
9644424,0
9645210,0
9659089,1
9661388,0
9667300,1
9671751,1
9671847,1
9672255,0
9673391,1
9674027,0
9677348,0
9677715,1
9678179,1
9700193,0
9704548,0
9710193,1
9710209,1
9710224,1
9712154,0
9720050,1
9730800,0
9743518,0
9745020,0
9745274,1
9747744,1
9750158,0
9756201,1
9763574,0
9765636,0
9765993,0
9766171,0
9768300,0
9770391,0
9772444,0
9772664,0
9773591,0
9773840,1
9782851,1
9786019,1
9788844,0
9790218,0
9792463,0
9801074,0
9806066,1
9810845,1
9815511,0
9816067,0
9837755,1
9842748,1
9843050,1
9848234,1
9852689,1
9855641,0
9856000,0
9856065,1
9862612,0
9870898,0
9872259,1
9872348,1
9872365,0
9893154,0
9894555,1
9897368,0
9898084,1
9899108,1
9899275,1
9904914,1
9912130,1
9913343,1
9913536,1
9916111,0
9949028,0
9950970,0
9952950,0
9954800,0
9963075,1
9963337,0
9964662,0
9970013,0
9979751,0
9983342,0
10002834,1
10005065,1
10008132,1
10009569,1
10015593,0
10031508,0
10036819,0
10039212,1
10045947,0
10048894,1
10050843,0
10051665,1
10052431,1
10056203,1
10069114,1
10071881,0
10074684,1
10094598,1
10114880,0
10117320,0
10126176,1
10144946,1
10145926,1
10159335,1
10159589,1
10173472,0
10174092,0
10174501,1
10190267,0
10223494,0
10227427,0
10240902,1
10241372,0
10245738,1
10257456,1
10261325,1
10266798,0
10269129,0
10274495,1
10274635,1
10275624,0
10275643,0
10277520,1
10304048,0
10306762,1
10329752,1
10330227,0
10331930,0
10349066,0
10354251,1
10357341,1
10358936,0
10371502,1
10371607,0
10385223,1
10386887,1
10397636,1
10399235,0
10406833,0
10411284,0
10417577,0
10419572,1
10422124,1
10427122,0
10467574,0
10482386,0
10485568,1
10493958,1
10509572,0
10543007,0
10547700,0
10577871,0
10581677,1
10591698,1
10607682,1
10611654,0
10622102,0
10664307,1
10664859,0
10665213,0
10669776,0
10682214,0
10684240,0
10695820,0
10700775,1
10716703,1
10719987,0
10720978,0
10736750,0
10741779,0
10742482,0
10759265,0
10767114,0
10776944,1
10778131,1
10798172,0
10798212,0
10806823,1
10815957,0
10825315,1
10833682,0
10834150,0
10844467,1
10845035,1
10868634,0
10872933,0
10873042,1
10874472,1
10875798,0
10881268,0
10884374,1
10890701,0
10910203,0
10912865,0
10920946,0
10938807,0
10950910,1
10961012,1
10975280,0
10976229,1
10980286,0
10981189,0
10987552,1
10990903,1
11011343,0
11011761,0
11025704,0
11031026,1
11037666,1
11050647,1
11058479,0
11076587,0
11078446,1
11079040,0
11079139,1
11080017,0
11080338,1
11086474,1
11094750,0
11097946,0
11116631,1
11117061,1
11122512,0
11123667,0
11123682,0
11123872,0
11134354,0
11142853,0
11152612,0
11152726,0
11153265,1
11153859,1
11158845,0
11160931,0
11173334,1
11175777,0
11176448,1
11176650,1
11183508,0
11192573,0
11194959,0
11197428,0
11203141,1
11217740,1
11218359,0
11241825,1
11244926,1
11246520,1
11252803,1
11269480,0
11273020,1
11276383,1
11296194,0
11312032,1
11318011,1
11331877,1
11332668,1
11332922,1
11334415,0
11335360,1
11338328,1
11349788,1
11354882,1
11365151,1
11367850,1
11373676,1
11409752,0
11425499,0
11428391,0
11432641,0
11450699,1
11452051,0
11452606,1
11468252,1
11470044,1
11471140,0
11472006,1
11472656,0
11486926,1
11489162,0
11500866,1
11501130,0
11501637,1
11502024,0
11505292,0
11529620,0
11537035,1
11538938,0
11541020,0
11541751,1
11543713,0
11558320,1
11563521,1
11564787,1
11565085,1
11566495,1
11581447,1
11584659,1
11585754,1
11602099,1
11618458,1
11618546,0
11619140,1
11620664,0
11629362,1
11645692,0
11646721,1
11652513,1
11654436,0
11662420,1
11665547,1
11668980,0
11689806,1
11692792,0
11714928,1
11716229,1
11723019,0
11725646,0
11729484,1
11732847,0
11756453,1
11773329,1
11775650,0
11788657,1
11811544,0
11811836,1
11816090,0
11817331,0
11822001,0
11835337,1
11837280,1
11855551,0
11858670,1
11861319,1
11861640,1
11864514,1
11867714,0
11868367,0
11880011,1
11882713,0
11888267,1
11898911,1
11900357,1
11901589,1
11902329,1
11904781,0
11917147,0
11919725,0
11921588,1
11932035,1
11933721,1
11936679,1
11946137,0
11970110,1
11984112,1
11999794,0
12002783,0
12003458,0
12005845,1
12007781,0
12029926,1
12032722,0
12032742,1
12039415,0
12048865,1
12048867,1
12059457,1
12060965,0
12065882,1
12070382,1
12074907,0
12075607,1
12079971,1
12085555,1
12088896,0
12111642,1
12116820,0
12118393,0
12133869,0
12139181,0
12139936,0
12140456,0
12144143,0
12149293,0
12150283,1
12160916,0
12160967,1
12166642,0
12184633,0
12187559,0
12199203,1
12213674,1
12220711,0
12225025,1
12228546,1
12230111,0
12238072,0
12238666,0
12242279,1
12243911,0
12244107,0
12244221,0
12244418,1
12246277,0
12258699,1
12259797,0
12261227,1
12262083,1
12262785,1
12263029,0
12266006,1
12268844,1
12283387,1
12297456,0
12298558,0
12300209,0
12301761,1
12303464,1
12303629,0
12303840,0
12304848,1
12309558,1
12320816,0
12333169,1
12339855,0
12357200,0
12363802,0
12365270,0
12366450,1
12370510,1
12372187,1
12383343,0
12392170,0
12403526,1
12414618,1
12415545,1
12425825,0
12440211,0
12441209,1
12447664,1
12453420,1
12461886,0
12463528,0
12468972,0
12477904,0
12481199,1
12499920,1
12502787,0
12503519,0
12504925,0
12507976,0
12510014,0
12529214,1
12529438,1
12529488,0
12554179,1
12555582,1
12558208,0
12566683,1
12580380,0
12591034,0
12595887,1
12598563,0
12601668,0
12616227,0
12616677,1
12621610,1
12648395,0
12673678,1
12679300,1
12709462,1
12743793,1
12746403,0
12746971,0
12756638,1
12768182,1
12769033,0
12776285,1
12786585,0
12787592,0
12788911,1
12790645,1
12798411,0
12803084,1
12805439,0
12805494,0
12807043,0
12807543,0
12820052,1
12822525,0
12839010,0
12841205,1
12842545,0
12842913,0
12866064,0
12871257,1
12884264,0
12894768,1
12896531,0
12897104,0
12899923,1
12913021,0
12914938,0
12924035,1
12929497,0
12941137,0
12948769,1
12953708,1
12977539,0
12979456,0
12994318,0
12998982,0
13025995,0
13035008,0
13039931,0
13039963,0
13040311,0
13041661,1
13042909,0
13048617,0
13068029,0
13068409,0
13077287,1
13078531,1
13094025,0
13095290,1
13103830,1
13108092,0
13111518,1
13112368,1
13119711,1
13121609,1
13121797,0
13121894,0
13124418,0
13124469,1
13144360,0
13159648,1
13168282,0
13168328,0
13168347,1
13179090,0
13179926,0
13180939,1
13182399,1
13187951,0
13194514,0
13195556,1
13202172,0
13221754,1
13231573,1
13236012,0
13243839,0
13245084,0
13246446,1
13268790,0
13270537,1
13270622,1
13270751,0
13280045,1
13288348,1
13296470,1
13298740,1
13307377,1
13307723,1
13311024,1
13311241,0
13320592,1
13328853,0
13329014,0
13329136,1
13336990,1
13355613,0
13356667,0
13357296,1
13364440,1
13365304,0
13368492,0
13371336,0
13381359,1
13384071,0
13392720,1
13394871,1
13403880,0
13405069,1
13418966,1
13422544,0
13430344,0
13439007,0
13459723,0
13461040,1
13488041,0
13499230,0
13526809,0
13537410,1
13540708,0
13546544,0
13546840,0
13551727,0
13568468,0
13576016,0
13584652,0
13584662,1
13586354,1
13586992,1
13588354,1
13612099,0
13612718,0
13613924,0
13615449,0
13617745,0
13621439,0
13630913,0
13632970,1
13636223,1
13636386,1
13656242,0
13663339,1
13670197,0
13681502,0
13683517,0
13691930,0
13700490,1
13704631,0
13709722,1
13709899,0
13725809,0
13736389,1
13740023,1
13749590,0
13756034,1
13759775,1
13760282,0
13761619,1
13762181,1
13781162,0
13797375,0
13806199,1
13807152,1
13816868,1
13820644,1
13837782,0
13841347,1
13841421,0
13854881,0
13872316,1
13872532,1
13876513,0
13882423,0
13893323,0
13896668,1
13897655,1
13917074,0
13920294,1
13927111,0
13948200,0
13948299,1
13953627,1
13957796,0
13971260,0
13973305,0
13991086,0
13996664,0
14000800,1
14001467,1
14003855,1
14007040,0
14009154,0
14009552,1
14010283,1
14010875,0
14024883,0
14033700,0
14034898,0
14035666,1
14040202,0
14043928,1
14095402,0
14106049,1
14113698,0
14114247,0
14117859,1
14118382,1
14125344,1
14137766,1
14151088,0
14156721,1
14159837,0
14178881,0
14179754,1
14182500,1
14184214,1
14188741,1
14192688,1
14199193,1
14207293,0
14211479,0
14224735,1
14225777,1
14230947,0
14231208,1
14242209,1
14245785,1
14257870,0
14258076,0
14258226,0
14262116,1
14269905,0
14270714,1
14272569,0
14273447,0
14276832,0
14277691,0
14278341,1
14285219,1
14290915,0
14293819,1
14310562,0
14316972,1
14328797,0
14329269,0
14330117,0
14367880,1
14368819,1
14384078,0
14384919,0
14391525,1
14392321,0
14400015,0
14412564,1
14417573,0
14423769,1
14437052,0
14439444,1
14463690,1
14466098,1
14468977,0
14477809,1
14480437,1
14480478,1
14492079,1
14497884,1
14506448,0
14551425,0
14572316,0
14582644,1
14588845,0
14605694,0
14621577,1
14622071,0
14626243,0
14647048,0
14652759,1
14658601,1
14660164,0
14676874,0
14677405,1
14678020,1
14680841,0
14687854,0
14687885,0
14701340,1
14705273,0
14753251,0
14759035,1
14768240,0
14770795,0
14781090,0
14781817,0
14811894,0
14813434,1
14815977,0
14818275,1
14822472,1
14827988,1
14829416,0
14838958,1
14839494,0
14840613,1
14840623,1
14841005,0
14852944,0
14862344,1
14875420,1
14894036,0
14903986,1
14912658,0
14922029,0
14927534,1
14931788,0
14945340,1
14954521,1
14962870,0
14984731,1
14985601,1
14986202,0
14988394,1
15002579,1
15006422,1
15006862,1
15021117,1
15051921,1
15091137,0
15107526,0
15119502,1
15153828,0
15162521,0
15169661,1
15177565,0
15177596,0
15183755,0
15186003,1
15188143,0
15194637,1
15201803,0
15213142,0
15220975,0
15223127,0
15228393,0
15228883,0
15240543,1
15242139,1
15246526,1
15246579,1
15248924,0
15250365,1
15254596,1
15255151,1
15262055,1
15268550,1
15276569,1
15284689,0
15290907,1
15293019,1
15295239,0
15309969,0
15315118,0
15318064,1
15320189,0
15320675,0
15321945,1
15327607,0
15334125,1
15337283,0
15347305,0
15348261,1
15353507,0
15365760,0
15369291,1
15371632,1
15404129,1
15407131,0
15416418,1
15440289,1
15443289,1
15461382,0
15476414,1
15493058,0
15496409,0
15506621,0
15521731,0
15529126,0
15544007,1
15554445,0
15555157,1
15560259,1
15564895,0
15565463,0
15565536,0
15579107,0
15584425,0
15595997,0
15598087,0
15599241,0
15607569,0
15611812,1
15627288,1
15627816,0
15629111,1
15642810,1
15658201,0
15658445,1
15694941,1
15695287,1
15698429,1
15702055,0
15703775,0
15704246,1
15726659,1
15728405,0
15754497,0
15756109,1
15756501,0
15777933,1
15784950,0
15793366,1
15796383,1
15796448,0
15800487,0
15802658,0
15810119,0
15812369,0
15813728,0
15813982,0
15814621,0
15819632,0
15825534,1
15842070,0
15863264,0
15882195,1
15883716,1
15889977,1
15891163,0
15901137,1
15908536,1
15921995,1
15923521,0
15934851,0
15936230,1
15941004,0
15941746,0
15949142,1
15953678,0
15960091,1
15960114,0
15981987,0
15993165,0
15997799,1
15998236,1
16021657,0
16028868,1
16028976,1
16035500,1
16037353,0
16037882,0
16038095,1
16038840,1
16044316,1
16066184,0
16079800,0
16084492,1
16098388,1
16105839,0
16106548,0
16108155,1
16117189,0
16117263,1
16129857,1
16141450,1
16143691,1
16155301,1
16162810,0
16171126,0
16183601,0
16187766,0
16198108,1
16200489,1
16213149,1
16228856,1
16242291,1
16251196,1
16267096,1
16268200,1
16269158,0
16296701,0
16298724,1
16304359,1
16305052,1
16308967,0
16316321,1
16319225,1
16322187,0
16327609,1
16332080,1
16342959,1
16346946,1
16356340,0
16357799,0
16360810,0
16366452,1
16371385,1
16376804,0
16377630,1
16384532,1
16387067,0
16397745,0
16412054,0
16420901,0
16426042,0
16437081,1
16448360,1
16448756,0
16451542,1
16460416,0
16462609,1
16464133,1
16465483,0
16478413,1
16487116,1
16493177,1
16494281,1
16496531,1
16513163,0
16516320,1
16519157,1
16523564,1
16527529,0
16532675,0
16542166,1
16544585,0
16552938,1
16553866,0
16563043,1
16563210,1
16564826,0
16567886,1
16568450,1
16570093,0
16570107,1
16581106,1
16584085,0
16590152,1
16599073,1
16610687,1
16611435,0
16612091,1
16612220,0
16614799,0
16621757,0
16622337,1
16622944,1
16631044,1
16644656,1
16668416,1
16671597,1
16681480,1
16687956,0
16689426,0
16713759,0
16714927,1
16718726,1
16719220,0
16719339,0
16737970,1
16738179,0
16745417,1
16750381,1
16752315,0
16753041,1
16753954,1
16763957,1
16776372,1
16790047,1
16801928,1
16805720,1
16820447,0
16821356,0
16822519,0
16822851,1
16824713,1
16825363,0
16834969,0
16835085,0
16839658,1
16842614,1
16852474,0
16852931,0
16864826,0
16865737,0
16865958,1
16869445,1
16881347,0
16882702,1
16882944,0
16891542,1
16892337,1
16906052,0
16907127,0
16907285,0
16908038,1
16918841,1
16921600,1
16922040,1
16925031,1
16930530,0
16941161,1
16943593,0
16951301,1
16963089,1
16977120,1
16991524,1
16995148,0
17003754,1
17006035,1
17017904,1
17020384,0
17023320,1
17024708,1
17025005,0
17025161,1
17025866,0
17034859,0
17042084,0
17051107,0
17069721,1
17071616,1
17075807,1
17094164,0
17099087,0
17116794,0
17130437,1
17146247,0
17149297,1
17151105,1
17157280,0
17183851,0
17208090,1
17214949,1
17216494,0
17216769,1
17244197,0
17246972,1
17247383,0
17252653,0
17268495,1
17278799,0
17279422,0
17279794,1
17299720,0
17317706,0
17325099,1
17329482,1
17330038,1
17353586,1
17356520,0
17356916,1
17358676,0
17360143,0
17360642,1
17365995,0
17386216,0
17390379,0
17415451,1
17417862,0
17431547,1
17431964,1
17432210,0
17445602,1
17446225,1
17460062,0
17468670,0
17477332,0
17486911,1
17493857,1
17494802,1
17503300,0
17518938,0
17527349,0
17530724,1
17542110,0
17543557,0
17549646,1
17554104,0
17561932,0
17562064,0
17565255,0
17571013,0
17578251,0
17584822,0
17585435,1
17585785,1
17587748,1
17589044,0
17597230,0
17602323,1
17606907,0
17615803,0
17616329,0
17631880,0
17635687,0
17647621,0
17648988,0
17650885,0
17658911,0
17669959,0
17673846,1
17678821,1
17680115,1
17689634,1
17691951,1
17693127,1
17704459,0
17729258,1
17730483,0
17739503,0
17742762,0
17746755,0
17747433,1
17749251,1
17756864,1
17756961,0
17769078,1
17792345,0
17809281,0
17817801,0
17818892,0
17819241,0
17820214,1
17821467,0
17821625,0
17822236,0
17823583,1
17823804,1
17828204,0
17856702,0
17889028,1
17890811,1
17898997,1
17905825,0
17912520,0
17914500,0
17932014,0
17934201,0
17938464,0
17950487,1
17950966,1
17951719,0
17952278,1
17957244,0
17967371,1
17989723,1
18001678,0
18002930,0
18007745,1
18027614,1
18030503,1
18030702,1
18039909,1
18046166,0
18047883,1
18049545,1
18051632,0
18055101,1
18057545,1
18066792,0
18072686,0
18081182,1
18081702,1
18083388,1
18084293,1
18089818,1
18090451,0
18090864,1
18105794,0
18133505,1
18174091,1
18177011,0
18179136,0
18183753,0
18184962,0
18190229,0
18201883,1
18209719,0
18220762,0
18221687,1
18222511,1
18230786,0
18236662,1
18240147,1
18250490,0
18251791,0
18264438,0
18280765,0
18282887,1
18284343,0
18284760,0
18285691,1
18286556,0
18300943,1
18305704,1
18310888,1
18315318,0
18317881,1
18318263,0
18319715,1
18341498,0
18352321,0
18357325,1
18357582,1
18365443,0
18410825,0
18431024,1
18437294,1
18437378,1
18442987,0
18446771,1
18447160,1
18458898,0
18461022,0
18479127,0
18479224,1
18487411,1
18488106,0
18494808,1
18502546,1
18503201,0
18514326,0
18517281,0
18517569,0
18519351,1
18524038,1
18524044,1
18531291,1
18540743,1
18542216,0
18543989,0
18565311,1
18574034,1
18574545,1
18588616,1
18590777,0
18592447,1
18596186,1
18599299,1
18608047,0
18608686,0
18610767,0
18620018,0
18621506,0
18624674,1
18641998,1
18644176,0
18645586,1
18646021,1
18660952,0
18661592,0
18662279,1
18677954,1
18685263,1
18688995,0
18696641,1
18698546,1
18700720,0
18700924,0
18702626,0
18702982,0
18704831,0
18711008,1
18713446,0
18713631,0
18727134,1
18729775,1
18733870,0
18740273,0
18740493,1
18740535,1
18740607,0
18740879,0
18742653,1
18745799,0
18749533,0
18800967,0
18801503,1
18802826,1
18804527,1
18805998,0
18817728,0
18821398,0
18824866,1
18836668,0
18845130,1
18851882,1
18863405,0
18868669,1
18871111,1
18881338,0
18881988,1
18882546,0
18893386,1
18907494,1
18910269,1
18910408,1
18913550,0
18918889,0
18943842,1
18944002,1
18967371,1
18970569,1
18991246,0
19009304,1
19021645,1
19021999,1
19025495,0
19033816,1
19066406,0
19068720,1
19069258,0
19111841,1
19112326,1
19116251,1
19129884,0
19139623,0
19152648,1
19152828,1
19159946,0
19169098,1
19173687,0
19174060,0
19184756,0
19204602,0
19219025,0
19219491,1
19232294,1
19233139,1
19242320,1
19279614,1
19280038,0
19303492,0
19309730,1
19323694,1
19326727,0
19328604,1
19351113,1
19359750,0
19369398,0
19376400,0
19378131,1
19393408,0
19394813,1
19396870,1
19397825,0
19409831,0
19418941,1
19419276,1
19420226,0
19421401,1
19422638,0
19443910,0
19460973,0
19462780,1
19466486,1
19471097,0
19473312,0
19486886,1
19488621,1
19493349,1
19494021,0
19496774,0
19497249,1
19497363,1
19520999,0
19521865,0
19523680,1
19524769,1
19551796,0
19557058,0
19565694,0
19590598,0
19592705,1
19607151,0
19608560,0
19615331,1
19627729,0
19636495,0
19667717,1
19684230,0
19687490,1
19688577,1
19692336,0
19694723,1
19706274,1
19713670,1
19724697,1
19725947,0
19730241,0
19730803,0
19740759,0
19740926,0
19743924,1
19754022,1
19766297,0
19774295,1
19777790,1
19780854,1
19797905,1
19811311,1
19815346,1
19815894,1
19834302,0
19840400,1
19850172,1
19850392,1
19859481,0
19889124,1
19896319,0
19904014,1
19906505,1
19912378,1
19922006,1
19944237,0
19949306,0
19967706,0
19975077,1
19979732,0
19992118,0
19992806,0
20009770,0
20013073,0
20014250,0
20025971,1
20026722,1
20026974,1
20033979,0
20039841,1
20040362,1
20041337,1
20047771,1
20053402,1
20061670,0
20062692,0
20075552,1
20084389,1
20084729,1
20087318,0
20090018,0
20098343,0
20100509,0
20132726,1
20160040,1
20162843,1
20166871,1
20186214,0
20205913,0
20221187,0
20222631,1
20226210,1
20237468,1
20241490,1
20243847,1
20244885,1
20247826,0
20250830,0
20252516,0
20253277,0
20258145,0
20262177,1
20272762,1
20278771,0
20283789,0
20290043,0
20293613,0
20294434,1
20299213,0
20327845,1
20346660,0
20357075,1
20361700,0
20372615,1
20385708,1
20390611,1
20402913,1
20405748,0
20407690,0
20417194,1
20436183,0
20439192,1
20489312,0
20492579,0
20495273,1
20513560,0
20518008,0
20530516,0
20531842,0
20534776,1
20535728,1
20576856,0
20593923,1
20594518,0
20597157,1
20598476,1
20598851,1
20621032,1
20647614,1
20652795,0
20660796,0
20666501,1
20666663,0
20678969,0
20681649,1
20682281,0
20702236,1
20703972,1
20708071,1
20735948,1
20756083,1
20760639,0
20764986,1
20770972,0
20781881,1
20786175,0
20796228,0
20805781,0
20809620,0
20816755,1
20824516,0
20824977,0
20839620,1
20840448,0
20856363,1
20856599,1
20878368,1
20879453,0
20900676,1
20902492,1
20911459,1
20915582,1
20925211,0
20926143,0
20951269,0
20951750,0
20953496,0
20956913,1
20966382,1
20977770,1
20978719,1
20985156,1
20985953,0
20991270,1
20993518,1
21003756,0
21033195,0
21037652,1
21048231,0
21051817,1
21067429,0
21071872,1
21080298,1
21085710,1
21087294,1
21100583,0
21108628,1
21143504,0
21145054,0
21148507,0
21170049,0
21180750,0
21185871,0
21187691,0
21201434,0
21204225,0
21209185,1
21215607,1
21221615,1
21236872,1
21240641,0
21240721,0
21241335,0
21249809,0
21250701,0
21257666,0
21258427,0
21274581,1
21294573,1
21305971,1
21315541,1
21319322,0
21331611,1
21352620,0
21352752,0
21354034,1
21360555,0
21361451,1
21362579,0
21363049,0
21372668,0
21417298,0
21417966,1
21422648,0
21425904,0
21426131,0
21433063,1
21442175,0
21447694,1
21465651,1
21469163,1
21469759,0
21479577,1
21482420,1
21483009,0
21483823,1
21495341,1
21496189,1
21499265,1
21506137,1
21508125,1
21511933,1
21537729,1
21538375,1
21554287,0
21555879,1
21561350,0
21570005,0
21571767,0
21580691,0
21589685,1
21601540,0
21602848,0
21603156,1
21604173,1
21615062,0
21621019,1
21622522,1
21622750,1
21629684,1
21638709,0
21652666,0
21656160,1
21661961,1
21662626,1
21664993,0
21669730,1
21679197,1
21690511,1
21694258,1
21704823,0
21709503,0
21709788,1
21712767,1
21712894,1
21719929,1
21726418,0
21731153,1
21734685,0
21746817,1
21747097,1
21748315,0
21752300,0
21756582,1
21763654,0
21767458,0
21775963,0
21794365,1
21796266,0
21796535,0
21796854,0
21800108,0
21807504,1
21807920,0
21809564,1
21809755,1
21810952,0
21811108,0
21811922,1
21813874,0
21814706,0
21835005,1
21842574,0
21854477,0
21861997,1
21871020,1
21872444,0
21878613,0
21879041,0
21892527,0
21899167,0
21905535,1
21905658,1
21907721,1
21908725,0
21923583,0
21940367,0
21957759,0
21959354,1
21962614,1
21975974,1
21977345,1
21988855,1
21991649,0
21992397,0
22004221,1
22013111,0
22021717,1
22024959,0
22044509,1
22045598,1
22047363,1
22054501,1
22070383,0
22076704,0
22077610,0
22095813,0
22100694,0
22111444,0
22113935,0
22115443,0
22122037,1
22144316,1
22159912,0
22160824,0
22160843,1
22164623,0
22169361,1
22187883,1
22190712,1
22198520,1
22199463,0
22202231,0
22203280,0
22203290,0
22203909,0
22204955,1
22205463,1
22219081,1
22219083,1
22219088,0
22219612,1
22221113,0
22237162,0
22243453,1
22243758,0
22261100,0
22273900,1
22288798,1
22302369,0
22302432,0
22304383,1
22320389,1
22331018,0
22336917,1
22349952,1
22353694,0
22356796,1
22365936,0
22370366,0
22374139,0
22380801,0
22381687,1
22415861,1
22416251,0
22418132,1
22420854,0
22428520,1
22456964,0
22458638,1
22496015,1
22509385,1
22529501,0
22541079,1
22556145,1
22556152,1
22556153,1
22556765,1
22563202,0
22570633,1
22583352,1
22595801,1
22604194,0
22605772,0
22607838,0
22610109,1
22612310,1
22620981,1
22623415,0
22626199,1
22629486,1
22631591,1
22631780,1
22632070,1
22641461,1
22648872,1
22660119,0
22660863,0
22663746,0
22679482,0
22679645,0
22680941,1
22681993,1
22682113,1
22682246,1
22682345,1
22682431,1
22682541,0
22695017,1
22697963,0
22700332,0
22712551,0
22731337,1
22737380,0
22746106,0
22746761,1
22758787,1
22771369,0
22777099,0
22779862,1
22782293,1
22789044,1
22794822,0
22799710,1
22804555,1
22808443,0
22823134,1
22823230,1
22824065,1
22845832,1
22852304,0
22852372,1
22855918,0
22856929,1
22879662,1
22892352,0
22894399,0
22919691,1
22921853,1
22922003,1
22934221,1
22936931,0
22947971,1
22949464,0
22949606,1
22950214,1
22954302,0
22954733,0
22961476,0
22964301,0
22980019,0
22991017,1
22993253,1
22994920,1
22997776,0
22999546,0
23010148,1
23015930,1
23035228,0
23037276,0
23039270,0
23040787,0
23052121,0
23054174,0
23066213,1
23070393,1
23071094,1
23072532,1
23081620,0
23083427,1
23083866,0
23084502,0
23085669,1
23086853,0
23106088,0
23114966,1
23120002,0
23124017,0
23133968,0
23135573,1
23136925,1
23145345,1
23145564,0
23154737,0
23160299,0
23160420,1
23176852,1
23178522,1
23193714,1
23196166,1
23196433,1
23196962,1
23217474,1
23230580,1
23241909,0
23244803,0
23250290,0
23261408,1
23264086,1
23268542,1
23269160,1
23281292,0
23308271,1
23317044,0
23317243,1
23318511,0
23320681,1
23320775,0
23321351,1
23321567,0
23323089,0
23326348,1
23329477,0
23332857,1
23335192,0
23335465,0
23337706,1
23347429,1
23347579,0
23349892,1
23350735,1
23352560,1
23367515,0
23368884,1
23373451,1
23389081,0
23390041,0
23391437,1
23402896,1
23410950,1
23429285,1
23434773,1
23440455,0
23443122,0
23443822,1
23447723,0
23462418,1
23465654,1
23465905,0
23467735,0
23478774,1
23479895,1
23483888,1
23493912,1
23499525,0
23509439,1
23516890,0
23553792,0
23554183,1
23557443,1
23571710,1
23572420,1
23575479,1
23577122,1
23586456,1
23605836,0
23611094,1
23613352,0
23625630,1
23637200,0
23640992,1
23642434,1
23643325,1
23655641,0
23663012,1
23679594,0
23700516,0
23707019,0
23707564,1
23715056,1
23721270,1
23726256,0
23728070,0
23738652,0
23755439,1
23757573,0
23760989,1
23764051,0
23765098,0
23767532,1
23769542,1
23771046,0
23786451,1
23794726,0
23796746,0
23799108,1
23819865,0
23819993,0
23831793,1
23836626,0
23845769,0
23851937,1
23852126,0
23869448,1
23871389,0
23871461,1
23871522,0
23871562,1
23871778,0
23874960,0
23879399,1
23880958,0
23890918,1
23892801,1
23893660,0
23909159,1
23910283,0
23913825,1
23930420,1
23939953,1
23943944,0
23955090,1
23971749,0
23972978,1
23974532,0
23984178,1
23984738,0
23993689,1
24006254,0
24008881,1
24010612,0
24012480,0
24026960,1
24027937,1
24052365,1
24055590,0
24060385,0
24068896,0
24070145,1
24071423,1
24072465,1
24073001,0
24073602,0
24075985,1
24078846,0
24082388,0
24083310,0
24088804,1
24090563,0
24093478,0
24107993,1
24178037,0
24192907,1
24201651,1
24202152,1
24214874,1
24239356,1
24254219,0
24278943,0
24297761,0
24307718,1
24308245,1
24316432,1
24318593,1
24323565,0
24323920,1
24325687,0
24326556,1
24328617,1
24330438,0
24332089,1
24348934,0
24362100,1
24363466,1
24367853,1
24367974,1
24381349,0
24386358,1
24387331,1
24387527,0
24388351,1
24393711,1
24405118,0
24409266,1
24416997,1
24419985,0
24421450,1
24421753,0
24423591,1
24423944,1
24438461,0
24438802,0
24444856,0
24459422,0
24459622,1
24460316,0
24464233,1
24467063,0
24473617,1
24486839,0
24487793,0
24489119,1
24508121,1
24511424,0
24529908,0
24530095,0
24534065,0
24555072,1
24555584,0
24574308,1
24574969,1
24588226,0
24592629,1
24599182,1
24603733,1
24639768,1
24640678,1
24645034,0
24647648,0
24650396,1
24663173,0
24664035,1
24665092,1
24667200,0
24667900,0
24669568,0
24672783,0
24675604,0
24686167,1
24692150,0
24695464,0
24724929,0
24744202,1
24748923,0
24749007,1
24752585,0
24758279,0
24785044,0
24790948,0
24791561,0
24814252,0
24815457,1
24815698,0
24815808,1
24817793,0
24819423,0
24819682,0
24824079,1
24829066,0
24843877,0
24847748,0
24850432,0
24852805,1
24853572,0
24873562,0
24879057,0
24883678,0
24888965,1
24889521,1
24890130,0
24928754,0
24941903,1
24953726,0
24975006,1
24976201,1
24985124,0
24990311,1
25006991,0
25008922,1
25018013,0
25024559,1
25045146,1
25045215,0
25045662,1
25052341,0
25053574,0
25067235,1
25071445,1
25080639,0
25117316,0
25121422,1
25148442,0
25154610,1
25156218,0
25173200,1
25173277,1
25175372,0
25177222,0
25179983,0
25195397,1
25196380,1
25201194,0
25228949,1
25243102,0
25282045,0
25282360,0
25282834,1
25304798,0
25308754,0
25310844,1
25315401,1
25331400,1
25335323,1
25343938,0
25347604,0
25358756,0
25364492,0
25394238,1
25397489,0
25417095,1
25422059,0
25434936,0
25438937,1
25442532,0
25444169,0
25465815,1
25466269,0
25467832,0
25468332,1
25471835,0
25498779,1
25502411,1
25507638,1
25526572,1
25533537,1
25534637,1
25537128,1
25566938,1
25567471,0
25571080,0
25572164,0
25577884,1
25613048,0
25628393,0
25648336,1
25649571,0
25655320,1
25656836,1
25693793,1
25704899,1
25710302,1
25711195,1
25713305,1
25717359,0
25733194,0
25758715,1
25760711,0
25767851,0
25768444,1
25768601,0
25791615,1
25792160,1
25792224,0
25797467,1
25805373,1
25824433,1
25825959,1
25830977,0
25831019,1
25831423,1
25838827,1
25852156,1
25853159,1
25860349,0
25866067,0
25877925,1
25887796,1
25898408,1
25902162,1
25934118,0
25937205,1
25942866,1
25957337,0
25957461,0
25965185,0
25965861,0
25966558,1
25999731,0
26002069,1
26002164,0
26016939,0
26022870,1
26032049,1
26053994,1
26054257,1
26055515,1
26056743,1
26058959,0
26069841,1
26073517,1
26074951,0
26099336,1
26119281,0
26130671,1
26145654,1
26146601,0
26146615,1
26149832,1
26152534,1
26152787,0
26153418,1
26155683,0
26180626,0
26190618,0
26192563,1
26195032,0
26214842,0
26216561,0
26217443,1
26224315,1
26244041,0
26248561,0
26252931,0
26254159,0
26257409,0
26263974,0
26273721,1
26293171,1
26293374,1
26309845,1
26311760,0
26313523,0
26318511,0
26322511,1
26324924,0
26328192,0
26350635,0
26355010,0
26360585,1
26360950,1
26362332,1
26362854,0
26383034,1
26383501,1
26384567,1
26391680,1
26411436,0
26412766,1
26413139,0
26441063,1
26444801,1
26464859,1
26480972,1
26491880,0
26513590,1
26513676,0
26515636,1
26521657,1
26554846,0
26580699,0
26583202,1
26588897,1
26606128,1
26620868,1
26633792,0
26634681,1
26657620,1
26660744,0
26676213,0
26684536,0
26702020,1
26703243,1
26705768,0
26708278,0
26727206,0
26727746,0
26727876,1
26729987,1
26735048,0
26736719,1
26758398,1
26763286,0
26776432,1
26778837,0
26781219,0
26799370,1
26804388,0
26823474,1
26838789,0
26840497,0
26845927,0
26846447,0
26862682,1
26882240,1
26889193,1
26891270,0
26908036,1
26909350,0
26916849,0
26918463,0
26938600,1
26939425,0
26945765,1
26948374,0
26954060,0
26959471,1
26969255,1
26970343,1
26981936,0
26983765,1
26984608,0
26985342,1
26986235,0
26992811,0
26995300,0
27011628,0
27013979,1
27017573,1
27022522,0
27023028,0
27029116,0
27039779,0
27043931,1
27048839,0
27057867,0
27066467,0
27072109,0
27078768,1
27081168,1
27086605,0
27105747,1
27136042,1
27145568,0
27153351,0
27156272,1
27158972,1
27163979,1
27182828,0
27188637,1
27192902,1
27193985,0
27194056,0
27219310,1
27246594,1
27248834,1
27260902,0
27277865,0
27279214,1
27310118,1
27311816,1
27333896,1
27352500,1
27357187,1
27359237,0
27391859,0
27402178,1
27422478,1
27429766,1
27445366,1
27451648,0
27456400,1
27470370,0
27480964,1
27498433,1
27498574,0
27503723,0
27504059,0
27514056,1
27515936,0
27517372,1
27518789,1
27519433,0
27520454,0
27536999,1
27543593,1
27546043,1
27547218,0
27584130,0
27585185,1
27591025,1
27597049,1
27622838,0
27628108,1
27650314,0
27665696,1
27675712,0
27684897,1
27700649,0
27716339,0
27716676,0
27730263,1
27736477,1
27753465,0
27756957,0
27782134,1
27793110,0
27833347,1
27850637,1
27873047,1
27881958,1
27917907,0
27921658,1
27930399,0
28001084,1
28008199,0
28008398,1
28014355,1
28037580,0
28044785,1
28061366,1
28074298,1
28074306,1
28074316,1
28074322,1
28074325,1
28074332,1
28074338,1
28074345,1
28091253,1
28093601,1
28094608,1
28096740,1
28122350,1
28123178,1
28144791,1
28145919,0
28150581,1
28173275,1
28198179,1
28235127,1
28241389,0
28244083,1
28247940,0
28270687,1
28270688,1
28270689,1
28270691,1
28270705,1
28276026,0
28294520,0
28298295,0
28322364,0
28324358,1
28331809,0
28351450,1
28351565,0
28355347,1
28357493,1
28366493,1
28378920,0
28385014,0
28391056,1
28397223,1
28397290,1
28401009,1
28424490,1
28428269,0
28450008,0
28454744,1
28457752,0
28466152,1
28484462,1
28489982,0
28503726,0
28507123,0
28510280,1
28528801,1
28560311,1
28577726,0
28579917,1
28593806,1
28598752,1
28600933,1
28608335,0
28628858,1
28631955,1
28653187,0
28660353,1
28665925,1
28671034,1
28678456,0
28682664,1
28683605,1
28703993,1
28706146,0
28733670,0
28734531,0
28744764,0
28752919,1
28759121,1
28778209,1
28794417,1
28803808,0
28804268,1
28828685,0
28855935,0
28858503,0
28866325,0
28883942,1
28907466,0
28912614,0
28931832,0
28933111,1
28944934,1
28946406,0
28949870,1
28952686,0
28955735,0
28956112,0
28972640,1
28974544,0
28981700,0
28988093,1
28997856,1
29001982,1
29004456,1
29005103,1
29019775,1
29021839,1
29022870,1
29025044,0
29026296,0
29032750,1
29034029,1
29034035,1
29034601,1
29046646,1
29051503,0
29073563,1
29097575,0
29115159,1
29132534,1
29140783,1
29141516,0
29141620,1
29144942,0
29146279,1
29152842,1
29153835,1
29174766,1
29178395,1
29183500,1
29183766,1
29185492,0
29203180,1
29204573,0
29205066,1
29206756,0
29207432,0
29208168,0
29228473,0
29228636,0
29233493,1
29233721,1
29235484,1
29247143,1
29253123,0
29256123,1
29258642,1
29268342,0
29273928,0
29274352,1
29293653,0
29302866,0
29322707,0
29324296,0
29329302,0
29355156,0
29357262,0
29377989,1
29378230,1
29384149,0
29400222,0
29404578,0
29412239,0
29445976,0
29448277,1
29473760,0
29476193,0
29479373,1
29482390,0
29499043,1
29508718,1
29513913,1
29517946,1
29524090,0
29530593,0
29533841,0
29554511,1
29560785,1
29562689,1
29580384,0
29584588,1
29584849,1
29586187,0
29600802,1
29601778,0
29607965,1
29609005,0
29617860,0
29619180,0
29627467,1
29643388,1
29644424,1
29649976,1
29673993,0
29694548,0
29706588,1
29720727,0
29731180,0
29731992,1
29761785,1
29775981,1
29776485,0
29790819,0
29794599,0
29798245,1
29823013,0
29832671,0
29835240,1
29855663,1
29867510,1
29875986,0
29876104,0
29894033,1
29898391,0
29920131,0
29920631,0
29923354,1
29937395,0
29939334,1
29942665,0
29964183,0
29976108,1
29988048,1
30002613,1
30005007,0
30005502,0
30007058,0
30014314,1
30028677,1
30029220,1
30029525,1
30029689,1
30030641,1
30035342,1
30051691,1
30054088,0
30060144,1
30083378,1
30084005,1
30086956,0
30105789,1
30119099,1
30121363,0
30121723,1
30124831,0
30127643,0
30129778,1
30141521,0
30142429,0
30153601,0
30154027,0
30172188,1
30173132,1
30177664,1
30202473,1
30213173,1
30227982,0
30239071,0
30247250,1
30251583,0
30276663,0
30278431,0
30283229,0
30285518,1
30289663,1
30310497,1
30312397,0
30331347,0
30332109,0
30334081,1
30337877,1
30338275,0
30339144,0
30357919,1
30368276,0
30388883,0
30410637,0
30411703,1
30411727,1
30412635,1
30414833,0
30415107,1
30417728,0
30440257,0
30448092,1
30457737,1
30461800,1
30490669,1
30491155,0
30492255,1
30500519,1
30503466,0
30504416,0
30504672,1
30505418,0
30522521,0
30529676,0
30549622,1
30555529,1
30573704,1
30574507,1
30583136,0
30693629,1
30698481,1
30701626,1
30703416,0
30708533,0
30708625,0
30713646,1
30713854,0
30727281,0
30727585,0
30731916,0
30732891,1
30734331,0
30744307,1
30744836,0
30757851,0
30759209,1
30761440,0
30763340,0
30764518,0
30769310,0
30790039,1
30810056,1
30812235,1
30816295,1
30832249,0
30835191,0
30840099,0
30845905,0
30847639,1
30848349,1
30851327,0
30858291,0
30883212,1
30897606,1
30899102,0
30906287,0
30908898,0
30925964,0
30945626,0
30945738,1
30946296,1
30946387,1
30946650,0
30949105,1
30951984,1
30952436,0
30974024,1
30974025,0
30974027,1
30975638,0
30977372,1
31010287,0
31017662,0
31030222,1
31030944,0
31032679,1
31055876,0
31057625,0
31066737,0
31071913,0
31073243,0
31084802,0
31101498,1
31110519,1
31142204,1
31142458,1
31142643,1
31161472,1
31168474,0
31199620,0
31209445,0
31222984,1
31231231,0
31234443,1
31246979,1
31251018,0
31271830,1
31277742,0
31302266,0
31324822,1
31326049,1
31333457,1
31344861,0
31345193,1
31353906,0
31357496,0
31368242,0
31371594,1
31381901,0
31409307,1
31410954,1
31410972,1
31413238,1
31421356,0
31456360,0
31461298,1
31462330,1
31468726,1
31469836,0
31469942,1
31512267,1
31523008,0
31525248,0
31532470,0
31557503,0
31558900,0
31565788,0
31580010,1
31584328,1
31585351,0
31585743,1
31587067,0
31594310,0
31604590,1
31610130,0
31611062,0
31616418,0
31617974,1
31622529,0
31622678,1
31632287,0
31632774,1
31632785,1
31634550,1
31663194,1
31685156,0
31691461,0
31704937,1
31706028,0
31713942,1
31733957,1
31739311,1
31739386,1
31739679,1
31742996,1
31743476,1
31758237,1
31776513,1
31781663,0
31785825,1
31795542,1
31802082,1
31812319,1
31832273,1
31841589,1
31845034,0
31845886,1
31854116,0
31854511,0
31873314,0
31892020,1
31895663,1
31918286,1
31924645,0
31937023,0
31939913,1
31967616,1
31970571,0
31978670,1
31978850,0
31980480,0
31984141,0
32004133,1
32005966,0
32006146,0
32008113,1
32031007,0
32033537,0
32036289,0
32043851,0
32059451,1
32078864,1
32079010,0
32082290,1
32097316,0
32098905,0
32118560,1
32121159,0
32126592,0
32138253,1
32152806,0
32154200,1
32156626,1
32157008,1
32159304,1
32159731,1
32167198,1
32167277,0
32172710,0
32179768,1
32186876,1
32189090,0
32191341,1
32196307,0
32200996,0
32201809,0
32214830,0
32215863,1
32215976,1
32228303,0
32228863,0
32229104,0
32232469,1
32239188,0
32251468,0
32253307,0
32275267,0
32277054,0
32281404,0
32285772,1
32299453,0
32299719,1
32312271,1
32346073,1
32349195,0
32350582,1
32352761,1
32356510,0
32357565,1
32371858,0
32372398,1
32376958,1
32398424,1
32399432,1
32401052,1
32401712,1
32413890,1
32424990,1
32435020,0
32438710,1
32438759,1
32442719,1
32456247,0
32457344,0
32461125,0
32464547,0
32465564,0
32489030,1
32490321,1
32515690,0
32519467,1
32536202,0
32538609,1
32538914,0
32542215,0
32563076,0
32563161,0
32565322,0
32565818,0
32566011,0
32568845,0
32571061,0
32571153,0
32573704,1
32582555,0
32586348,0
32604486,0
32605804,0
32621515,0
32622844,1
32626244,1
32635266,1
32655435,0
32658712,1
32662308,0
32663895,0
32663897,0
32687022,0
32688998,1
32691822,0
32706797,1
32717534,0
32720404,0
32732133,0
32737850,0
32739074,0
32741211,1
32743273,1
32755993,1
32760411,1
32774455,0
32777211,0
32780471,0
32801226,0
32811706,0
32825698,1
32834431,1
32834513,1
32842231,0
32855841,1
32859048,0
32859128,1
32859467,1
32868965,1
32886823,1
32887929,0
32888137,0
32889014,1
32891786,1
32911147,1
32912818,1
32925823,0
32952505,1
32954709,0
32955043,0
32955857,0
32974837,1
32984803,1
33006405,0
33026164,1
33028967,1
33030709,0
33033696,1
33035594,0
33036487,0
33054221,1
33059145,1
33063256,1
33073103,1
33074759,0
33084097,0
33085625,1
33088613,0
33096944,1
33105095,1
33108823,0
33113404,1
33114242,1
33128709,0
33133605,1
33149244,0
33150466,1
33151019,1
33153857,0
33165091,1
33166839,1
33179533,0
33180309,0
33182377,1
33185155,0
33205579,1
33209555,1
33218204,1
33224005,0
33233173,1
33234338,0
33235083,1
33235995,0
33240516,0
33243383,1
33258251,0
33261066,1
33263029,0
33266982,0
33269068,1
33293359,0
33299989,0
33302823,0
33309522,1
33314059,0
33325219,0
33327806,0
33338018,0
33341505,1
33356823,1
33358792,1
33359760,1
33360467,0
33360921,0
33362252,0
33382994,0
33389116,0
33404610,1
33412031,1
33415866,1
33417673,0
33418418,0
33426172,0
33446778,1
33451077,1
33460582,1
33466210,1
33468925,0
33477981,0
33478903,0
33479112,1
33479904,1
33484232,1
33486982,0
33489016,0
33491406,0
33506523,1
33508569,0
33508801,0
33508829,0
33513052,0
33513058,1
33513060,1
33513061,0
33513067,0
33520248,1
33521040,0
33523284,1
33524323,1
33525755,1
33535098,1
33544112,0
33544525,1
33547368,1
33574716,0
33577122,1
33581552,1
33581877,1
33581888,1
33582090,1
33582233,1
33585783,1
33586388,0
33596147,1
33600752,0
33607653,1
33610562,1
33617841,0
33625830,1
33627091,0
33651472,1
33654846,0
33655171,1
33657530,0
33672204,1
33672784,1
33675258,1
33697397,1
33700260,1
33711924,1
33715396,0
33716009,1
33725101,1
33725139,1
33729957,0
33731038,0
33731300,0
33731533,0
33739589,0
33741228,1
33743678,0
33745591,1
33758116,1
33759599,1
33760366,0
33767188,0
33767250,0
33768648,0
33774167,0
33790949,0
33791435,1
33793423,0
33804335,1
33816675,0
33820506,0
33821454,0
33828495,0
33828604,1
33828846,1
33832779,0
33848554,0
33848624,1
33865050,1
33865929,1
33873039,0
33874294,1
33877891,1
33878665,1
33894161,1
33895742,0
33898024,1
33900827,0
33904418,1
33906394,0
33930313,1
33931423,1
33934046,1
33951101,1
33955930,0
33967855,0
33976863,1
33981372,0
33983871,0
33991115,1
34011621,1
34014520,0
34016950,0
34017776,0
34026742,0
34027791,0
34052552,0
34055755,0
34057765,0
34063485,0
34080081,0
34081522,0
34107154,1
34122612,0
34137793,1
34160497,1
34160617,1
34163779,0
34172907,0
34187960,0
34196458,1
34198313,1
34202067,0
34202318,1
34202783,0
34203005,1
34214696,0
34215274,1
34224326,0
34247425,1
34249299,1
34266191,0
34274569,0
34278302,1
34294711,0
34301658,1
34310671,1
34320471,0
34322416,0
34329590,1
34330180,0
34331004,1
34339641,0
34349618,1
34360543,1
34375148,0
34380089,0
34380678,1
34384893,1
34407233,1
34409840,0
34410734,1
34413296,0
34431501,0
34441374,0
34441594,1
34446099,0
34459197,1
34460268,1
34460901,1
34464121,0
34464379,1
34468707,0
34468937,0
34471825,1
34472708,1
34489218,1
34490261,0
34493642,1
34501539,1
34506952,1
34507286,0
34507288,1
34517688,0
34519622,1
34525419,0
34527105,1
34534565,0
34536384,0
34551829,0
34553260,1
34565892,0
34588747,0
34591620,0
34592969,1
34597903,0
34599658,0
34616959,1
34640577,1
34640750,0
34650032,0
34663367,1
34663543,1
34663670,1
34665635,1
34666331,1
34671104,0
34679705,0
34697331,0
34706803,1
34727729,0
34731280,0
34732162,1
34733765,0
34734130,1
34738570,1
34738877,1
34739767,1
34741442,1
34746729,1
34766632,1
34771187,0
34803055,0
34803516,1
34806022,1
34807740,1
34831395,0
34831918,1
34846655,0
34862088,0
34866684,1
34880679,0
34889070,0
34892136,1
34892960,0
34898437,0
34919959,1
34934077,1
34938845,1
34995143,1
35022151,0
35047778,0
35049057,1
35058715,0
35081035,0
35082432,0
35091210,0
35107836,1
35113915,0
35116124,1
35140213,0
35148079,1
35148303,1
35148384,1
35149450,1
35153326,1
35158641,1
35171633,0
35174058,1
35193601,1
35194835,1
35210906,0
35217115,1
35218897,0
35244799,1
35249716,0
35250164,1
35250656,1
35269461,0
35280930,0
35284973,0
35303532,0
35305398,1
35309256,1
35309695,1
35328834,0
35340151,0
35361061,1
35362520,0
35371533,1
35372164,0
35372569,1
35377382,1
35377866,1
35378041,1
35378069,1
35380186,1
35410364,1
35411027,1
35414268,1
35415877,0
35416126,1
35438532,1
35444457,1
35446571,1
35450217,0
35451956,1
35459590,1
35461860,1
35475885,0
35479413,1
35484769,1
35485027,1
35500766,1
35505587,0
35525212,1
35531235,1
35562047,1
35573508,1
35589659,1
35591712,1
35597834,1
35598223,0
35632581,1
35635674,1
35636293,0
35662445,1
35671695,0
35671701,1
35703341,1
35710305,1
35712064,0
35725371,0
35752041,0
35753551,1
35760340,1
35763691,1
35765717,0
35790109,0
35790927,1
35793064,0
35800065,0
35818135,0
35819360,1
35835254,1
35855167,0
35859027,1
35865208,1
35865456,1
35866768,0
35870482,0
35893725,0
35899162,0
35907145,0
35907681,0
35920006,0
35922525,1
35936652,0
35943210,1
35948754,1
35951348,1
35957311,1
35959276,0
35977728,1
35986408,0
36014778,1
36015938,1
36020643,0
36022673,1
36036181,0
36051350,0
36054230,1
36059586,0
36063043,0
36073752,1
36097566,0
36137261,1
36158425,0
36159429,0
36163251,1
36163594,1
36165236,1
36165471,1
36173459,0
36174501,1
36189944,1
36191078,1
36199703,1
36236618,1
36253061,1
36254237,1
36306099,1
36308273,0
36324984,1
36331756,1
36348177,1
36353568,1
36369938,0
36372250,0
36375125,0
36376586,1
36377081,1
36387754,0
36406437,0
36407238,0
36413250,0
36423447,0
36431023,0
36436461,1
36502226,0
36519579,1
36542157,1
36551919,1
36581234,1
36584191,0
36661285,1
36663278,0
36686280,0
36689310,1
36698832,0
36745516,0
36746110,1
36754459,1
36760568,1
36763618,1
36786084,0
36792040,1
36805484,0
36821257,1
36831369,1
36832016,1
36857374,1
36862469,1
36865879,1
36926192,0
36931015,1
36933084,1
36958103,1
36958337,1
36990529,0
37001173,1
37003011,1
37004852,1
37026346,0
37044406,1
37046360,0
37074486,0
37075800,1
37102457,0
37103279,0
37107388,1
37122762,1
37144692,1
37148930,1
37169991,0
37177718,0
37190453,0
37196434,0
37204939,1
37224872,1
37241227,1
37248717,1
37279882,0
37284054,1
37284575,0
37285983,0
37314030,1
37320612,1
37343424,1
37344856,1
37346947,0
37348958,1
37351534,0
37351775,0
37377325,0
37383034,0
37383534,1
37387195,1
37406009,0
37414834,0
37418852,1
37419901,1
37423312,1
37428011,0
37445753,0
37455711,0
37476868,1
37481190,1
37484943,1
37485709,1
37490103,1
37491840,0
37492027,1
37519256,1
37525553,0
37549279,1
37554374,0
37563504,1
37573478,0
37576156,1
37579506,1
37591182,1
37596875,1
37597492,1
37619786,1
37631415,0
37648590,0
37701622,1
37710478,0
37730240,0
37739049,0
37740331,1
37764843,1
37768618,1
37796306,1
37805912,1
37807898,0
37819992,0
37832975,0
37848719,1
37858957,0
37866100,1
37869432,1
37874278,0
37894736,0
37896364,0
37896619,0
37899638,1
37962767,1
37993513,0
38003690,0
38010893,0
38012076,0
38019110,0
38034288,1
38043263,0
38054496,1
38079685,0
38085540,0
38087523,0
38095237,1
38113654,1
38117030,0
38122318,0
38124789,0
38129521,0
38131103,0
38147827,1
38147923,0
38175467,0
38185137,0
38195151,1
38208615,1
38214378,1
38222452,0
38230140,0
38245411,0
38249679,1
38262020,0
38278178,1
38303105,1
38304447,0
38308531,0
38313841,0
38324803,0
38335223,0
38336465,0
38340397,0
38343506,1
38346920,0
38348857,1
38352656,0
38352891,0
38363268,1
38377297,1
38383461,1
38384482,1
38384735,0
38449639,1
38451993,0
38452080,1
38457367,1
38474499,1
38476535,1
38476593,1
38479713,0
38482376,1
38500893,0
38533720,0
38537978,1
38538861,1
38561803,1
38569661,0
38578845,0
38590857,1
38609911,0
38618908,1
38619330,0
38620002,1
38630169,1
38632260,0
38639331,1
38639398,1
38657331,1
38662212,1
38663983,0
38669289,1
38669360,1
38692242,1
38702111,1
38708310,1
38718498,0
38734092,0
38740820,1
38745096,0
38752791,1
38763296,1
38766625,1
38772686,0
38772911,1
38773432,1
38792309,1
38794208,0
38812303,1
38841669,0
38842515,1
38883092,1
38914635,0
38917060,0
38929453,1
38939103,1
38945582,0
38948930,1
38966478,0
38988554,0
38989614,0
38993756,0
39016118,1
39025923,0
39028694,1
39073630,0
39073643,1
39095776,1
39101831,1
39102296,0
39118719,1
39119321,0
39121785,0
39122616,1
39126737,0
39128076,1
39128616,1
39143972,1
39148800,1
39155698,1
39159398,0
39165576,1
39170842,1
39181864,0
39184366,1
39197027,1
39201528,0
39214370,1
39219859,0
39219896,0
39222884,0
39237409,1
39239820,1
39243130,1
39244957,0
39246390,1
39247229,1
39247704,0
39259282,0
39259308,0
39262255,1
39268751,1
39269151,0
39269757,0
39270377,0
39270560,0
39288557,0
39296534,1
39314554,0
39330401,1
39333684,1
39333932,1
39345109,1
39349640,1
39353352,1
39359152,1
39363073,0
39379474,1
39404590,1
39420760,1
39428521,1
39434585,0
39466126,1
39466516,1
39477003,1
39484239,1
39503486,1
39518499,1
39520487,1
39521075,1
39550376,1
39557691,1
39571292,1
39593932,1
39598610,1
39627694,1
39632405,0
39641126,0
39641575,0
39642111,1
39646521,0
39646891,1
39650391,0
39682588,1
39687251,1
39689744,0
39690893,1
39711041,1
39711319,1
39714516,1
39717324,1
39721864,1
39722750,1
39722845,1
39744698,1
39798596,1
39799585,0
39805212,1
39808727,0
39831962,1
39849975,1
39852765,1
39876677,0
39879906,1
39883216,0
39886199,0
39911107,1
39912860,1
39931526,0
39940111,1
39941184,1
39942498,1
39959392,1
39961182,1
39965597,1
39982721,1
39983613,1
39984244,1
39989918,1
39990183,0
39990571,0
39991550,1
39994935,1
40000251,1
40004511,1
40005452,0
40017646,1
40021420,1
40027959,0
40034157,1
40047215,1
40057672,1
40058476,0
40073970,0
40086458,1
40089275,0
40089692,1
40091456,1
40104652,0
40107316,0
40108746,1
40109826,1
40128164,0
40137996,0
40147198,0
40157428,1
40165992,1
40168619,1
40174826,0
40175510,0
40208447,1
40216573,1
40217003,1
40217189,1
40232333,0
40243372,0
40246343,1
40250473,1
40253205,1
40253335,1
40271540,1
40273903,1
40275352,1
40278427,0
40283382,0
40285765,0
40310403,0
40324554,1
40333339,0
40365902,0
40368491,0
40368862,1
40384970,0
40411124,1
40414536,1
40417855,1
40421892,1
40423421,1
40426640,0
40428623,1
40434187,1
40434373,0
40434930,1
40438808,0
40442130,1
40443410,1
40443727,1
40460175,0
40460301,1
40463180,0
40467256,0
40470027,0
40480590,0
40481242,0
40485370,0
40485465,1
40495299,0
40496887,0
40497081,1
40504741,1
40520352,1
40523367,1
40524812,0
40532635,0
40549925,0
40550578,1
40551524,1
40552538,1
40553552,1
40555718,1
40558300,1
40567155,1
40579466,0
40582107,0
40582429,0
40582441,0
40584194,1
40587370,0
40587732,0
40588909,1
40598205,0
40601517,1
40603268,1
40608897,0
40610646,0
40612060,1
40624357,1
40625359,1
40626382,0
40629966,0
40634794,0
40634979,1
40635306,0
40637048,0
40639439,1
40650693,0
40651107,0
40669948,0
40674164,1
40674462,1
40688371,1
40695285,0
40697406,1
40697738,0
40699157,0
40717094,1
40718855,1
40739188,0
40750405,0
40752483,1
40766694,0
40768817,1
40770031,1
40772835,1
40775070,0
40776174,1
40777165,1
40779609,1
40793653,0
40794297,0
40800780,0
40805451,1
40810484,1
40815521,1
40827521,1
40832723,0
40834948,0
40841628,0
40850702,1
40852387,1
40854069,0
40855225,1
40859014,0
40859738,0
40865085,1
40880442,0
40885747,0
40909020,0
40917723,0
40921825,0
40932578,1
40936026,0
40944819,1
40955960,0
41007903,0
41018327,0
41020144,0
41020920,0
41026216,1
41039629,1
41040611,1
41044936,0
41054343,0
41059056,1
41060312,1
41075631,1
41084306,1
41084444,1
41084953,1
41097771,0
41104043,1
41109127,1
41139783,1
41164333,0
41166154,1
41166594,1
41169218,1
41194692,0
41206388,0
41207227,0
41208289,1
41209509,1
41224092,1
41230467,1
41258749,0
41277908,1
41279501,1
41312361,1
41317737,0
41319657,0
41341291,1
41348655,0
41364292,1
41365318,1
41374778,1
41375710,0
41395765,1
41406459,1
41431239,0
41441420,0
41441532,1
41443068,0
41443433,1
41444010,1
41449186,1
41457600,1
41466285,1
41513155,0
41530934,0
41541506,0
41542797,0
41547644,1
41550077,0
41575460,0
41585214,1
41586718,1
41591349,0
41605978,0
41610401,1
41615667,0
41635491,0
41636665,0
41651934,0
41652150,0
41656559,1
41666357,1
41680942,1
41682195,0
41683106,0
41683562,1
41685557,1
41687808,0
41697307,1
41702088,1
41715349,0
41726854,0
41729212,1
41737314,0
41739380,0
41739453,0
41767240,0
41767367,1
41786701,1
41812741,0
41820519,1
41833422,0
41834035,0
41851484,0
41852740,0
41871878,1
41872405,0
41875335,1
41897257,0
41903440,1
41905973,0
41906546,1
41919711,0
41920698,1
41920864,1
41921141,0
41924859,1
41925128,0
41933425,0
41945588,1
41953895,0
41954950,1
41970051,1
41990281,0
42001009,1
42029158,0
42031153,1
42031934,0
42032088,0
42032577,0
42032735,1
42038382,1
42060937,0
42063405,0
42081074,0
42086940,1
42090352,1
42096631,0
42107875,0
42110500,0
42114527,1
42127649,0
42128165,1
42131403,1
42131647,0
42147119,1
42149446,0
42151066,1
42151450,1
42151648,1
42151791,1
42151995,1
42154780,0
42173394,0
42176935,1
42179227,0
42191060,1
42210569,1
42216234,1
42216568,1
42217885,0
42220727,0
42220912,1
42239818,1
42240592,1
42243683,1
42251762,1
42252770,0
42260780,1
42262992,0
42270067,1
42271472,0
42285495,0
42286501,1
42291419,0
42292843,0
42300757,1
42305662,1
42309818,0
42310937,1
42314720,1
42318528,1
42319464,0
42320770,0
42321090,1
42340596,1
42360221,1
42374839,1
42378239,1
42379297,1
42382895,0
42394856,1
42419033,1
42419182,0
42419387,0
42419453,0
42421996,1
42424478,0
42433945,1
42442748,0
42447854,0
42457951,1
42463996,1
42473869,0
42479793,0
42499366,1
42500847,0
42501222,1
42504594,0
42507843,0
42523238,0
42523806,1
42532005,0
42546257,1
42548732,0
42549810,0
42554747,0
42556784,1
42557545,0
42558300,0
42595317,1
42596091,1
42599562,0
42602918,1
42603584,0
42606852,1
42623644,0
42631577,1
42631945,0
42643988,0
42650083,1
42654354,1
42657221,1
42699640,1
42729081,1
42732504,0
42739155,1
42739718,1
42762611,0
42776310,1
42777904,1
42801893,1
42829658,0
42838372,1
42890394,1
42911686,0
42919788,1
42919885,1
42933915,1
42942633,1
42946237,1
42970546,0
42972216,1
43051320,1
43059934,1
43076199,1
43077340,0
43085814,0
43100806,1
43101706,1
43121564,1
43122249,0
43140460,1
43154915,0
43161260,1
43177499,0
43192362,1
43210221,1
43218496,1
43219836,1
43233875,1
43245541,0
43266096,1
43273251,0
43284991,0
43291409,1
43300089,0
43305057,1
43338013,1
43338726,1
43353862,1
43408894,0
43411162,1
43427845,1
43439589,0
43440840,1
43484309,1
43485045,1
43493079,1
43502954,1
43503265,1
43504471,0
43506244,0
43506607,1
43522179,0
43530526,1
43539981,1
43540663,1
43550858,0
43563391,1
43566576,1
43576357,0
43576708,0
43576807,0
43584777,1
43585037,1
43585206,1
43589879,0
43591128,0
43602781,0
43610339,1
43618347,1
43631562,0
43632210,1
43650246,0
43652183,1
43657647,0
43658785,1
43659391,1
43659888,1
43664183,1
43697900,1
43707526,0
43727686,1
43732939,0
43736616,1
43739087,1
43739470,1
43748256,0
43751418,0
43763907,1
43770337,0
43771903,1
43772583,1
43773072,1
43774824,0
43775361,1
43798072,1
43803745,0
43815785,1
43818458,1
43825683,1
43833499,1
43844966,0
43852942,0
43856241,0
43865995,1
43866653,1
43875599,0
43893645,1
43893682,1
43901245,0
43903103,0
43917875,1
43918532,1
43921698,1
43929237,0
43933497,0
43934669,0
43935258,0
43939272,0
43948792,0
43951611,1
43954549,1
43968696,1
43974680,1
43978914,0
43979707,0
43980725,0
44001675,1
44005152,0
44015464,0
44016652,1
44028909,0
44029132,1
44038752,1
44041346,1
44041401,0
44041518,0
44044188,0
44047337,0
44047510,0
44047662,0
44049054,1
44057223,1
44058365,1
44059360,0
44061544,1
44063161,1
44067596,0
44068833,0
44068835,0
44081874,0
44082478,0
44085385,0
44090498,1
44092356,0
44092959,0
44095299,1
44095555,1
44099768,0
44114446,0
44127385,0
44129767,1
44131706,0
44133986,0
44137148,1
44149950,0
44156648,1
44157659,1
44170510,0
44177296,0
44190456,0
44204757,1
44206841,1
44207141,0
44220253,0
44221596,0
44222341,1
44222833,1
44242144,0
44244651,0
44257120,0
44258224,0
44259581,1
44262326,1
44264976,1
44285874,1
44286241,1
44287499,0
44291343,1
44291684,1
44299231,0
44300412,1
44303427,0
44311291,0
44315791,1
44329709,1
44329731,0
44330794,1
44336328,0
44338114,1
44345483,0
44347870,0
44349543,1
44350560,0
44350723,1
44352377,1
44366187,0
44367556,1
44370930,0
44375955,1
44389155,0
44411436,1
44424190,0
44425521,1
44441056,0
44441708,1
44444932,0
44447443,0
44454591,0
44458760,0
44467861,0
44468641,1
44470573,0
44474167,0
44485816,0
44486957,1
44497097,1
44509919,1
44528951,1
44550350,0
44563496,1
44566239,1
44581966,0
44582586,0
44583067,1
44583242,0
44583312,0
44584717,0
44601527,0
44604294,1
44606393,1
44607314,1
44642559,1
44646009,1
44652159,0
44652313,0
44653877,1
44659364,1
44675775,1
44731276,1
44740995,1
44741365,1
44741559,1
44746244,0
44825962,1
44879490,0
44884781,0
44893281,0
44924160,1
44927175,0
44944491,1
44958276,0
44979994,0
44985799,1
44996252,1
44999524,1
45000346,1
45015784,1
45051121,1
45051408,1
45051465,1
45062449,1
45065517,0
45073459,0
45073942,0
45076504,1
45080885,1
45083554,0
45095585,0
45097963,1
45098067,1
45098304,0
45101972,1
45108005,1
45120008,1
45130388,0
45132568,0
45132769,0
45133108,0
45133995,1
45147472,1
45153319,0
45170368,0
45183139,0
45183204,0
45200990,0
45203762,0
45221077,1
45232205,0
45246320,1
45250324,1
45251277,1
45252105,1
45266771,1
45270530,0
45273795,0
45278859,1
45292405,1
45305427,0
45314449,0
45319949,1
45321010,1
45330153,0
45338425,0
45340942,1
45343347,0
45343478,0
45355595,1
45357437,0
45363244,0
45373368,0
45394013,0
45395807,0
45405913,1
45418258,0
45418599,0
45429048,0
45432714,1
45433824,1
45434442,1
45435339,0
45436989,1
45446289,1
45446580,1
45446785,0
45459546,0
45460212,1
45487598,1
45488546,1
45488596,1
45489566,0
45502240,1
45541270,0
45553436,1
45555959,1
45559632,0
45559890,0
45587354,1
45587671,1
45588319,0
45591753,0
45600171,0
45605761,1
45606998,0
45631371,0
45632553,0
45646388,0
45654832,0
45665053,1
45666917,1
45673303,0
45678936,1
45694333,1
45704832,1
45710410,1
45711252,0
45723158,0
45731434,1
45733048,1
45746498,1
45748685,1
45751757,0
45763902,1
45792786,1
45797884,1
45799937,1
45808418,1
45809289,0
45813783,1
45819347,1
45828191,1
45835806,0
45835879,1
45854592,0
45859196,0
45859243,1
45859246,1
45913508,1
45931888,1
45937386,0
45945013,0
45946746,0
45954423,1
45968682,0
45982459,1
45987068,0
46003848,0
46008403,0
46016509,1
46016800,1
46065514,1
46076113,1
46084693,1
46084779,0
46103488,0
46125378,1
46191005,0
46292894,0
46306515,1
46308800,1
46310572,0
46324846,0
46344805,1
46392112,0
46414028,1
46425196,1
46426176,1
46426580,1
46441624,0
46442662,0
46457288,0
46462131,0
46463020,0
46487211,0
46499602,1
46520752,1
46571098,0
46572257,0
46596120,1
46596865,1
46642359,1
46651787,1
46673729,1
46693613,0
46702708,0
46727459,1
46730658,0
46745616,0
46746572,1
46751103,1
46762227,0
46762349,0
46766117,1
46768460,1
46784002,1
46806624,1
46808018,0
46810397,0
46829823,1
46891941,1
46895222,1
46910149,0
46914844,1
46957261,0
46960337,0
46984339,1
47021691,1
47024746,0
47025821,0
47040054,1
47052375,0
47096750,1
47110803,1
47151764,1
47158737,0
47191923,1
47238777,1
47372986,0
47400207,1
47419820,0
47419882,1
47442587,1
47460538,0
47472227,1
47527306,1
47534829,1
47541946,1
47546300,1
47561786,1
47562121,1
47580032,1
47590635,1
47596614,1
47710644,1
47711172,0
47720467,1
47720492,0
47775860,1
47777903,1
47778270,1
47779414,0
47790889,0
47794506,0
47795943,1
47807424,0
47816525,0
47831421,1
47838216,0
47852998,1
47867569,1
47901784,1
47916027,0
47920404,1
47971910,0
48025291,1
48069397,1
48086654,0
48090007,0
48093762,0
48106329,0
48115828,0
48122302,0
48167234,1
48168911,1
48169468,1
48171482,1
48174824,0
48175271,1
48177090,1
48180025,1
48180235,1
48192288,1
48192492,1
48192611,0
48192637,1
48192730,1
48193387,0
48195880,1
48203340,1
48264955,0
48274938,1
48276021,0
48279293,0
48291233,0
48292251,0
48292780,1
48326311,1
48353164,1
48355219,1
48358863,0
48370840,1
48389435,1
48390264,0
48396776,0
48408271,1
48408788,1
48410506,1
48414595,0
48437933,1
48440243,0
48445078,0
48445750,0
48455095,0
48456175,0
48458117,0
48460377,1
48460598,0
48460867,1
48499916,1
48520952,1
48534189,1
48602344,1
48602771,1
48618874,0
48649774,0
48668155,0
48686629,1
48687029,1
48688977,1
48689089,1
48689119,1
48689151,1
48689200,1
48696916,1
48698807,1
48708317,1
48727803,1
48747601,0
48747948,0
48762207,1
48784303,0
48797329,1
48817507,0
48818887,0
48842924,0
48844041,1
48865864,1
48866544,1
48868270,0
48880492,1
48880835,1
48894311,0
48899435,1
48902420,1
48910713,0
48987658,1
49005720,1
49010350,0
49040044,0
49041557,0
49042765,0
49052645,1
49054306,1
49066791,0
49068431,0
49108806,1
49108970,0
49122306,1
49123318,0
49124555,0
49164751,0
49166178,1
49171514,0
49172605,0
49226955,1
49244526,0
49246054,0
49250783,1
49257036,1
49259879,1
49259888,0
49284147,0
49298214,1
49299127,1
49299539,1
49312719,0
49340893,1
49354673,0
49354980,0
49356596,0
49361107,0
49375954,1
49376092,0
49410579,0
49411499,1
49420895,0
49429309,1
49429718,1
49453970,0
49481427,1
49489847,1
49527760,1
49540769,1
49550280,1
49557265,0
49567151,0
49579925,0
49580867,0
49588260,0
49601741,1
49605734,0
49621802,0
49622029,0
49623010,0
49623196,0
49625654,0
49651060,1
49653458,1
49661807,0
49663763,0
49664133,0
49666540,0
49671786,1
49679518,1
49681664,0
49685308,0
49689003,0
49689671,0
49696293,0
49696353,1
49696424,1
49696563,0
49699369,1
49706158,0
49708280,1
49721370,1
49723511,0
49727432,0
49729174,1
49731870,0
49745347,0
49746014,0
49746206,0
49747113,0
49750274,0
49762083,1
49763666,1
49776314,1
49790282,1
49805417,1
49807366,0
49836375,1
49836469,0
49848420,0
49856654,0
49857301,1
49860789,1
49869989,0
49870612,1
49874229,1
49903044,0
49919846,1
49922737,1
49928539,1
49929864,1
49934543,0
49936250,0
49939052,1
49939988,1
49940583,1
49940668,0
49945828,1
49949617,0
49954995,1
49957051,1
49965485,1
49965667,0
49980548,0
49984300,0
49984306,0
49990753,0
49992389,1
50004912,0
50006036,1
50016019,1
50023133,1
50032412,0
50038052,1
50043271,0
50044789,0
50056919,0
50068420,0
50069780,1
50070329,0
50082108,0
50083902,0
50086452,0
50087487,0
50095487,1
50106324,1
50106535,0
50110139,0
50113602,1
50122954,0
50126271,0
50126931,0
50128959,1
50128985,1
50129013,1
50129035,1
50134748,1
50145475,1
50146976,0
50148982,0
50164109,0
50166445,0
50169084,0
50184868,0
50188008,0
50192263,0
50202313,1
50206154,1
50221104,0
50221637,1
50226672,1
50235393,0
50239935,0
50245966,0
50251513,1
50254754,0
50257846,0
50259685,1
50261698,0
50262171,0
50266109,0
50273738,0
50294189,0
50297539,1
50298439,1
50301548,1
50308746,0
50308758,1
50308908,1
50315053,1
50316442,0
50316629,0
50316699,0
50318292,1
50326885,0
50329103,1
50333036,1
50335757,1
50336344,1
50337423,1
50338659,0
50338840,1
50339318,1
50340446,1
50341585,0
50343009,0
50353163,0
50356367,0
50358242,0
50359386,0
50360824,1
50364165,1
50373060,0
50373737,0
50376525,0
50383549,0
50385000,0
50387084,0
50387464,1
50389264,0
50390986,1
50391481,1
50400720,0
50410425,0
50411512,0
50411663,1
50413011,0
50413232,0
50417791,1
50431843,0
50434292,1
50435310,0
50439968,1
50454794,0
50464333,0
50464343,0
50471950,1
50472935,1
50485053,1
50487469,1
50488217,1
50493181,0
50498766,1
50498991,1
50502166,0
50504425,1
50504769,1
50504899,1
50520171,0
50531350,1
50531911,1
50534580,1
50534582,1
50534586,1
50534678,1
50534758,1
50535364,1
50536062,1
50536186,1
50539957,1
50541666,1
50543183,0
50555066,1
50556407,1
50556639,1
50561709,0
50567172,1
50567594,1
50568356,0
50570511,1
50570960,1
50571392,0
50573042,1
50573445,1
50583852,1
50590945,1
50593234,1
50606708,0
50608221,0
50614720,0
50616238,1
50628600,1
50628854,1
50629857,1
50630964,1
50637682,1
50638221,1
50640955,0
50649233,1
50652424,0
50658441,1
50667620,0
50674275,0
50676490,0
50690251,1
50693704,1
50710719,1
50716492,1
50721438,1
50744132,1
50744824,1
50749377,1
50749876,1
50750023,1
50759665,0
50761489,1
50764261,0
50765861,0
50766645,1
50766996,1
50771920,1
50785696,1
50789644,1
50803990,0
50819871,0
50821156,0
50836317,0
50842696,0
50843759,1
50847884,1
50857074,0
50857822,1
50858009,1
50859422,0
50861332,1
50862002,0
50864909,0
50865281,0
50865691,0
50882693,0
50883166,0
50884970,0
50888526,0
50897655,0
50906440,0
50916138,0
50926238,1
50926528,0
50928005,1
50928052,1
50928127,1
50928151,1
50929056,1
50930954,0
50931670,0
50931795,0
50934931,0
50939669,1
50940773,1
50942660,1
50948497,0
50948793,0
50952850,0
50955006,0
50955379,0
50956886,0
50959277,0
50959661,0
50963338,1
50963447,0
50969097,0
50969126,0
50970220,1
50973226,0
50983567,1
50986344,1
50988809,1
50990267,0
50990582,1
50994520,0
50997874,1
51007738,0
51013696,0
51014703,1
51017739,1
51022013,1
51033782,1
51036603,1
51041719,1
51041897,0
51041968,1
51055412,0
51062053,0
51065264,0
51075218,0
51081194,0
51084056,1
51085572,1
51098230,1
51099597,0
51100984,1
51107639,0
51114719,0
51118767,1
51124713,0
51134486,0
51135718,0
51139319,1
51143520,0
51149366,1
51158766,0
51162029,0
51168224,1
51182539,0
51182897,1
51184021,0
51186243,1
51187672,0
51188010,0
51188208,1
51192820,0
51202085,0
51202674,1
51203863,0
51206327,1
51208000,1
51208614,0
51227496,0
51230200,0
51239743,0
51245737,0
51271249,1
51273166,1
51273344,1
51274387,0
51276594,1
51276735,1
51280699,0
51280986,0
51298042,1
51299687,0
51311792,0
51316896,1
51323255,1
51324146,1
51338193,1
51341135,1
51344930,1
51354638,0
51355732,0
51359905,1
51361752,1
51364365,1
51365087,0
51382369,1
51382393,1
51396143,0
51398600,0
51399027,0
51399848,0
51402307,0
51403637,0
51416234,0
51418784,0
51437427,1
51444730,1
51445476,1
51457630,1
51469017,0
51478217,0
51485444,0
51486521,1
51498142,0
51498637,0
51514455,1
51525188,0
51525579,0
51526251,0
51527147,0
51529269,1
51531916,0
51532592,0
51539448,0
51545147,0
51549073,0
51552786,0
51553779,1
51557362,1
51558714,0
51566481,1
51572873,1
51587730,1
51609366,0
51628311,1
51629005,0
51647283,1
51648837,1
51663340,0
51664382,1
51664804,0
51667435,1
51677211,0
51684650,0
51685233,0
51697935,1
51725731,0
51736021,0
51736178,1
51739715,0
51743199,1
51757258,1
51759488,0
51779980,0
51786710,1
51795742,1
51795943,1
51802906,0
51808835,1
51813344,1
51822246,1
51838454,0
51846573,0
51852955,0
51854610,1
51855369,0
51857871,1
51859961,0
51862042,0
51862636,0
51874590,1
51875740,1
51897510,0
51903687,1
51903735,1
51915778,1
51935026,1
51936828,0
51938721,1
51954515,1
51961059,0
51961377,1
51977947,0
51981240,1
51981461,1
51982635,1
51995017,1
51995024,0
51995439,1
51997054,0
51998502,1
52000305,1
52002818,0
52004147,0
52007031,0
52008308,1
52016694,1
52016698,1
52016788,1
52024418,0
52027560,1
52044380,0
52046740,1
52048465,0
52048658,1
52049319,0
52049524,0
52058624,1
52071368,1
52081089,1
52099739,0
52101297,0
52119333,0
52122473,0
52137703,0
52139111,0
52143370,0
52143562,1
52157073,0
52171706,0
52178162,0
52178925,0
52185875,1
52189643,0
52195201,0
52198270,1
52201493,0
52228917,0
52229889,1
52251146,0
52252076,0
52254532,0
52257674,0
52264336,1
52271196,1
52271549,0
52273426,0
52274633,1
52275329,1
52282806,1
52286179,1
52292583,1
52292917,1
52293678,0
52296540,1
52296804,0
52298177,0
52302649,0
52303985,0
52311569,1
52311834,1
52318004,0
52329249,0
52330980,1
52331071,0
52341717,1
52343105,1
52348920,0
52351282,1
52358070,0
52364146,0
52364329,1
52365189,0
52374219,0
52375774,1
52376146,1
52379036,0
52385079,0
52393016,1
52394449,0
52397625,0
52406502,0
52413662,1
52414136,0
52426564,1
52446338,0
52446479,0
52449782,0
52462921,1
52463381,0
52466282,0
52466355,1
52480303,1
52482540,1
52482925,0
52484341,0
52484673,0
52485581,1
52487264,0
52491119,1
52491604,1
52491832,1
52502546,0
52503743,0
52503877,1
52505132,1
52521812,0
52523767,1
52528359,0
52528751,1
52529741,1
52544984,0
52546194,1
52549752,1
52562156,1
52562672,1
52562928,0
52564221,0
52565691,0
52576115,0
52583682,1
52590455,0
52591931,0
52610805,0
52614966,0
52615675,0
52621487,0
52628580,1
52629568,1
52633885,0
52644757,1
52644761,1
52644776,1
52646388,1
52646617,0
52648785,1
52648957,0
52651616,1
52653255,1
52662904,0
52664414,1
52664419,1
52665455,1
52681177,1
52684556,1
52685663,1
52685682,0
52695603,1
52697590,0
52699936,0
52708895,0
52712089,1
52712316,0
52712851,0
52714266,0
52720621,1
52725202,0
52729711,1
52733912,0
52735668,0
52743899,1
52751914,0
52752711,1
52752712,1
52764507,0
52765412,1
52765583,1
52767839,1
52774824,0
52775491,0
52785750,0
52793646,1
52795015,0
52806477,0
52808778,1
52809786,0
52818950,0
52819909,1
52820093,0
52820149,1
52826698,1
52837921,1
52848656,1
52849407,0
52851745,0
52852523,1
52854920,1
52861869,1
52870744,1
52872782,1
52889047,1
52891257,1
52897136,0
52898693,1
52899423,0
52902085,1
52909228,0
52910647,1
52916951,0
52929178,0
52930694,1
52933651,0
52934153,1
52934618,0
52942976,0
52945824,1
52946898,1
52948294,0
52951234,0
52952510,0
52963016,0
52963570,1
52968042,1
52980003,0
52998137,0
52998706,1
52999521,1
53005881,0
53019071,1
53019960,0
53026446,1
53029484,1
53037709,0
53037932,0
53038479,1
53039898,1
53042620,0
53043165,0
53055013,1
53057029,0
53061753,0
53070917,0
53084397,0
53099839,0
53103876,0
53104022,1
53109540,1
53110903,1
53120615,0
53120948,0
53120992,1
53124447,0
53129084,1
53129114,0
53135117,0
53139630,0
53149944,0
53151328,0
53152847,1
53152928,0
53162860,1
53182662,1
53188946,0
53193244,0
53198372,0
53209722,0
53213616,1
53216455,0
53225436,0
53227650,0
53231816,0
53232928,0
53237429,1
53247148,0
53248186,0
53251295,1
53253074,1
53253889,0
53259063,0
53261833,1
53267148,0
53268398,0
53271725,0
53272367,0
53278418,1
53278626,1
53279520,1
53279605,1
53286475,1
53286774,1
53286838,1
53287931,0
53288623,0
53289014,0
53300698,0
53304061,1
53304266,1
53304723,0
53307539,1
53310651,1
53321950,1
53323890,1
53325501,0
53326181,1
53326220,1
53327091,0
53332778,1
53335353,0
53336233,1
53339348,1
53346743,0
53348457,1
53349107,1
53355059,0
53355106,1
53355986,0
53356045,1
53357938,1
53358419,1
53359339,1
53370944,1
53371158,0
53371222,1
53371565,0
53371895,1
53372518,0
53377961,0
53377987,0
53378477,0
53378585,0
53381708,1
53390706,0
53390804,0
53391090,0
53393286,1
53394089,0
53394311,0
53397404,1
53418357,1
53425254,0
53427059,0
53427434,1
53434268,0
53441512,1
53441800,1
53441920,1
53445580,1
53446393,1
53459270,0
53460468,1
53461624,0
53471575,1
53471816,0
53473244,1
53480872,1
53486585,1
53491115,0
53491407,1
53493806,1
53493867,1
53499504,1
53504992,1
53505451,0
53508484,0
53512819,1
53520893,0
53536263,0
53537738,0
53538342,1
53542528,1
53542594,1
53551335,1
53567688,0
53574069,0
53579303,0
53582585,1
53582904,1
53582978,1
53584327,1
53584901,0
53604807,0
53629468,1
53640424,1
53640634,1
53640912,0
53645396,1
53653895,0
53654750,1
53655358,0
53655561,1
53668838,0
53670646,0
53685395,1
53695295,1
53695298,1
53697753,1
53698806,1
53723078,0
53731762,0
53732395,0
53733276,0
53737274,1
53747237,1
53747540,0
53748618,0
53749008,0
53754718,0
53761165,0
53762857,1
53764728,1
53766118,0
53766184,1
53777698,0
53777935,1
53777947,0
53780153,1
53782291,1
53783176,1
53784136,0
53789812,0
53794936,1
53796337,0
53797563,1
53798872,1
53803069,0
53803587,0
53808986,0
53813510,1
53813580,1
53819339,1
53821818,1
53829422,1
53837770,1
53838947,0
53840966,1
53842434,0
53854643,0
53855102,1
53856058,1
53860055,0
53863177,1
53865321,0
53873125,1
53890384,1
53904416,1
53912446,0
53915146,0
53929766,0
53931404,0
53932103,0
53936810,1
53937743,0
53941133,0
53944852,1
53952804,0
53966184,1
53976858,0
54001555,0
54010877,1
54012329,1
54014245,1
54028242,1
54043965,0
54046500,1
54049813,0
54057625,0
54091999,0
54093407,0
54100025,1
54103228,0
54106776,1
54119858,0
54138869,1
54142186,0
54153487,0
54172428,1
54174545,1
54178320,0
54179056,0
54188527,0
54204379,1
54204856,0
54205186,1
54206007,0
54212699,0
54217610,0
54221747,0
54225395,1
54236161,0
54256306,1
54261055,1
54261545,1
54272790,1
54287597,0
54301473,0
54305693,0
54325874,1
54334084,1
54335283,1
54335508,1
54338192,0
54342760,1
54347926,1
54348821,0
54349741,1
54354057,0
54354323,1
54362190,1
54363887,0
54365025,0
54365026,0
54366643,1
54373408,1
54373575,1
498409174587121216,0
500601540803269696,1
502575039519587392,1
507715164199939328,0
508645684792763072,1
508672542890350080,1
510780369310646464,1
512338785093660352,0
515802260570934080,0
519552759003734656,0
522234640898279680,0
530983895697888576,1
536146672847172288,1
538261497157754624,0
538271227136133504,1
538966913187660096,1
539437805671200576,1
543275575512352448,0
543276025299782400,0
543279374674062208,1
544177144688780992,1
544776335472279232,0
546037433009269760,1
547559793555880576,0
547667705529967680,0
547723724789340672,0
547729105485366208,0
547764969742319680,0
547871175533775808,1
549035504221609408,0
549169964409678784,0
549186828123757440,0
549638460062089536,0
551124234333175552,1
551400816045273088,1
551878561845500928,1
551884784264059904,1
552039889167745280,1
552090515530132608,0
552552789203364672,1
552582745930207424,1
552734105479153408,1
552746923146902080,0
552767775141921600,1
552771117250356160,1
552928150931029248,1
553215710782018304,0
553351459001990080,1
553407289100072896,1
553452832995650496,1
553460428124610560,1
553472856761085824,1
554001615373525440,0
554037981115046912,0
554058394241727296,0
554141365034184320,1
554149398369281920,1
554162867322828736,0
554872757965396864,1
554935652693659712,0
555086410167890240,1
555389456341659840,0
555657870467712192,0
555685967610289408,1
555738527411194816,1
555778411903099072,0
556105757210015296,0
556207359862739712,1
556989300899918016,1
557061253390352576,0
557125487863790784,0
557148665458224768,1
557238356032350720,0
557286237911029376,1
557877923878243456,1
557997870801230272,0
558344957700666368,0
558364047866500224,1
558500905814814464,1
559130325492908928,1
559232990393756096,0
559283734563855360,0
559440915544076864,0
559946473399993536,1
559946640677995136,1
559967363538760896,1
560160926363211392,1
560601262920288704,1
560702791131471040,0
561218278643722048,1
561314758346250176,1
561953125189506944,1
562199210567858368,1
562679284144784192,1
562725764955649664,0
562725951848510464,0
562764402910067072,0
562776586246512000,1
562795688724761728,0
562820362514904320,0
562896052960028032,1
562902406998102464,1
563078078582228416,1
563460153759371456,1
563569578172476992,0
563715583938484608,0
564358876579407552,0
564885140585684864,1
565066645458768832,0
565822399907692864,1
565881002376904064,1
565893109396913216,0
565908410786683520,1
565957508201559424,0
566425254240417664,0
566477575331035968,1
566623578099251648,1
566642918242252096,1
566667497308563840,0
566706084041147712,1
566712096797523648,1
567141489382195968,1
567202234546662848,1
567241290351401856,1
567284674506729024,0
567343548988951104,1
567791102847188608,1
567872237058306752,1
568072849084424704,1
568189168116998208,0
568529110115702016,1
568727392757041600,0
568779981706817600,0
568850824429966592,1
569235758298849408,0
569302921937811904,0
569394003497926848,1
569439966666473792,1
569582033506091648,0
569634623182450176,1
569734972937798784,1
570001396172946816,0
570031649109748800,0
570169233789837888,0
571444333170701312,0
571559505030816832,0
571572908193345984,0
571604257270453568,1
571655888932846464,0
571767669173947968,1
571784310326658368,0
572272280169071040,0
572347913695425536,0
572639171719989248,0
572948290254820416,1
573037396474396160,0
573074494690525696,0
573157186934146816,0
573584093966691712,0
573614558749998016,1
573639572636272960,1
573940540477566656,0
574380053588576960,0
574401198476727104,0
574406289849104768,1
574440194565701248,1
574478548641481280,0
574480584126685120,1
574515481716064960,0
574537678324658880,1
574542101535432960,1
574579659127505984,1
574608056967140800,1
574705677559585792,0
575029366424672384,0
575155571888265536,0
575233025095980864,0
575234040573742016,0
575424302433291264,0
575826983630082240,1
576041961178311680,0
576061440304908416,1
576497533096720128,1
576544394565756928,0
576552026578281728,1
576638290874835200,1
576653276326345984,0
576732565693454464,0
576743985634779392,0
576761580748200448,1
577229253270224768,0
577377870857852928,1
577449348213273088,1
577492554401142784,0
577921320433408384,0
577945747987630976,1
577975277273499520,1
577975700799875072,0
578034618253011456,0
578086513694721280,0
578139197457034624,0
578146362287402240,1
578177117182356992,1
578226257917133440,1
578241972603636608,0
578703209352809728,1
578730265788749696,0
578795548354804352,0
578869787219891968,0
579352758842554752,0
579387839965686784,1
579462561324807936,1
579500680179134720,0
579514496280619136,0
579621999651322752,1
579636949960261376,0
580086343739404032,0
580131535000338048,1
580181585871321216,1
580281978979514496,1
580495210997350656,1
580763028189399040,0
580909839945196160,0
581001696970604416,0
581060656219493888,1
581491086951479552,1
581759775469463552,1
581803050501654912,1
582247958886037248,0
582294629209457152,0
582337392160748544,0
582398721821417088,0
582427188926894720,0
582441482864657024,1
582464761323132160,1
582554017768562560,0
582636228012211584,0
583006608378770432,0
583022099380772224,1
583053901629378560,0
583186165078641152,1
583707013924831360,0
583721648651714432,0
583749176572555008,1
583871631651655808,0
583878924931050624,1
583886220095373952,0
583923906457009280,0
584001438532206976,0
584101541297891200,1
584473300528558720,1
584606707719999104,1
584625012748179968,0
584633493410807040,1
584641379035304064,1
584687426969970176,0
584694021185456896,1
584723807398073600,0
585136679315438592,0
585256275750812032,1
585307863122023424,1
585371071269993216,0
585376602087553280,0
585392968492531584,1
585410985029143808,0
585436479085946752,1
585547189607323008,0
586091100053347968,1
586293789886459008,1
586652165585838592,0
586796710782843648,0
586837898092693632,1
586953396936365184,0
587039190593361792,1
587289561672308224,1
587358949434153984,1
587367368356657152,1
587380859395127296,1
587394177427265280,1
587403690838610688,1
587476665621462144,1
587482510579131904,1
587570210412292096,0
587633983594796416,1
588035196811311488,1
588056656243984128,0
588074667170881280,0
588104361049933696,0
588180229625563008,0
588274777593268480,1
588275792531457536,0
588285264358266624,1
588293313860662400,1
588428556260695424,1
588839272744087040,0
588980083862482816,1
589076288457574784,0
589144845938539392,0
589560037343847040,0
589565707118469760,0
589742442028271744,0
589746256539169152,0
589924502472561152,1
590230924987336192,0
590232850867417216,1
590247552221507200,1
590254788627321216,1
590329477483915904,1
590408775429572224,0
591817363590517248,0
591960875393820416,1
592059605368113536,0
592428101475072384,1
592438254552447872,1
592451488384551808,0
592570457606487808,0
592622995555210880,0
592803795412276864,1
593195175795154944,1
593247974421753600,0
593418146739531264,0
593480985144387328,0
593489613009597440,1
593816224297750016,1
593838952575024256,1
593891702276006272,0
593891915124266752,0
593955217612393216,1
593992093962826496,0
594108854920319104,0
594159522709771264,0
594285415900056320,1
594657746579064192,1
594730128134827136,0
594797614496457472,1
594827307238911616,1
595007253497195136,0
595243204692188032,1
595341890986611072,0
595460333904112512,0
595489980274563712,0
595502337162404864,0
595507749891290752,1
595516014067115648,0
595525566285223296,1
595538849662689408,0
595629535141526656,0
596067496222590464,1
596257325184163200,1
596407490396801280,0
596721633562391296,1
596943084220805504,1
597011384142105344,0
597514989872325632,0
597628349453826688,0
597649488180716672,0
597664324882027392,0
597670205883790080,0
597752439712066816,1
597761613246930944,0
597796160028097792,1
598212866801584384,0
598214679501477248,1
598236714694285184,0
598302631227844608,1
598321931974501632,0
598324011539712768,1
598326131313575680,1
598376146236695424,0
598484069676864640,0
598935430188717824,1
598964762712414208,1
598984420804354304,1
599208352491175552,0
599621789461366912,0
599635724232583296,0
599687749153468800,0
599714609020730880,1
599802147327060096,0
599865965077078400,1
599883284070991104,0
600376885114511488,0
600469506463382656,1
600471619200705152,1
601146431684060928,0
601148864417953280,1
601195852419408896,1
601690386821443968,0
601895472829232640,0
601997452938628608,0
602089421846421248,0
602123064347127296,0
602123151327706880,1
602158825090376576,1
602489771443051520,0
602636458398025088,1
602637116289719808,0
602712619093307392,1
602712775606941568,1
603281347876766208,0
603386879194261888,0
603405676168180992,0
603450245874451840,1
603519460372169856,1
603973320002634880,1
604107688817338496,1
604130211123221760,1
604181134813939584,1
604188712860603136,1
604193433141845632,1
604210047590210304,1
604272037662557440,1
604813171578471808,0
604915670831100416,0
605006606814509184,0
605087145098023040,0
605480090665411200,1
605497744998506368,1
605515418428219264,0
605530499622415872,1
605585858810048384,0
605603529018745344,1
605603677967255680,1
605609765102639360,1
605618704141401728,1
605625218094482304,1
605644950896092544,1
605663790885401472,1
605696210005282560,0
605792633269761920,0
605847808324594304,0
606556865543841664,0
606564995462221696,1
606580042146669056,1
606935943539509376,1
607031095351651712,1
607091956294612224,1
607107911255255680,0
607137610033735168,0
607157550786444032,1
607253975511785216,1
607548121132029568,1
607596521264044928,0
607674258805074432,1
607713026767049088,1
607788225172726656,1
607909934512692480,1
607936969244151296,1
608270198513553664,1
608380405567412864,1
608474164304798720,1
608499986071124608,0
608503959272430208,0
608570482227937152,1
608572210665481216,0
608584182513924352,1
609043485390073984,0
609076437890050048,1
609082482436250752,1
609132907258362240,0
609148576802424064,0
609212604999342976,0
609214502375861120,0
609481634138812160,0
609837656087296640,1
609866723021120512,1
609869900012749824,1
609998876816641792,1
610025602132720256,0
610059416424180608,0
610079216697132288,0
610133161232352384,0
610446726662917888,0
610461512621271424,0
610466374083112832,0
610588174217490944,1
610862279643539968,0
611561036018257408,0
611581519278373120,1
611652619313429632,0
612162778688833664,1
612228020447522304,1
612355194542729728,1
612696727361133440,1
612780919439425280,1
613068044038662016,0
613372092365779968,0
613425573602674688,1
613457297114796544,1
613463072770173952,0
613496894092214528,1
613604835997409536,1
613695470760978176,1
613807752133011712,1
613847613248508544,1
614112830109549056,0
614166359256907136,0
614221093438080384,0
614747334319516416,1
614827407120534144,0
615496635051765120,0
615524403214187008,0
615550541727791232,0
615704883495926272,1
615775515327535232,0
615798402372245888,0
615804108421301760,1
615841346506328064,1
616320998442192640,1
616510958858465536,0
616530818843477376,1
616650887264766336,1
616914217081915392,1
617067126974975488,1
617225040396834560,0
617411171575855744,1
617762996348912000,0
617766348504898688,1
617847701161371136,1
617891651875382656,1
618101176622544000,1
618484857456074240,1
618622696628726144,1
618623457201536384,0
618663193026336384,0
618711112630171008,0
618774269226700032,0
619125701259506304,0
619456628948922368,1
619458674095810432,0
619999077567415168,0
620080250407078272,1
620084654812569600,1
620106278613524352,1
620110113333721472,1
620116634568700160,1
620127116497872384,1
620226823054039168,0
620238943052229504,1
620254595400631680,1
620733514728037888,0
620812203366059264,0
620884605732492544,0
620946954143851904,0
621344925965659392,0
621474635454932352,0
621484378336491648,0
621487851196057216,1
621684423692558848,1
622408370407836928,1
622423588415456768,0
622492629240048000,0
622500703137062016,0
622517641403957632,0
622852842274225152,0
622911679999269632,1
622957634283897600,1
622963894067659264,1
622983579989031936,0
623105092888137728,0
623492044811751680,0
623555274913979264,0
623734248804629504,0
623750656992698624,0
623764839349178752,0
623804646433291520,0
623868297404097536,0
623933954972540032,0
624415505093260032,1
624438091215077888,0
624438957449297536,0
624448016894319360,0
624705029793006848,0
625207172602226560,0
625389194867101440,0
625740176209481856,1
625808471914260864,1
625812128575859584,0
625858108017001344,1
625910060665695744,0
625962086129609984,0
626107329407676672,1
626338089426786176,1
626431906119970560,0
626476722944696576,0
626505688140973696,1
626510118516427648,1
626565536413420800,0
626629481544923520,1
626654440773485440,0
626706418162660992,0
627451684409787264,1
627913133966267008,0
628059072775425792,1
628087817536584192,0
628091113221761280,1
628092714253363328,1
628329619334455552,0
628397220074624000,1
628621175575685504,1
628660058763241088,0
628770894683084544,1
628787536684337024,1
628876556406938496,0
629307184802523008,0
629321966138585600,0
629403036492983552,0
629411464507066368,1
629422883899096704,0
629477418356003584,0
629560917815357440,1
629566902663911296,1
629600755852633728,1
630235968560140416,0
630304360110006400,1
630358494352572544,1
630480782633871616,1
630483184100196224,0
630528417664642048,0
630758535463877248,1
630804382104314368,1
630835311558272000,0
630855289038263552,0
630959138836654464,0
630998316994690688,0
631053946538380544,1
631147993644528384,1
631773889563594112,0
631923255542945920,0
632344954310270720,0
632359884227705344,0
632405777477186816,1
632530255258851968,0
632951586221317376,1
633001831678279296,1
633010015119245696,1
633054424320239360,1
633145968414893952,0
633195038715810944,0
633231305042063616,1
633253114045575808,0
633266456356206208,1
633345705529408256,1
633345945326273920,0
633357893478835968,0
633820743255762176,0
633847630111828096,0
633882972623325184,0
633903300963263616,0
634445963154189440,0
634454797818226816,1
634527276096470272,1
634614903446264192,1
634634828084881152,0
634776839684124032,0
635128407198409216,1
635186184575361408,1
635447991335059072,0
635830208080324480,1
635919590727802496,0
635943522208746496,1
635974229955270528,1
636671954458956416,0
636768354287372544,1
636847601129347456,0
636847667718456576,1
636888631817705600,1
637390810496533888,1
637563050235179392,1
637598640192457088,1
637695125275707392,0
638106086159583360,1
638120101467656832,1
638185390012284672,1
638205768813506048,0
638252873298856064,1
638261582429065344,0
638261750677149824,0
638835249375611648,1
638841339625115392,1
638882663441706496,0
639034670585840768,0
639155224106673536,0
639194397454728064,1
639456752128222336,1
639457765036114432,0
639597153799781888,1
639676814715022720,1
639719327036313984,1
639723325261655680,1
639736947897816704,1
639747600186791808,0
640106575136815744,1
640415418094339456,0
640464455033093888,0
640545776395640832,1
640578328823564928,1
640808787344067840,1
640993116090261632,1
641046041474371584,0
641079755434562176,0
641097962191112832,0
641223578370080512,0
641317288101978880,1
641707097660069504,1
641729224985744768,1
641777765562052864,0
642405666881078528,1
642511543476999296,1
642512017902854784,0
642541060517708928,0
642543554675028096,0
642578262874703616,0
642731755387705984,1
642838019905863424,0
643075736340459008,0
643135474565250688,1
643139204660284928,1
643139357301740416,1
643180849225277696,0
643314191465078016,1
643329992058177024,1
643331670913329664,1
643333824360579200,1
643429909710290688,1
643832002378009088,0
643918869382853760,1
643993827083451392,0
643993886303209984,1
643994276423164288,0
644000486305193600,0
644015604508505216,1
644100951800904320,1
644636712377262336,1
644686880446835072,0
644961254374000256,0
645194729944733184,0
645220743185547264,0
645288569455440768,0
645288630271766016,0
645529811502002432,1
645569106461519360,0
645578165941768064,0
645585926031777792,0
646050549972129408,0
646053267610071040,1
646066110971714816,0
646237831272357120,0
646272382163496576,0
646356179923343360,0
646479579216496896,0
646681144653502592,1
646722387500238336,0
646836489386439424,0
647247561466550400,0
647501161689895808,1
647590853543651712,1
647635892153681536,1
647725724998829312,0
647746709132798080,0
647761947851825408,1
647841668853193088,0
647867826569802112,1
648166054197860736,0
648191422048831744,0
648234042512763008,1
648305071187224960,0
648386313074619520,0
648395903858483584,1
648446337467968384,0
648520793804777344,1
648541787550369408,0
648575886683831680,0
648788984911770880,1
649076581268045312,0
649086930214975360,1
649099546851850496,1
649115972823430400,0
649119537577603072,1
649143767731795840,1
649709493145252352,0
649804014504990848,0
649814357629944064,0
649983140287506048,1
650029397620783488,0
650306508113145600,1
650365675823963520,1
650426784559780224,1
650439256960786432,1
650526684682381440,0
651068924552458752,0
651250232958124928,0
651324870344589312,0
651348486047544832,1
651474551397927040,1
651849113105955456,0
651923355843320192,0
652022706589673984,0
652036870216771200,0
652222202650316544,1
652699342914935040,1
652706097577310080,0
652915176364449408,0
653268944102159488,0
653279723856074752,1
653293283513002752,1
653295083527733504,1
653328972383847296,1
653345596365794176,0
653373503817519872,1
653406216034589952,1
653435233966364032,1
653476999435326464,0
653490219725764864,1
653569600231979648,0
653610070705754752,0
653641523147533312,0
653976158669261184,0
654012143892870016,0
654019256572067200,0
654055117251916928,0
654121005149292672,1
654146203509963008,1
654166511130879360,1
654170364080071424,0
654231541317181312,1
654247785693164672,0
654320238979315968,0
654354953566889344,1
654435838351959808,1
654656634962131968,0
654701971786415104,0
654723663402057600,1
654753362362729856,1
654785893048212096,1
654806344582683136,0
654848604790312192,0
654963317320927104,0
654977553330149888,0
654992914475657472,0
654994090493957888,0
654996326637849216,0
655513030558528512,0
655533435117852928,1
655546232875197952,0
655548916232050560,1
655554667910436864,1
655560509078573056,1
655587252084489344,1
655619914928593920,0
655866054410358784,1
655922978197727232,0
656086890874697216,0
656190696263598464,1
656196468067329920,1
656220549314419456,0
656238206087514112,1
656303774251597568,1
656304937089291520,0
656585924927335808,1
657062393546995200,0
657075652359454336,1
657088782326657536,1
657114527114299264,0
657131469631927168,0
657168236271266816,0
657234698664429824,0
657571057650029824,1
657574031761250560,1
657578438596355200,1
657739430639900672,0
657804854446348032,0
657817775873488640,0
657847724191725440,0
657965299527396736,1
658468471880135424,0
658570477812652160,0
658601768281824256,1
658615074971250432,1
658709445345422592,0
659014163943776512,1
659030883163280640,0
659062104410403072,1
659075107348022144,1
659157901461602432,1
659211595752584832,1
659219522892888576,1
659287741620313088,1
659960899813497856,1
659981612325774592,0
659990846591409280,1
660044494429381760,1
660083725775559040,1
660111753983574400,1
660536480627455232,1
660565910504364800,0
660575103946270336,0
660576715915235456,1
660628839087367680,0
660649749703841920,0
660748799612759936,1
660902262817855232,0
660929470182059264,1
660934132927826304,0
660948966188510848,0
660986970380379904,1
661279071899736064,0
661282417853923840,0
661285053878612096,0
661306340229526144,1
661320074943455616,0
661392253668339584,1
661466256960093184,1
661473588413098112,1
661518133256270336,0
662029747809735296,1
662077392552779904,0
662131054495245952,0
662166194909875968,0
662174201259963008,1
662245172965008000,1
662455124136721152,1
662675528373544192,0
662679790466594816,1
662767121896838912,1
662886994231952512,1
662935798395249792,0
662936103127700352,0
663005981108749824,1
663548310302704768,1
663604707854290048,0
663622845266085376,0
663715312515071616,1
664054710045146752,0
664205554265759104,1
664349509827226112,0
664356412873836288,1
664483742906490880,0
664817260970129536,1
664888789035335936,1
664899369877471488,1
665000651651498240,0
665010547257009280,1
665083367585244160,0
665149975530084480,1
665157047527734400,1
665640088796790912,0
665710048791410560,0
665756323156606848,1
665756888299751552,1
665757358768212352,0
665757423694186496,1
665758500396592512,1
665797864755953792,0
665836311693606016,1
665887073625144064,0
665975740414690304,0
666120741854790656,1
666396868499374080,0
666447189854438144,1
666462575544502528,1
667013190218543104,0
667222331854121088,1
667303913003951232,0
667360954653258112,0
668043341780613888,0
668121818226330880,0
668246478630688128,0
668552680938938368,0
668634222751306240,1
668663047783226624,1
668721255460610816,0
668728700230195072,0
669205170379193472,1
669321419470267008,1
669364887601844736,1
669444855867303552,1
669501562791301632,1
669501638888916736,0
669631128356272128,0
669721953377081984,1
669947968510490112,0
670003099658048896,0
670012152288848512,1
670021688392806400,0
670065998001633792,1
670081899530103808,0
670127091654254464,1
670181611568220032,0
670268655025950976,0
670319247273713152,1
670626816576636672,0
670733546903873536,1
670827209917902080,0
670836961352081152,1
670928005329088768,0
671129012804917888,0
671400760415388288,1
671573741195382912,0
671583097605254144,0
671592097805361792,1
671602030815921792,1
672891167807001600,0
672971708050073984,1
672992581469885184,1
673150980335415424,1
673179231084214784,1
673569251773436288,1
673653733547469312,1
673716827735411456,0
673776448621703552,0
674344055237195264,1
674344126160470016,1
674344200259980544,1
674458583745815168,1
674540211222102656,1
675042679006446336,0
675087573948747904,0
675205362605886720,0
675244421376420992,1
675330373998315008,1
675419101344862720,0
675745862035655296,0
675780839433990912,1
675794536484541312,1
675924251570461696,1
675964572155232256,0
675997361966948352,1
676435543115176448,1
676505011490609536,0
676518260378418944,1
676558171704206080,0
676559238454269440,1
676587405634135296,1
676587436325949056,0
676650061567257856,1
676887853040373888,0
677313879528244352,0
677353470129092736,0
677392043927916032,1
677420104654241152,1
677521747042804352,0
677666437014218112,1
677673439851443200,1
677681643774532608,0
677975485043488640,1
678056286720654848,0
678143466078278784,0
678174316580723072,1
678177145655135104,1
678202217563174656,1
678662566819722112,1
678802974570390784,1
678803109318186496,1
678860835904780160,1
678902687344806400,1
678981981511893248,0
678982103201187584,0
679306547258364672,1
679333915251684608,0
679373507561602304,1
679434178924354176,1
679486687507057664,1
679592150214264448,0
679602630019584256,1
680136846422003072,0
680229019790371200,1
680286836240624512,0
680383445682372224,1
680510382058830208,0
680818143729167360,1
680849692091793024,1
680902473402393216,0
681041366184896640,0
681098916567589504,1
681181081736238592,0
681213393795669632,0
681344626801403776,1
681571684255961216,1
681691659791317504,1
681738673128984064,0
681742867583979392,1
681782393484794240,0
681814708687379712,0
682298332923727360,1
682455263687032192,1
682648638764524928,1
682765819846968320,1
682986653635649664,0
683183244413755264,0
683189983810692864,1
683253927177669248,1
683785960719079680,1
683895616661480576,1
683899340507942784,1
683972428609594496,0
684081043543974400,0
684531490803226240,1
684537739191507968,0
684558665593342208,1
684570602147809280,1
684588359330278016,1
684604127982614272,1
684604203258204800,1
684623811172329472,0
684704838605429376,1
684705214549942912,1
684707336530287872,1
684739931663229952,0
685139920416928640,0
685162146733406976,0
685187655318217856,1
685242279414854400,1
685522166574340992,1
685967139667797888,0
686024349777942272,1
686044282789673856,1
686047429089436928,0
686079956170549120,0
686643501849141120,1
686733925306699648,0
686741151070126208,0
686923619907949184,1
686945818855724160,0
687354821541685888,1
687412860338305024,0
687421985153633792,0
687441166617153792,0
687447081628023680,0
687478014673314304,0
687489812723563520,1
688044920746418176,1
688124075361083520,1
688251295040284800,1
688860280964949376,0
688886837828641792,0
688924601269814912,0
688984277320195456,1
689051465821861248,1
689484975224139392,0
689535190672068224,0
689568354879295616,1
689731394930328192,1
689760049396981120,1
689822572724975488,0
690094631431468800,0
690275903973526016,1
690415931508557952,1
690500694711447680,0
690504913564419200,0
690659022221894784,0
690942023151801984,0
690951163872941184,0
691100812031578880,1
691404494537675392,0
691421240032084480,0
691605559574067584,0
691806216611812096,1
691915180988448000,1
692036411152509952,1
692663135953493120,0
692680579387040640,0
692777110698318592,0
693269692470409600,1
693270515599634304,1
693298653881875328,1
693301103983578624,0
693337838956211840,0
693860218822783104,0
693921342934220288,1
693943201778758528,1
694032913854393216,0
694084062651010304,1
694167088105878016,0
694546005796717568,1
694650598535490432,0
694770752422400384,0
694795975256073216,0
694856501984339328,1
695445687776420864,0
695461837000009088,1
695544429818117504,0
695616749392357632,0
695628072766181504,0
696041205836599936,1
696183659509622656,0
696204228258342528,0
696308681348315904,1
696727373844080896,1
696749147397713152,1
696761129285382144,1
696905177244778112,0
697497234204489088,1
697645482827290880,0
697715973494259200,0
697717790200579456,0
697738429774206464,1
697826526713504128,1
698392565077833472,1
698609959082916736,1
698657426690220032,1
698941407958035072,0
699082624862466944,0
699144472552378112,1
699261691723449088,1
699356848064071808,1
699608948708081920,0
699683976435529856,1
699713408100840320,0
699869172715094400,1
699959951622124288,0
700026474616344832,0
700320889010039424,0
700325003842027008,1
700396343029541760,0
700486967960307072,0
700491454680787968,1
700501392690381824,0
700570044571769472,1
700673056671769088,0
701000961738236032,1
701170470414050048,1
701346106070491392,0
701776831399837696,1
701901598970565632,0
701947188433009920,0
702036087534364288,0
702096100413003392,0
702134055076174464,1
702748971386187136,0
702761123001418624,0
703411833873018112,0
703566006523612160,0
703633496965449728,1
704174061790761472,0
704175957248160256,1
704189401783428224,1
704190638098633600,0
704193920987411456,0
704216140250532864,0
704249148266221440,0
704367537803671552,1
704704039435414784,1
704777893409638400,0
704806096221308288,1
704806863314587392,1
704808968158443264,0
704829730082828544,1
704913701375239040,0
704974318165417472,1
705080854554268800,1
705444563929795840,0
705456496654096384,1
705526089072409600,0
705531163420166912,1
705631866214726528,0
705665001279488512,0
705700528450054784,1
705860573760331520,1
706400613462900608,1
706484224831311488,1
706519218272784256,0
707282707977876736,1
707286467348775424,1
707288379013076480,1
707290416322762112,0
707292162976939008,0
707292234304584576,0
707333298536262784,1
707595762072747520,0
707695116320353920,0
708326307661441664,1
708386277534551808,1
708561986580228608,1
708569380000543744,0
708610219013087616,0
708618840367999104,0
709146868109847296,1
709265385048611840,0
710026566651994368,1
710062171006632576,0
710083256511985792,0
710196666844949120,0
710197087673791232,1
710205508381081472,1
710249673612656640,0
710454086405046784,0
710586698980631424,0
710636064537687168,1
710654028249721856,0
710696534114088704,1
710697586873104128,0
710712342482150272,0
710721162412148096,1
710739404197193984,0
710742583213353728,1
710758833429743360,1
711405128175804672,0
711492892224520960,1
711493165297040128,1
711536011308484480,0
711971194689344384,0
711992495375138176,1
712043409270152320,1
712168342211912832,1
712299771733809280,1
712352743028062464,0
712711030119388160,0
712854906046267904,1
713476896795097728,1
713555655769220224,1
714120288896517760,0
714256690793683584,1
714325321061055744,1
714385524561066240,0
714441446839597696,1
714923505370155904,0
714954259265734912,0
715024968426660608,0
715700188906434944,1
715737559699288704,0
715806030607250816,1
715822960762416768,1
715833190449016192,1
715871223674503168,1
716302061864435712,0
716346206877355648,0
716435849430123904,0
716473610055527296,1
716626675007121024,1
717112051938609152,0
717131033755134848,0
717140264299658112,0
717148110577173632,1
717298342721296000,1
717413475786874496,0
717965410748074624,0
718602813645589888,1
718751234365041536,1
719329271878853504,1
719391647936946560,0
719446337240192512,0
719609769091147904,0
719641762681166080,1
719953837279249280,0
719965870940245504,1
720011337178556416,0
720013305776049280,1
720068165086093952,1
720132202115244416,1
720155516063873024,1
720219445694002432,1
720324859992056832,1
720626759862530048,0
720635335377552896,1
720711921108144640,1
720757634959384192,1
720800989203692032,1
720801148927719808,0
720846279614716672,1
720933846785554432,0
720953458269611008,1
720961303748681600,1
720967185992163840,1
721374094752614272,1
721407611532735104,0
721576442295116160,0
721584258422995712,1
722064655590157952,0
722132829296471552,0
722185233421684992,0
722410247509861888,0
722410575004330240,0
722934376113208960,1
722937523362745344,0
722938280458951680,0
722955180565583872,1
723073235186948480,1
723083587977545472,1
723134750996315776,0
723527614278521472,1
723664274410155776,0
723734801568936320,1
723745865871212288,0
723752252062160768,1
723952606150216704,1
724041120228089728,1
724298373760592896,1
724316113424712704,0
724327788152825088,0
724341249804992128,1
724344162318410368,1
724363513605702016,1
724423161492602624,0
724467455843553024,0
724548640412420352,1
724549032526367872,0
724552769119680000,1
724554880953677184,1
724561787998428672,1
724562080532470272,1
724562356625440512,1
724680897864381056,1
724697859192545536,1
725075316056346880,0
725080805501476992,1
725196107265007360,1
725252081629640320,1
725327596541051008,1
725768890850560256,1
725804595716180736,1
725817996213229952,0
725997121876349184,0
726456993596499456,1
726484701555842048,1
726501068158769664,1
726566738053863424,1
726805184180943104,1
727392950968612096,1
727437190115664000,0
727500610463892096,1
727551455746768896,1
727887474793921664,0
728149802640510848,0
728207823171478016,1
728256281321347840,1
728274371079437952,1
728630489896883712,1
728657443201937152,0
728834917079468672,1
728884039468832896,1
728929261013684736,0
728987716142395648,1
728992926937356928,1
728999864119784320,1
729026969511050368,0
729072942754680320,1
729345863016599296,1
729354995341379200,1
729362800348287616,0
729606055389038592,0
729660946190434176,1
729768714301901824,0
730123659259338240,0
730271694589295104,1
730280684189389440,1
730306160400596992,0
730327567733908224,0
730343986587245440,0
730408569256008960,1
730469846406406272,1
730866616544005504,1
730890346853077632,1
730920831506549376,0
730999760381722752,1
731022709663868160,0
731031555912825856,1
731046597212520448,1
731056978214566016,0
731144540443127808,1
731630002623894016,0
731713893611613056,0
731767901364648192,1
731816262645023872,1
731842310346245120,0
731921867095734784,0
732247102748448128,0
732253287242463232,1
732263939834071680,0
732297731606297600,0
732300173107442944,1
732319817912398976,0
732336135800709888,0
732397068925863296,0
732439816742629248,0
732480875714414976,1
732546091720110080,1
732972715146173568,1
733000979408109696,1
733051490191090304,0
733153686130875904,0
733188447685331456,0
733194468119191808,0
733226957248312704,0
733239847450689920,0
733663606839657856,0
733712903217137792,0
733744171989257088,1
733845463635959552,1
733900470397708544,1
734085480759919872,0
734423918152133120,1
734518908403559168,0
734594896719228928,1
734604680982308480,0
734704263007498880,1
734808463373630848,0
734809041644028288,1
735138888912661504,1
735198342265456896,1
735239267413127552,1
735292946030528384,0
735302574906378496,1
735312028741863424,0
735312667446236032,1
735397646531170944,1
735405361452706560,0
735521126834568832,1
735544514695959936,1
735709020569370368,0
735887257879331200,0
735902515367505152,1
736090011018233856,1
736129424461334656,0
736490053237540480,0
736554288796487808,1
736644642537357184,0
736770979097280000,1
736813049405226880,0
736995172769367168,1
737372945825734656,0
737461324977306752,1
737583926454796928,0
737761192289280896,1
738265363795861248,0
738277928368931840,1
738371030640142080,0
738583932922241536,0
738738402006126592,0
738856124057523456,1
739164994422037248,1
739182583937255040,0
739565008523426688,1
739591275816912512,0
739692351330734720,1
739698550874570880,0
739715596587597824,1
739715648112326784,0
739734600632331008,0
739887682118333056,0
739892905017488512,1
740240344470570880,0
740254835315751168,1
740299302886680448,1
740306472774906240,0
740445092522159872,1
740959939769548288,1
741122722576135296,0
741172818630872960,0
741188900186614912,0
741222563848345088,1
741291948614592512,0
741576396509142272,0
741682568412027264,1
741793886369345280,1
741908320096763776,0
741911060832104960,0
741913717935626368,1
742011876734352128,1
742371271414541440,0
742437780903285632,1
742537392595355904,0
743302753760472576,0
744055237466283904,0
744586856670603264,0
744598248002893824,0
744688741635653888,1
744952593513961728,1
745001232536691072,0
745355850183345536,1
745378654140900352,1
745406375655628160,1
745441446205711360,0
745478739873620224,0
745524175352690176,0
745541341114675712,0
745602192251927040,0
745615369617259776,0
745690257737298048,1
745979620606510592,0
746025175305547264,0
746046629464565376,1
746071877739444480,0
746134808839095808,1
746156492355128320,0
746173777933752576,0
746208173252639360,0
746219946696897408,0
746404007761882752,0
746730408954540544,1
746749683654164736,0
746794862731562624,1
746797944116801152,0
746802204959521024,1
746843828368204416,0
746857512338911616,0
746859110113625856,0
746875059335244032,1
746883362703134976,1
746888325408593408,0
746899228784299648,0
746918693906916096,1
746976715231028736,1
747017497003504896,0
747071706884015104,0
747099300707906432,1
747190832857556992,0
747498383504300416,0
747534439119534464,1
747560132274405376,1
747668375574358144,0
747739438596722560,1
747762822769698560,0
747811970862864000,1
748252888626579968,0
748290456942201216,1
748358586261187712,0
748459899558204288,1
748469393599101952,0
749084277303205504,1
749173729122480768,1
749191069187829504,0
749306530751844224,1
749677082030192000,0
749875769738705024,1
750048277824159744,0
750722105259174272,0
750740169204452608,1
750785797417467520,1
751300025245304448,0
751301191603797248,1
751305967383221248,1
751309842682118272,1
751314742691417088,0
751315596339613696,0
751316049300230144,1
751345078356096128,1
751407761164099456,0
751789951030002688,1
751852041245023232,0
751863093420713856,0
751870322435933824,1
751879322449335680,1
751913573947253376,0
752040359295743744,0
752094545131165184,1
752094848501910784,1
752219925435645312,0
752313099653677312,0
752630582475800576,0
752682353918775040,0
752786674606198784,1
752863674977269632,0
752885336054872704,0
752907150601355008,1
752974265243209216,0
753255691409108608,0
753447942079036032,0
753460242144723712,1
753462014570206976,1
753547535117740800,0
753555222895972736,1
754007273725692800,0
754236491609010816,0
754277587908085376,0
754326545631041152,1
754330004713301760,1
754750382482373760,0
754923798387581312,1
754932633744389376,0
754933652013023360,0
754943550063523072,1
754971579585431936,1
754981338648360192,0
755028993781474304,0
755040731969361536,0
755153744775132032,0
755196658010700416,1
755476691204862336,0
755579026022132480,1
755612392402512896,0
755652007891018496,0
755653464287585024,0
755715251584448000,0
755721336586979584,0
755725447448637824,1
755781758389839488,0
755926296600867840,0
756413799813210624,1
756432290133132160,1
756493125815714816,1
756936557194964864,0
756945751483158656,1
756955945026441984,0
757093297985997952,0
757144222346266880,1
757347878851845632,0
757764237908558336,1
757792960055728128,0
757853987984805120,0
757864341683141376,1
757928324794158848,0
758090349054312960,0
758350572438388864,0
758473310715356928,0
758502104131677056,0
758546246042151552,0
758571198938374144,1
758623342473740800,0
758766568209508608,0
758768928934308608,0
758779075988133504,0
759171930398056192,1
759289368114160256,1
759296858142763648,0
759423336798552960,1
759879993369183744,1
759902089927767936,0
760026034799482752,0
760085161710683776,0
760197892908217856,0
760202411497549568,1
760226300392207744,1
760255144336627712,0
760613654426131456,0
760677842674385024,1
760758402496673152,0
760808638328702592,1
760809338053504512,1
760883302708695424,1
761405510772034688,0
761452585097005824,1
761464903518027904,0
761478455144108544,0
761574956097007872,1
761693989677303040,0
762043101712674304,1
762305628411752320,0
762318530473475584,0
762453619817773696,0
762746679964776960,0
762790623412768000,1
762826493097363200,1
762891948451236608,1
762943892104284416,0
762984552236902016,1
763011612208445824,0
763013450177128320,1
763075153987627264,0
763152940705412864,0
763153130278864768,0
763465324380310912,1
763471164372721408,1
763485671552941184,1
763523309785074816,1
763658566048115072,1
763662972156078464,1
764132838081751552,0
764267746314021120,1
764563446318699136,1
764981232968185984,0
764985979944402176,1
764994857788491520,0
765105382047965312,0
765150727310424960,0
765154069054828800,1
765277076733906304,0
765652378459474688,0
765698291407761920,1
765704302936251392,1
765844423569816704,1
765861178897730560,0
765882536933770112,0
765888861413865216,0
765914724707466624,1
765925502966018176,0
765935656668040960,0
766393237375192064,1
766689632024455936,0
766828355101938944,0
767088014175385472,1
767221599024655360,1
767255012492818944,1
767328921804838528,0
767337756602662528,1
767393910741556608,1
767400982082729344,1
767749333717332736,1
767842026117917568,0
767938476479863552,0
767956024532396928,1
768003666207992704,0
768531069934692864,0
768713549521402368,1
768758373483213312,0
768773814252000896,1
769284031695535104,1
769367144675247488,1
769519375440994176,0
770017850387479040,0
770063287049720576,1
770261294288041472,0
770270366035350400,1
770314859550922752,0
770662377826396032,0
770694929480338432,1
770767039942768768,0
770780016325493376,0
770807667078870400,1
770837659192522752,1
770858695425731584,1
770930757635609984,0
770978296938382208,0
771052950008828800,0
771082978963857408,1
771606036571371008,0
771624978869136384,0
771625962556600576,0
771628005882293760,0
771630541212964096,1
771808909271722624,0
772157366158239744,0
772163160082981376,1
772216480551696896,1
772243315914422400,1
772414429875265280,1
772427910787477760,0
772467249345433856,1
772474842072707840,1
772901179284511104,1
772928637002766208,1
772949595518262912,1
772967259074898432,1
772968658797017216,0
773048090359876608,0
773117244192793600,0
773128000622268928,0
773146657359942912,0
773281146329126912,0
773314271284488576,0
773318251982158976,1
773644888370601600,0
773660599697906304,1
773673364011390080,1
773717119486106368,1
773928300460465280,0
774293120129863168,1
774416663563790080,1
774549846657927424,1
774582345064196224,0
774596224588829184,1
774597230892797568,0
774599973735352064,1
774651894977670400,0
775209283381784704,0
775247203861050624,1
775490553174543488,0
775759623970225024,1
775839853194434176,0
775861102396001024,0
775869171946463360,1
775896946235487872,0
775911702074119168,1
775922490259665792,1
775986013612549888,1
776070162317951104,0
776510867840969088,1
776657715911049984,1
776658538223632128,0
776666132218400896,1
776695284501392640,0
776939502605404672,1
777285337927612544,1
777306532360638208,1
777408174710130688,1
777412136587234432,1
777507770470241280,1
777610140309685376,0
778003036782435200,1
778050188728691968,1
778122182083777536,1
778180998016703360,0
778183745472978688,1
778523436095801600,1
778725518970012160,1
778919486633614720,1
778922653349234688,0
779662213550937600,1
779665139497949440,1
779688501955130624,0
779771057079988736,1
780141610825782400,1
780231969391812224,1
780310089439107072,1
780314616341446784,0
780351485182257152,1
780372539786769536,1
780393381699625344,1
780848988755921152,1
780871290718931840,1
780877179889064192,1
780942605515562496,1
780993341919029120,0
780998834719740288,0
781046699074956032,0
781061476428251264,1
781079891483812992,1
781157604884650240,1
781597271840916352,0
781618176450151680,0
781625341504304512,1
781748518989595008,1
781759076887365376,1
781815173082735232,1
781831607615293440,1
781932106556569856,1
781942881229822464,0
782291945691094016,1
782347465838453888,1
782377283091774848,0
782392149261514880,1
782413395034522240,1
782425574022347904,0
782459636157278336,1
782474272268044288,0
782579169509121024,1
783052716823560832,1
783062457484153600,0
783063106902795392,0
783067381976196864,1
783069261633293312,0
783104085410122496,0
783255840319778944,0
783260382199257216,0
783442835338113536,0
783714622939616000,0
783972183630793472,0
784060370950938752,1
784078854298277760,0
784123131063032320,1
784126175506871808,0
784131161114943360,0
784477583392525696,0
784594546182370688,1
784725286748559360,0
784726608358412032,1
784751295380705152,1
784759983819609984,1
784859290760499072,1
785160222921354496,1
785190137113346560,1
785266822702374656,1
785282272022753280,0
785341555198903808,1
785344067671170944,0
785429313768855168,1
785521933715258496,1
785537611025136256,0
785563577195003776,1
785956963994913024,1
786110068527959936,1
786150680445051520,0
786190535697859072,0
786216507432719232,0
786530312780652288,1
786576126429327488,0
786617883541601408,1
786642261980268544,1
786697010310632448,0
786770735322330496,1
786856285135438592,1
786974249916183680,0
787467212474270080,1
787476954614438912,0
787577295485476096,0
787639463740854656,0
787681696671023360,1
788246879857710720,1
788287641858689664,0
788307033534828288,1
788310946374260864,1
788326467393486848,0
788349723717779200,1
788366810931063424,1
788856441206255616,0
788886401910845440,1
789501742701279360,1
789772435571375744,1
790411657206078080,0
790548869923139968,1
790581106118312064,0
791001900412991360,1
791053690614160384,1
791093592493926016,1
791157411938661120,0
791166861951995648,1
791177036226203392,1
791272493516749056,1
791286515917969536,0
791371445623878400,0
791405826188060672,0
791664032725659264,0
791903154360338432,1
791946649224185984,1
792023364728951552,1
792043643746401792,0
792062231366893568,1
792080782905919744,0
792112221857486592,0
792137393409528576,0
792137496747871104,0
792545789017980288,1
792596214226116480,1
792628498211342592,1
792637826275639936,1
792682390703434880,1
792697146039040896,1
792703574562583808,1
792713559285761408,0
793184822053084672,1
793210114038692864,0
793337143127656192,1
793370374206665728,0
793456359523784704,0
793895819697083136,1
794774218659987328,0
795104784149405824,1
795439140237488896,0
795442932970138624,1
795475557416535168,0
795525127613193856,1
795582260648381568,1
795613122211087744,0
796115601399844736,0
796158039829977728,1
796163023808267008,1
796252379234492672,1
796263686256785536,1
796267630914487808,0
796303478584496256,0
796313905119135360,1
796399357642141312,1
796840172833833856,0
796874026126781824,1
796890631340441472,1
796918644151445888,0
797047907495296768,0
797513676513092608,0
797528050607239680,0
797565430368684032,0
797730788518548864,0
797737923611701888,1
797750142751811072,1
798260642976152448,1
798640391018979584,0
799148729650322176,1
799192274610485632,0
799310855904966144,1
799727050875175680,1
799986116107970816,0
800002569227174656,1
800070364248081536,0
800080719199840256,1
800427460904527488,0
800461958534325888,0
800518986046085632,1
800525884545918720,1
800569576974385792,0
800705026925991040,0
800720258645859840,1
800780340918150016,1
801053193140630528,0
801089849451739392,1
801156210466967168,0
801204294383874560,0
801334394154881920,0
801351983189381504,0
801374741997390720,0
801379063699315328,0
801415120752417408,0
801461448306072704,1
801894874729708672,0
801921683624887808,0
801950937236182528,1
802151536287945728,0
802169540392726400,0
802253416491214336,1
802262980144024192,1
802757345487923072,1
802826683393967360,0
802830554012741760,0
802851723402530560,1
802863011546159104,1
803337766252521600,0
803369997281161728,0
803623422159337216,1
803634862665059712,1
803636173880739584,1
804054376879602560,0
804257679588963840,0
804805993153432832,0
804808297850713344,1
804833361210790016,1
804884521009828736,1
805028748977997056,1
805039677770917248,0
805144378557915008,0
805653255121556736,0
805684965248090752,1
805749471688989440,0
805791199214870016,1
806210561632346368,0
806218194840256512,0
806281362527337088,1
806304478497516800,1
806316026281921792,0
806417787061001600,1
806438916828744960,0
806600264392014592,1
806609514963089152,1
806672235645044608,1
806969086702590720,0
806989146966916608,1
807114931390977536,1
807122485046865280,1
807422078872525824,0
807814120141184896,1
807890641024082944,1
807918474323670912,1
807919810543134080,1
808427113095825664,1
808459157083322496,0
808577935029900416,1
808615746023201536,1
808652516431375744,1
808748963501784448,1
808782999957317632,0
809083157798877312,0
809176423625515008,0
809322843101837568,0
809360099375912192,0
809406220282744704,0
809480451304866432,0
809493469316676736,1
809845506568155264,1
809858794091936640,0
810082630445607040,1
810146240275911808,1
810307031052455936,0
810594604974682240,1
810610313253803904,0
810625455258780672,0
810672752482415232,1
810693165271964672,0
810755485631134720,1
810785045132122752,0
810815618625494272,1
810887647997756544,0
811354793364663936,1
811464960544585216,0
811501066404511104,0
811675795632968704,1
811677842485248128,0
811993550040837248,0
812054210451833856,1
812068456655051776,1
812075146260555648,0
812115552598995584,0
812242899301891968,1
812248199481775872,1
812260269426924544,0
812363834354795392,1
812438982982710272,0
812747080905229312,0
812766669814941312,0
812899768339549696,0
812902907443465984,1
812967010688387712,1
812978117226318336,1
812981105832825472,0
812987661565704192,0
813044119649581824,0
813454248086919936,1
813573244543949952,0
813628508386603008,0
813655539799189376,0
813671805781813760,0
814245765573867264,0
814266262539676416,0
814938202350207104,1
814948523345987328,0
814957749846649216,1
814986975671621632,1
815637948507646336,0
815710134003716992,1
815779280700775296,1
815863118611076096,1
816010324877006848,0
816040608646501376,0
816377262162525952,0
816383835180972032,0
816417849344818816,1
816445584516811264,0
816542455416437760,0
817159566847768192,1
817210824479900800,1
817210934885302144,1
817244731052260096,0
817250855700961408,1
817260983972044288,0
817263202278478848,1
817296288533354496,1
817310805288718464,1
817826639316286464,1
817887404802371456,0
817892418003608320,1
817907760199837696,0
817999490380707456,0
818061889710807552,0
818068956187348096,0
818114674247577216,1
818213134924973056,0
818583589830191232,1
818590390634999040,0
818617022358747904,1
818621100145466496,1
818714228935690496,0
818729813200824960,1
818782721784871168,0
818795639505497600,1
819041764544138496,1
819470509404813696,0
819471550281851136,0
819573882868334208,0
819583040520430208,1
820024926493653120,0
820217506119215360,0
820227699779857408,0
820345028752587136,0
820745100213616896,1
820791770454617344,0
820916901592456576,1
821044808706966784,1
821458513720538752,1
821503964695692800,1
821626404833647104,0
821706117553422592,1
821761196724356224,1
822147557381704832,1
822165783410624640,1
822222903741489920,0
822239790169045248,0
822258836565766400,0
822315245799473536,1
822380654244050304,1
822446191714880128,0
822527960669192192,0
822938538882100736,0
822962365420914816,1
822979759726755328,1
823097623102567680,1
823192521620662528,1
823411494420115072,1
823632177818528128,1
823644991462871424,0
823651946313474432,1
823743848355168000,1
823764568484936064,1
823771610665354624,1
823785710810154112,1
823874840658997248,0
823900628644607488,0
823928968966889088,0
824013221989880960,0
824542242517837824,0
824593642777233280,0
824597533074563456,0
824617240772357376,0
825029502959347968,0
825171107778969216,1
825264289388885632,0
825291752052116096,0
825298096500304640,1
825326150395415936,1
825394345202225280,0
825477009175567360,1
825814612897469056,1
825862355495692672,1
825873248809129216,1
825946517266296704,1
825975028965369856,0
825999899319073408,0
826004031673035776,0
826011328306531840,0
826032487935795072,0
826540999160454016,1
826593957706830464,0
826594577120515200,1
826688354126404096,0
827290217810383744,1
827309810803076096,0
827314605989693184,1
827350470965799040,1
827490338005425920,0
827528205097784064,1
827610650723991936,0
827996926286851072,0
828075700104843008,1
828129527984616448,1
828221399045858944,0
828369869895336832,0
828638807505937664,1
828686780275959680,0
828789659263189760,1
828885952216652928,1
828972472837297152,0
828997579449401728,0
829573232985374080,0
829614421410155392,0
829657879269865088,0
829745975531904640,0
830153185221358208,0
830153674355394432,0
830338553030681088,1
830863701644181504,1
830875904627091712,0
830959030872841728,0
831105759335116544,1
831120786922467200,0
831147107601216640,0
831161812365368448,1
831165040158920576,1
831248657434769408,1
831627507504292480,1
831724047233388672,0
831771600183515136,0
831804557467675776,1
831836959674416000,0
832335273810165120,0
832353219617793536,0
832387651988995840,0
832405729715774848,1
832480350510960768,0
832493712881418880,0
832497489633356160,0
832498564033973248,0
832500642882892416,0
832526367863151104,0
832616743673828864,1
832629131292650752,1
833062669765743872,0
833194521586950784,1
833216752483935872,0
833223241503575296,1
833233022404171136,1
833278794580993920,1
833750194648264320,1
833806725427184128,1
833813036475128576,1
833836784104265216,0
833844876015607296,0
834393184348994176,0
834440149500188928,0
834591742244544512,1
834651984405011712,1
834716249687127936,0
834743402233304960,1
834825744436867968,1
835288738849714432,0
835390095855987200,1
835429004128959104,0
835459026553125248,1
835509117613466368,1
835859715878681856,0
835969525084531968,0
836005923784150016,0
836067604307062912,1
836102447366303744,1
836114517559593344,1
836171866872967296,0
836203970996564992,1
836224096182890496,1
836244856254295808,0
836256931057170560,1
836490493228259584,0
836713995496386560,0
836717328871306112,0
836849593991681152,1
836902292381512960,0
836986322395550592,0
837040033706296832,0
837435137882677248,1
837445262813028608,0
837448220397914880,1
837490178565122688,1
837595827744190592,0
837623912072743168,1
837763940705297920,1
838306423194196608,1
838306921905528704,1
838322130807227008,1
838329314063409536,0
838338711167046400,1
838410523809636736,1
838457519770606080,1
838488497165168000,1
838796188662002944,1
838807540530569728,1
838817916019361792,1
838847757571248640,1
838864832147591936,1
838881293628051968,1
838928966984705280,0
838976154549125888,0
838987221816318976,0
839023258001381632,1
839525370087580928,1
839576789887243392,1
839591569614887424,0
839613738409502464,1
839634925114442496,0
839654436113394688,0
839723842470233216,1
839756583639912064,0
839765034765042048,0
840430613207067776,1
840447810105637760,1
840452255078030464,1
840468048756555648,0
840470812691242112,0
840643666122378368,0
841005289783998208,1
841009446769596160,0
841161714050788992,0
841217241017770112,1
841235031896870400,1
841291091408776832,0
841315811410936064,0
841783752000147840,0
841813961202659328,1
841878332900787840,1
841891754904585344,0
841929682717580288,1
841968700098778368,0
842026120102684928,1
842028281499609856,1
842078748348003456,1
842093287974591616,1
842160520852548736,0
842414358345178624,1
842514230006934272,1
842530441405668224,1
842643043537458944,0
842715617090707072,1
842791053204933888,1
843222641930391424,0
843290410740084608,0
843342933903881600,1
843355394676836736,1
843363437088958464,1
843378166998025856,0
843394109325403264,1
843457911817150592,1
843484247424779392,0
843499275088832384,0
843540787322482048,1
843669256922982016,1
843871794709262848,1
843904321807535616,0
843941138935275008,1
843956326695445120,1
843994569109899008,0
844035131162045440,0
844070602673333376,1
844079531092928128,1
844101725098190976,1
844143268450507136,0
844157681057003136,0
844206700168880000,0
844677444984085248,0
844786037167259520,1
844837280979319808,0
844933262334275072,1
844942592905428096,0
844976585137683456,1
844976651451048576,1
845368021859175296,0
845479412054658176,0
845532500936436992,1
845557422952550400,1
845581045958122752,0
845620291595390848,0
845641330670066944,1
845704346064982400,0
845889815245202560,1
846108946448388608,0
846164752797949312,0
846252961049777664,1
846257287900893056,1
846280816435363328,1
846317996358253440,1
846332320728407936,0
846339006069169280,1
846391462079596160,1
846439108490270592,0
846441513382078208,0
846794802632810368,1
846831622956663040,1
846848934008092416,1
846865258056487936,1
846870759603376384,0
846886728437767552,0
846901486357178752,1
846963003254806528,0
846975359519096832,0
847005546231066752,0
847098385096281216,1
847114910980303360,0
847132754364313216,0
847180045835344128,1
847215737965859200,0
847224657612611456,1
847573816608722944,1
847608105442289152,1
847634612522201600,1
847673748742900352,1
847725703599857024,0
847742948001213952,1
847771287533704192,0
847829586316588288,0
847840287070810624,0
847845836786976640,1
848297485313422080,1
848305524453717632,1
848329961147173888,0
848399180115766528,0
848424028649831424,1
848445785201020800,0
848560748675541888,1
848600219685928064,1
848607977031640576,0
849001028057037312,1
849074481364567424,1
849125435315858304,1
849173498438484480,0
849240633073726336,1
849269609455838720,1
849336296381339008,0
849827391392997248,0
849873393193116416,0
849956124448068736,0
850000340332276352,1
850066101729778176,1
850471899518462848,0
850472132065011072,0
850657596963021056,0
850658891664797568,0
850690674561672064,1
850824275184951936,1
851211871451079168,0
851214259347086080,1
851227182249148288,1
851252887990067584,1
851303958321191936,1
851305313148873344,0
851313386197165056,0
851330835707192064,0
851330874762087808,1
851380383362716544,0
851497253445410304,1
851499644515502976,1
851846441815599360,1
851889691540886272,1
851914919732460800,0
851934423035519616,1
852015285936259072,1
852042207387303808,0
852310811257659008,0
852612626106252032,0
852631629740686592,0
852674857517261824,1
852697638526754432,0
852759316618451712,1
853144944081415424,0
853249002584798976,0
853353750639614336,0
853363301377048832,1
853365715627056000,1
853411228019567104,0
853420231164076160,0
853518662761027584,0
853521655337019520,1
853532521563289472,1
853537581852891648,0
853541760158386560,1
853588526116450560,1
853589714843099648,1
853635863290449280,0
853661364626001280,0
853742456181102080,0
853754325602949376,0
853773821688486016,1
854039112630150016,0
854053521265037824,1
854100195219270144,1
854135306626352000,0
854161604714786688,0
854168150399504512,1
854254845227377024,1
854267485817009280,0
854287425441162240,1
854842147798999680,0
854916490697593600,1
854966715359381760,1
855509041540752000,1
855552635213878656,1
855588274258684160,1
855846223344916480,1
855846888862621056,0
855879686357377152,1
856186859607626752,1
856198249787826432,1
856241573818199936,0
856296489444081280,1
856298674619229312,0
856335645282425984,1
856452939773929472,1
856453087765751808,0
856461476484771200,0
856528263336764672,0
856563930502262912,1
857026844447394816,1
857075416097310848,0
857088465259175424,1
857159690872966528,1
857180503612515584,1
857219560612102272,1
857245934798435584,1
857282203987481600,0
857292672972628608,0
857685040131671808,1
857707839119785600,0
857712587717131392,1
857760265850204544,1
857796871847430656,1
857936909421907584,1
858413535036391168,1
858419466145865856,0
858430572994058752,0
858437302311816320,1
858495762327680128,1
858499956887184512,1
858516949204279808,0
858582779823389056,0
858586439851372672,0
858720922565347200,0
858728116976668160,1
858813712940603264,0
859272338492847104,1
859385327298360704,0
859473364746650368,0
859495588199225344,0
859968176724089344,0
859976578173880960,1
860006389110046208,0
860016183772761856,0
860038880023230592,1
860041613637201408,0
860081078903623040,0
860099067877352320,0
860119526863569792,0
860166392170981376,1
860312074839180160,0
860570198006962560,1
860662101519804672,0
860724560961689472,0
860739138828210048,1
860857603539811328,0
861017429574387072,1
861240145484104192,1
861253324083572608,0
861320606518371328,0
861352763364076416,0
861360316599820544,0
861395869284238208,1
861490862420887424,1
861491913607525120,0
861524349741569536,1
861528661375512576,1
861542205304886784,1
861553936178835328,1
861562862794796416,1
861571472162055808,1
861646192933679744,1
861665835873976832,0
861978766392186880,1
861978959403361664,1
861995363479872640,1
862105039834957824,0
862111744192097024,0
862203737583422848,1
862214193395006208,1
862216726579437312,0
862246193838579200,0
862781706224111616,1
862808826455330176,0
862813065525682560,0
862827195485495808,0
862832420760773632,1
862851176140101504,0
862885617070060544,0
862902087123022464,1
862914842591112832,0
862937524596967552,1
862938771837761536,0
862967027510991104,0
863084058019396992,0
863447319541076480,1
863452732010500480,0
863470435973918848,0
863646251135080064,1
863659951262862848,1
863686355983475840,0
863742220041478528,0
864094956674917248,0
864247630566234624,1
864351129049918464,0
864386585061842176,1
864394079280118784,0
865047344216341376,0
865063444202408832,1
865065015106209408,0
865073758233726464,1
865083530562684928,0
865168718783229952,1
865658057997130496,0
866038883804142848,1
866546069567028608,1
866625778925538304,1
866721625382219392,0
867003215189164800,1
867009188111833088,1
867061157040553216,0
867151257809255168,1
867152244252245632,1
867233107268123776,1
867234896620891008,1
867358530809227904,1
867364570403964544,0
867367452546328192,1
867440119248472576,1
867451648209127808,0
867809341202522880,1
867855830098739584,0
867938452175457664,0
867954177726841984,0
867980385683850112,0
868037055750891264,1
868238891111787776,0
868302290575886336,0
868550422501959552,1
868593427050002304,0
868681600300152960,1
868724267493492736,1
868727666487170560,0
868766419355050368,0
869321454664083328,0
869331263804778496,1
869419823488549632,1
869424391075500928,0
869457926378229376,1
869502674091377152,0
869557147628132352,0
869628147312944000,0
870055427412858368,1
870056398667804800,1
870076918636769024,1
870156479999897088,1
870182239949759872,0
870217434105042176,1
870308857618350976,0
870312543850540032,1
870359700050803072,1
870374487400384512,0
870717138788959488,1
870815468803909632,1
870843448882462720,0
870847338977593216,1
870878291997772288,0
870915125891956736,0
870976543449753984,0
870985346745287680,0
871003681444107904,0
871016636519227136,1
871109309847769472,1
871116880482195712,1
871369151391140352,1
871438360402172160,0
871503652548436480,0
871506811576025728,0
871548581457304704,1
871571043246565248,1
871579877234477696,0
871584961454606720,1
871599147734550144,1
871599426989508736,1
871626303540857472,1
871652592614643584,0
871680727449360512,1
871696508997650176,0
871696740064523776,1
871717149377150464,0
871721682636388992,1
871771212224293760,1
872174009544473088,1
872178267093178368,1
872199292467041408,1
872223342820287488,1
872230528956218496,1
872257142634125440,1
872294345382032384,1
872344912864041472,1
872438829143960320,0
872441663735682176,0
872474361668867328,0
872489318106770048,0
872556931609824256,1
872926201901204992,0
872954098056663936,1
872982190392670848,1
873042802291783552,1
873067048648781312,1
873068197692338432,1
873075134569273216,1
873124509888035200,1
873136926020208384,1
873141166793526528,1
873233161665147136,0
873270613063883008,0
873278764109178752,1
873582358874884864,1
873602684046252416,0
873647537491712128,0
873655589465123584,0
873665758148426880,1
873780414463509504,0
873866959637042688,1
873977370978586368,1
874033668579984512,1
874285157343761280,0
874307705641481728,1
874345589120620288,0
874456550911943808,1
874479318271376384,1
874497378579112960,0
874497422640006400,0
874514804509309824,0
874534211980900608,0
874543668020207872,0
874588276721565056,1
874619662565556992,1
874619670377469312,0
875173903973453696,1
875174111284940416,1
875234015945584512,1
875320732720172928,1
875843019798590720,1
875860930964489216,1
875904580138458496,0
875914265249611904,1
875930147511507328,0
876010489252555648,1
876421715537405312,1
876557146094029056,0
876560020303692672,0
876624103247377408,1
876649218571136128,0
876657288698024064,1
876767710900465152,1
876791739545482240,1
876844542649072384,1
876887429348055296,0
876907461008195840,1
876979509449718912,0
877247915769001088,0
877255661809802368,0
877260998662546432,0
877402494100596608,1
877460550168435456,0
877654866998567424,1
878092354627568512,0
878097100236856064,0
878143345843477888,1
878152301655641728,0
878162326120612736,0
878162958047375488,0
878195513154458240,0
878206157296794880,0
878212289937693696,1
878227303345080064,1
878230202267608448,1
878304379620208128,1
878350913395441664,0
878504191854504960,1
878615610792005760,0
878620561293782528,1
878650548562645248,1
878665905104613632,1
878680236537432320,0
878709266322731648,1
878789982668589824,0
878796582672649216,1
878813622461368064,1
878843061347278336,1
878860896224753024,0
879020915953927936,0
879094211132925312,0
879272792114661120,1
879381606340835840,0
879382828578655872,1
879402709253540608,1
879404718596763520,1
879407750090832000,1
879480256482806656,0
879560767651902080,1
879588549763433600,0
879635553740485888,1
879752892775622528,1
879837770662311040,1
879840243500760704,1
880104223586621696,0
880175109101308288,1
880268348404910464,1
880285346516644736,1
880322321119070208,0
880369621860643328,1
880376713021883648,0
880399513553538432,0
880806222288524800,0
880924637736744064,1
880924644337435008,0
880924649458934272,0
880955247149830144,1
881008042392006272,1
881052615415720704,1
881091010706473600,0
881097974437173888,0
881173823439929600,1
881187575893446912,1
881187580202499968,1
881199426904894720,1
881241121605881344,1
881330683941275648,0
881603968983499264,1
881612401233021440,0
881620727318751360,0
881729204381254912,1
881735673624566784,0
881749934907756416,1
881808669408428800,1
881828990149203456,1
881904244217881728,1
881914841760166784,1
881939810143635712,1
881939816999298304,0
881992130740278144,1
881995572846779264,1
881996021778979840,1
882257441620802048,0
882295891073506944,0
882418175206772096,0
882472212431557504,0
882472394957431552,0
882483964188300672,1
882498327614684288,0
882510348797241088,0
882523594252684416,1
882571709682279296,1
882599913339253120,1
882660721416864768,1
882668722163803136,0
882687799508122240,0
882688674480559616,1
882734766130590976,0
882949728319345024,0
882997322649217792,0
883006761374877568,1
883009091509503744,0
883069118545344256,1
883105185033467648,1
883144415387416064,0
883156758296114944,0
883185026408425728,1
883213575931936128,0
883232705949650944,1
883269141931379072,1
883285398065874688,0
883382919539440000,0
883432906891319936,0
883452403874800256,0
883469650849070208,1
883485699398114176,0
883716185230505856,0
883724268309139712,1
883805348584194944,1
883811261238742272,1
883875073376997632,0
883891336954346880,1
883945348098311808,0
883984160264588032,1
884036824146310400,0
884229131931813248,0
884497843870862464,0
884545305783284224,1
884610045700477824,0
884630052670753664,0
884645261050317440,1
884668914646274432,1
884674644633932288,1
884688402475449344,0
884710101931399936,0
884710526445449728,0
884722847313361664,0
884814970116583936,1
884879273744337664,0
885382245512707456,0
885419498265018112,0
885430983177720832,0
885441531283481984,0
885445219691829888,1
885453977142690304,0
885505069334640896,0
885538762504721408,0
885811989479751168,1
885924045856632320,0
885941313968173824,1
885970444009816960,0
885987155364658560,1
886059128185468416,1
886090126124687360,0
886194121193855744,1
886202863772590464,0
886310992738435712,1
886334408691017600,0
886345966987932544,0
886610126958060032,0
886644013344802432,1
886644774138187136,1
886656708081911552,0
886684459290262016,0
886688184140569472,1
886730212467292160,0
886772696325356032,0
886798935903640576,1
886803527002203776,1
886810196195373056,1
886831451732822400,1
886865372442721024,1
886942350591479168,0
886950326790066432,1
886986209317538048,0
886990114043412608,1
887011501434076288,0
887029919198758784,0
887380245535080064,0
887394777670371840,1
887408244814956416,0
887412466512817536,1
887435005786593280,1
887543140509833856,0
887543950211715328,1
887568250945299072,0
887574395393415296,0
887677051079741952,0
888013802184125952,0
888092735605945600,0
888132529881207424,0
888136461360779136,0
888144681154414848,1
888182182806077440,1
888273851114645888,0
888274543663976960,1
888301776026700544,0
888321157724110208,0
888341678354204928,0
888348198594630912,1
888435344607218048,0
888489289325337472,1
888504197379313408,1
888557962610886144,0
888829933660557312,1
888908257160809472,1
888916144521412352,1
888962855197190144,0
888964482628574720,1
888976645730659840,0
889211915467615232,1
889242358216340352,1
889488494587478784,0
889652956583723520,1
889656576987610752,1
889674392477656320,0
889750691545724672,0
889836905393964800,0
889888191338415744,1
889915883177269120,1
889919862496541568,0
889971029115837952,0
890270023387314816,0
890339707219723264,0
890418648863791232,0
890478121235742592,1
890611842111847424,1
890640562992571136,1
890681796292080256,1
890970149066921728,0
891082108637452160,0
891084183971846016,1
891121596933925760,1
891148123610744704,0
891148764226702848,1
891348735400097152,1
891394227382491648,1
891401314275712000,0
891560605019948032,0
891737132304153728,1
891804634738825600,1
891831216468294400,1
891839455208198272,0
891842786023645696,1
891843184877926912,1
891888518846905472,1
891931369646930176,1
891947742765629696,1
891952717069440000,1
892024308524327680,1
892174832852476928,1
892409733191936768,1
892493365172170624,1
892554263499717248,0
892570889799871616,0
892588404662924544,1
892588748967210496,0
892603828948945280,0
892604608276859648,0
892624998957533696,0
892665707834580480,0
892674021605987200,0
892772329760218368,0
892926632256350336,1
893069786499980800,1
893113960496914944,1
893123734973072768,1
893134629854100736,1
893203595294322944,0
893238724737767552,0
893240048338434048,1
893242546110639104,1
893250265802326528,1
893251869596695424,0
893300292597914752,1
893309962859484288,1
893364597764418560,1
893393139598347136,1
893406925161181568,0
893424348884871168,1
893470707279735040,1
893522792384418816,0
893526989292282496,1
893864464156539136,1
893929238953882368,1
893931447402566784,0
893958748000093568,1
893967844646247296,1
894252213665002496,0
894657215200011008,1
894664612283256832,0
894701996825945088,1
894713603925333376,0
894813552003341696,1
894824479950896768,1
894835241172022784,1
894849612289947904,1
895446192534658304,0
895478692284049792,1
895505941217865472,0
895533215057310208,0
895540771045424384,1
895620432972464640,1
895803995579213440,0
895837037428992512,0
896180581512500480,1
896221627114838784,1
896225022921722624,1
896276284146049152,0
896279792036147968,1
896315235029265280,0
896415805362537344,0
896443599647802240,0
896498311787622784,0
896783175103122816,0
896840314357916288,0
896916998457245568,0
896930336705261184,0
896940659000706304,1
896970805852992128,0
896978701206593664,1
897132069489655296,1
897148395925368832,1
897155349623433856,0
897157561230049920,1
897159199271842560,0
897489150765737088,1
897513574076048768,1
897518004956989312,0
897777335742654208,1
897778345309211648,1
897809646207758848,0
897869421260632064,0
897913379606937344,1
898207230221495808,1
898284930911350144,1
898288390979590912,0
898309867231267456,1
898313654338960640,0
898335009968616576,1
898357422047267712,1
898420726321591168,0
898437597273513088,0
898475838978929792,0
898514579339622272,0
898588235132115200,1
898589056398491264,1
898589406469529600,0
898734878416720512,1
898971772669650816,0
898973609172565376,1
899184445847244160,1
899220773146702464,1
899236920313236352,0
899253143764241152,1
899301250657620224,1
899359537260679936,1
899628845508416640,1
899767405368299904,1
899774446482272128,0
899873050502594816,1
899882485515010688,0
899910723503355008,0
899911939692045824,1
899944411772640384,1
899996560721109504,0
900014130238290432,1
900302748642830976,0
900361156574257408,0
900494984852962944,1
900562698350968832,0
900610676097997440,1
900658656586813440,1
900821309519326336,1
901174763690671744,1
901187431413881984,1
901189355804866688,1
901201979024924160,1
901405844313394944,0
901491943220799104,0
901527037262936704,0
901558105213616896,1
901614026906132096,1
901814023614571392,1
901993424099577728,1
902002124571587072,1
902071810797105024,0
902105249944654464,0
902138928606708992,1
902139668028704512,0
902212405895275008,0
902317723572022528,1
902343167634649344,1
902587769316925696,1
902592712191670656,1
902613901829409920,0
902615931792299520,1
902619756611751040,1
902666950866005760,0
902669041047202048,1
902678326370988032,1
902704758632323328,0
902718654168633216,0
902772484017609600,1
902792544692922624,1
902799853534948864,0
902823878917985152,1
902848881697657344,1
902858876259341568,0
902860971246480256,0
903035710736722944,0
903231119079793920,1
903290437898448000,0
903293494137960064,1
903299375075135232,1
903301036890964096,0
903317980475882240,0
903337738048663168,0
903384046689531904,1
903391735826963456,1
903417602914879872,1
903434050996573568,0
903436514453868800,1
903452126803749248,0
903588093874226944,1
903676540831854208,1
903696654733515136,1
904148604686530560,1
904190090013392640,0
904200431771990912,0
904235514345275904,0
904244780601055872,0
904247330399570176,0
904294400808951680,1
904334368030126976,0
904341789822142080,0
904376928718232064,0
904619204744519936,0
904695996675034752,0
904895959178089728,1
904920252375725440,0
904928360612679680,1
905008420901975168,1
905044794526060800,1
905050871330479872,1
905173977033284480,0
905424904440561920,0
905516210949332864,1
905540136912143872,1
905737735565755520,1
905885509729259136,0
906312376636555520,0
906374094626242304,1
906436356173209856,0
906530289342023424,0
906544222661903616,1
906633962261039104,1
906639442880962944,1
906919376864457856,1
906951075091287936,1
906970556016103808,0
906972253321021824,1
906996104520160384,0
907013121565850624,1
907075717259828096,0
907078432375426560,0
907080640812398080,1
907092703302960768,0
907130407655071744,1
907176204659529088,1
907183963211672192,0
907225780619666048,0
907339626492258816,0
907639949035922432,1
907827131754433664,1
907915147405474048,1
907970486980498688,1
908011910692434944,1
908023020986205056,1
908041567839036672,0
908059451175865344,1
908075137094010496,0
908423445679406848,0
908474557966530304,0
908541703461218688,1
908559354666183424,1
908579150059163136,1
908593915357355136,0
908599710578326784,1
908706335002686208,0
908748664817038336,1
908761388416332928,0
908771645692787200,1
909076408195852032,0
909085126409940608,0
909124124432952576,1
909137067450296320,1
909159139270320512,0
909167169600486144,1
909207164260835712,1
909222602655474944,0
909227823300664320,0
909234459325556736,1
909292832745260032,0
909301108597693056,0
909391217089843328,0
909454328703246080,1
909468354933527552,1
909474904243442176,0
909852871322791424,1
909877069741628416,1
909894152291769344,0
909900823178375424,0
909941165167238912,0
910018330496207872,1
910105785899445760,1
910111802901057280,0
910129304701582208,1
910166431682944384,0
910208920706698240,0
910538489661370752,0
910564848908661248,1
910595616613395072,1
910768320264699264,0
911288711397399296,1
911389759552917504,0
911467756003683200,1
911529037072501376,0
911561414466899712,1
911615053541600128,0
911708161872126720,1
911751292615373696,0
912073161335427200,0
912181807382684160,1
912201329523839872,0
912228541038729216,1
912297985868295936,1
912803772836110592,0
912811173024035072,1
912836243936941568,1
912856789714219008,0
912870744907997184,1
912932128035442816,0
912944964834740096,0
912978963333492864,1
912988960716600832,0
913016588505884672,1
913023849556852096,0
913083238726882688,1
913097128163101184,0
913125112707063552,1
913459879440689792,1
913502896630009216,0
913506311663095552,1
913510148888074368,1
913608085781817600,0
913660467139372288,0
913681748670025856,1
913701032554987648,1
913761689320771200,0
914167705469857536,0
914185140532295808,0
914211444312929280,1
914259151704476800,0
914282840881002624,0
914282891334413312,1
914364414293496192,0
914389788600904064,0
914459947445575296,1
914546329280452096,1
914569839581286528,1
914808422560299648,1
914910455641330304,1
914913334029620352,0
914924329824994304,1
915086532169540096,1
915325255583455232,1
915336740460222976,1
915716061980526208,1
915767618367588736,0
915776847941544960,1
915842797529874176,1
915849964893360896,1
915870762627526656,1
915871748903702272,1
915874649536698880,1
915929333751937024,1
916046679124039168,1
916365365520132608,1
916607635221916672,0
916628962349801472,0
916657128341764096,1
916722215313741184,0
916728949572583936,0
916751664585404032,1
916791818633268096,1
917104437325151872,0
917124278750677632,1
917235221307752576,1
917248270541149184,1
917255143408379776,1
917258246576796416,0
917265535269812736,0
917265731082652416,1
917273657841953920,1
917288623431589888,1
917290059868041600,0
917402748476184320,0
917418354815639808,0
917832699172354304,1
917849075539092864,1
917902068517412736,1
917930154065333120,1
918001706921362432,1
918059264688484096,0
918065558988154368,1
918073084195187712,1
918168568703768320,1
918198473007547136,0
918502778743335680,0
918528455555625856,0
918580680366608256,1
918615783779465472,0
918648306129598336,0
918694772177771392,1
918809508615146112,1
918883735611154048,0
918987994658589824,0
919177271395584000,1
919322313818002048,0
919350516316398464,1
919360125589524736,1
919366616411121664,1
919391066738299392,1
919401625302471936,1
919410153842217984,1
919468213209792512,1
919613314161601664,0
919942873481844352,0
919976581454184448,0
919980918303145344,0
920009855068191104,1
920020440086641536,1
920073475771830272,0
920084688158958080,0
920119629536583552,0
920146694900823168,0
920212030789958912,1
920286425788540672,0
920401993759188736,1
920412107998631040,0
920474485808750976,1
920670343458609792,1
920686894697304192,1
920772543656430080,1
920978867201017472,0
920989577264081408,1
921000824503045120,0
921073690346525952,1
921495594926506496,0
922139306848682624,1
922147830551670912,1
922316327715896576,0
922327195884883328,0
922338910142589184,0
922381388781509760,0
922405595497673472,0
922409405079516672,0
922429273352634752,0
922551333881544320,1
922848502880498176,0
922908521798852736,0
922924143021416320,1
922937122692507392,1
922967135544633984,0
923011971896686464,1
923081333271968000,1
923163244863068544,0
923237780712553216,0
923310230367005184,0
923623685546503936,0
923934233137148160,0
924423979070460800,1
924534045109876608,0
924539127568985600,1
924610727330035584,0
924685306517302400,0
924722449994652672,1
925073200187656832,0
925087177115509504,1
925134737591945984,0
925146396123384832,1
925217685952233856,0
925222815958199680,0
925260040661952512,1
925416656428075392,1
925417468072292736,0
925746622631373056,0
925797775538140544,0
925825501341850112,0
925955043151835264,0
926115431419863424,1
926147859038631040,1
926256118351073408,1
926261293116266752,1
926262033709499264,1
926535238409854336,0
926537684850416768,1
926575160636996608,1
926591117501290496,1
926709808005752832,1
926720355021612544,0
926771952054534016,1
926797033452761728,1
926906442293271296,1
927171026532629504,1
927176721010036992,0
927229338319329280,0
927283189178689152,0
927326851666757248,0
927355601864043520,0
927397337372549888,0
927410274678258048,0
927477133746293760,0
927479179157811840,0
927590868840209024,1
927624476311495936,0
927943593942212608,1
927957002709615872,1
928072918092486016,1
928073847380044032,0
928081751943535360,0
928089462043094528,1
928097672667816064,1
928153492839267712,0
928186197422030720,0
928195662243665664,0
928236727443762944,0
928351296098115968,0
928355522540303104,0
928562994402911232,0
928695594411003392,0
928724695427329280,0
928745071003868800,0
928773199431624960,1
928775708939693696,1
928785733429894400,0
928811312709811456,1
928819221972436608,0
928820321533000832,1
928861530567515776,1
928899831654479488,0
928969536887547776,1
929025879885861376,0
929108176669986048,1
929302207766971776,1
929417870895755392,1
929476277453091968,0
929477734241606144,1
929478950335035136,0
929599106821201280,0
929655182681887488,1
929666341804271488,1
929721080448552320,0
929727597746511232,0
929779300877068416,1
929791325788305024,0
929807901930624768,1
930294280874306944,0
930299496091563136,0
930339696951476736,1
930370524154374272,0
930417994953301376,0
930435231100037888,0
930533441264321408,1
930956399852702592,0
930967067681373184,0
930997527439113472,1
931042159102511104,1
931080709038487808,0
931251851742924288,0
931524607303097216,0
931553791078858368,1
931562595208956800,0
931596660318816384,0
931607985401114496,1
931622008166548096,1
931632457936566016,1
931651787317563392,1
931687300743809280,0
931704640408912640,1
931742643828734080,0
931812870472345344,1
931821243697044608,1
931875056525718528,0
931986808815211008,1
932078762228111488,1
932078769032903936,1
932293463848665728,0
932319704096274176,1
932381398674178944,0
932400313038458240,0
932487716014381184,0
932490040751972736,1
932499135428457728,0
932500724891215360,0
932535801844593664,0
932597811320404736,1
932611289391570944,1
932684397579922560,0
932688959328771072,1
932746447408793984,0
932986842483290368,1
933016635627318016,1
933037674538189440,1
933071607411341184,1
933079998216365056,1
933112298752795648,0
933139654157111680,1
933150016077166720,1
933183379965739008,0
933191765361696896,1
933206658486892160,1
933356254111317120,0
933416306325904768,1
933425884606291328,1
933429994020136576,0
933853713628487808,0
933901465924725888,0
933919029164493696,1
933969969723565568,0
934052197939467520,0
934406268239693696,1
934526694691522688,1
934591438725634688,1
934628369360179712,1
934635884600011904,0
934651327335074560,0
934728359580212864,0
934763449982665728,1
934866748621366784,1
934878994258132736,1
935151078786637824,0
935338712979090176,0
935401051939161728,0
935409811147718272,0
935418750344259968,1
935503212419857920,1
935572032223346304,1
935914753936049152,1
936070291448407040,1
936082252002906240,0
936097053619155968,0
936167076266731264,1
936230081932019456,0
936324306046378112,1
936809117336698752,1
936839340791182080,0
936887821410997120,1
936980249911467392,0
937026782136232960,1
937063047273185920,1
937345671123672576,0
937373447627961216,1
937407348007383552,1
937505955327925504,1
937525679233839872,1
937574264870274304,1
937603798172509312,1
937615382685979008,0
937621619156715904,1
937732144613980416,1
937767489185630080,1
937782828990555392,1
937857163301563904,1
938032094731952512,0
938102867754835840,1
938108852472450048,1
938118105590856064,1
938178518674834816,0
938186615070656896,0
938209972099029504,1
938224943035727488,1
938265468011030400,0
938280341064646400,1
938308009364841984,1
938332510868695040,0
938334454044799872,0
938342617586447232,0
938361419284280832,1
938361589798022784,0
938385664724733184,0
938409744040337536,0
938443698101012992,1
938478752922272128,0
938489368238668032,0
938517860669858816,0
938596313255624832,0
938848681085952000,0
938886093452563200,1
938934322509231232,1
938988571319018752,0
939002496069608320,0
939005241664100608,1
939047353140134272,0
939071271972241152,0
939095276746735360,1
939111512466660608,0
939206322453161216,1
939358157618856320,1
939519122713716736,0
939558151543047552,0
939579759890745344,1
939630917343693824,0
939634674114052224,0
939702928247455360,1
939746852484411136,1
939748033605938816,0
939757472246064896,0
939769076509548416,1
939796844641537280,0
939938292550968192,1
939960554353685376,0
939987239315284864,0
940035408899097984,0
940269495599692416,1
940384895186243328,0
940393240131060352,0
940411706754973184,1
940421722655852672,1
940438505882109440,1
940462630885404416,1
940485494241146112,0
940593495348459776,1
940977620565685888,0
941024066949916544,1
941043724377871744,0
941069176012047872,0
941083760663925376,0
941086453732154624,0
941088041220519552,1
941140978534132096,1
941160265600776960,0
941209435655105664,1
941309871242486272,1
941792200151083520,1
941867178938570752,0
941868356731629696,0
942504103947188736,1
942528271450777344,0
942634210438927360,1
942710369842202240,0
942755540905367296,1
942905164029687040,1
943205775257429504,0
943336975089952256,0
943399312961113344,0
943413703048708224,0
943472727220184704,1
943517862024272896,1
943532319342130816,0
943816251139906816,1
943827109340565248,1
943938781527268736,0
944012580509366912,1
944038192599620096,0
944052840732683392,1
944091570418107392,0
944206928441709568,1
944294910425633664,0
944297947764498816,1
944608512302014080,0
944651206339454464,0
944696391364345472,0
944771299321424640,0
944779467721067136,1
944804559334703360,0
944863325996662272,1
944866477527351040,1
944927708346770560,0
945441127088088832,0
945442241443007360,1
945492014639888896,1
945584419827204352,0
945733193266886528,1
945999816014425472,0
946015439010890112,0
946126516191491968,1
946148056404650752,0
946193737105036544,0
946217254520899072,0
946269279870214016,0
946340672863845376,0
946354987267403648,1
946364174808133120,1
946364179662466688,1
946364184708231040,1
946458950256666624,0
946774221934146688,0
946789757026679936,1
946791637880620032,0
946792743247001088,1
946841138492190848,1
946851304518249344,0
946911432563392640,0
946928458080293376,1
947046229502967936,0
947069066129845248,0
947074967351560448,0
947075910872670208,0
947111505759614464,0
947149520273164032,1
947273006726643968,0
947520589808561920,1
947538721688480000,0
947613940090046080,1
947631372629539456,1
947672823389490176,1
947733605121296640,1
947745818143170176,1
947759581024282624,1
947799799794083072,1
947803281051337344,1
947827515608700800,1
947832573505730688,1
947850028755347840,1
947880985272272128,0
947907885798689408,1
947924033779720576,1
948267312341355008,1
948279356016192512,0
948367928124446208,0
948385411416534272,1
948389577902239488,1
948470679679959552,0
948480163987613824,0
948504435960610944,1
948528358979537408,1
948598548070418048,1
948674144289446144,0
948950820472240256,1
949008079892912256,0
949019651547259904,0
949050898678421632,1
949058180595402496,1
949080710168760320,1
949096793918995840,1
949182333909339264,0
949198204684088064,0
949369928532426624,0
949814902218582144,1
949840831896401664,0
949878097952565248,0
949922094408156288,1
949925434357486080,1
949961545170005760,0
950018680098157312,0
950111573023209088,1
950431756840842112,0
950486897209321856,1
950573566719017984,0
950615851323836288,0
950621613414472704,0
950628900897902464,1
950643300926202496,1
950648882754343936,1
950664903436022016,0
950722166656087296,1
950801138937150080,0
950801360034724480,1
950808387306241536,0
950812264311699200,0
951213680404248832,1
951279336882700288,0
951280085620147328,0
951435781453460864,0
951482429267889408,0
951855294067652224,0
951866539510720512,1
951872503754199424,0
951873828982085120,1
951878922140564608,0
951967216832603776,1
952045718075824768,0
952048654665703296,0
952102144739118080,0
952233434664412800,0
952573032109226496,1
952687409672827904,0
952697646320732160,0
952787961344911104,0
952798976443989248,0
952805379478514560,0
952882065970956544,0
952890495374969600,0
952947197247289600,0
953106596533942912,0
953283764746144768,0
953299782116183552,1
953386362552482688,1
953399551910655744,0
953419773340027648,1
953430788775668736,1
953445923051248384,0
953472708166129280,0
953489426714221568,0
953557707161497472,1
953574886858373248,1
953588301403114880,1
953670229719837312,0
953691076140030976,1
953871795552243968,0
954209596349864064,1
954265055726310784,0
954418104741959296,0
954749589450902144,1
954772430739132672,1
954879727702963840,0
954897847866901248,0
954924288165792640,1
954937747786585728,0
954954067785364352,1
955066413038147200,1
955109905992696960,0
955130411287837824,0
955488325572919040,1
955569298498846976,0
955586571421143808,0
955632789686124032,1
955641958881837568,1
955666747233012352,1
955686387696820224,0
955784924116728192,1
955826227733906816,1
955839519252974336,1
955847707412125184,0
956246260925224576,0
956364829574312320,0
956380336968750080,1
956394970425992576,1
956407429511555840,1
956429974393867008,1
956450030703379200,1
956534625988414720,0
956544405424710912,0
956937277062948736,0
957049759096260608,1
957064744215970688,0
957182031789175040,0
957191061081119488,1
957642830452448000,1
957655872424260224,1
957688430517428480,0
957869284181586688,1
957924384027308288,1
958048739944468096,1
958056913485796608,1
958062242754275328,0
958069653940761728,0
958073676095803648,0
958076921849565440,0
958079922116061312,1
958257380600128768,1
958414761572247424,1
958687249111153920,0
959164614084580992,0
959285925045345920,0
959476992010102784,0
959499376605879296,1
959570590078599808,0
959582619443135104,0
959801317523086336,0
959858264202214656,1
959892672636009728,0
959996210425204096,1
960020438228597760,0
960054398164967808,1
960627906304735360,1
960630944030136832,1
960672976942262528,0
960676056365778688,1
960718331230711296,1
960752906848556160,1
960790619384032384,1
961036906291822848,1
961214540210885376,1
961229893259241856,0
961281183542052480,0
961374366668118528,1
961445111374378496,1
961448069791140224,1
961540273411032448,0
961653393647174144,1
961662527211392128,1
962089791848718336,1
962093664933479296,0
962271349240918528,0
962353622214661376,0
962401610718511360,0
962723877963462400,0
962731004431332480,0
962764610885906304,1
962794543700064256,0
962811602338359040,0
962932410627454720,1
963107540029626112,1
963444392291625984,1
963452736518696576,0
963462396922518656,0
963470440626071168,1
963535377990541312,0
963649123076078976,0
963814054642899200,0
963825689872325248,0
963850924928562304,1
963857416949581312,0
964009179367327232,1
964282236767793024,1
964292470934021888,1
964295370739634944,0
964410948186182656,0
964432231383665920,0
964441036091851776,1
964449031128712192,0
964567679736042368,1
965137198890733312,0
965155143881812224,1
965169522238317824,1
965173263849331456,0
965185295093731072,1
965200266317749760,1
965319092145317376,0
965347526217624960,1
965350858178232320,1
965395293496169088,1
965754619408811136,1
965845577114194048,1
965887466556391040,1
965895736747498880,0
966433815861448064,1
966460810818742016,1
966522298388345216,0
966612831025885568,0
966613518441709440,1
966627828419394048,1
966704424353762688,1
967088775840495872,0
967130822744491392,0
967473916615767552,1
967839268291980160,0
967935105654506240,0
967936857410134784,0
968060915484477952,0
968101196562334464,0
968106899092764416,1
968116666226444672,1
968167915297156096,0
968228162308114432,1
968241753972232704,0
968442283627890560,0
968549075490957568,1
968549357691982080,0
968566154556471040,1
968590356323128192,0
968597275856161152,0
968613209862914304,0
968613446840518272,1
968641555445964544,1
968660991030772608,0
968745498463176704,1
968768549914297600,1
968772572375392256,1
968840313561158912,1
968930470934150400,0
969235589875686528,0
969268771142097664,1
969343907231636352,1
969397514475561984,0
969451622278548864,1
969462546558378880,0
969498627576616832,1
969519694855726080,1
969558049988102144,1
969616375334731904,1
969767191663020416,0
969985407004080256,0
969985674261007232,0
970039848715526016,1
970056041254231680,0
970057329021885184,1
970059233365310336,0
970108039869414272,1
970122929185911680,1
970170055578332672,0
970192169598924032,1
970193016246113280,0
970197439883223424,0
970204073995034368,1
970328050975782272,0
970362594105870080,1
970368661508986240,0
970698992326227200,1
970749904827608064,1
970755701868493824,1
970776894224902912,1
970867044577962112,0
970932607463666304,1
971408821122360576,0
971441576958896256,0
971461813965772800,1
971485683581591552,0
971561239025224704,1
971572041166948224,1
971641494258560896,1
971651994785005056,1
971661262720697856,1
971680788108654848,0
971855431552920576,0
972089922881727104,1
972140881572377344,0
972244651873798784,0
972256147186893824,1
972330688820211328,1
972358876299044480,0
972375111555659008,1
972432597979539968,0
972518055544265728,1
972543230029781248,1
972571249292824704,0
972572973798232192,1
972838281847517184,0
972846249933159168,0
972874984277418624,1
972885044429048832,1
972904330377022592,1
972910446534051328,0
972974950816292096,1
972975482809205632,1
972977221060422144,1
972981238702248576,1
973013384553094016,0
973027128601147904,0
973040662966244608,0
973075238096788352,1
973081766296296320,0
973123697904220800,0
973150563415025024,0
973196272978289536,1
973251387118897408,1
973275275880810368,1
973318044263275008,0
973656594418917504,0
973722768152817920,0
973730570958243456,0
973750514954774016,0
973755612902923008,1
973780988757658880,1
973803491577691264,0
973815046712991232,1
973893932247547008,0
973924988268774528,1
973973446189655808,0
974289148309646464,0
974299198074458880,0
974327786872931584,0
974537127067566080,0
974631055041895552,1
975074929165537536,0
975077832311527168,1
975101777705115776,0
975106664499293696,0
975110643900402816,1
975198846796822912,0
975204861282928000,0
975245787306078464,1
975280682328829952,1
975283893165276416,0
975345184554753664,0
975416161921459584,1
975443219013219584,0
975803802393306752,1
975976785345601664,0
976007648333633024,0
976057266675760256,0
976125941603669120,1
976549872822917760,0
976595674773865216,1
976637151666648064,0
976643664497077760,0
976682613799000832,0
976740355586259840,0
976867693514199552,1
977360248906949632,1
977385640424163712,0
977424381476007040,1
977449267252925952,0
977467829392461696,1
977575474500766848,1
977653514652631808,0
977909746726667776,0
977941534322259840,1
977941899838830208,0
977962254090343936,1
977973646607037568,0
977983262434737280,0
978019657734187520,0
978032286701426560,1
978045450848692608,1
978140067302587904,1
978157386288279168,0
978196003664836608,1
978248326943078912,0
978689928590062720,1
978722421579816064,1
978801739279393280,1
978810502925606016,1
978811437715694080,1
978813702310050816,1
978836002435361280,0
978860630720972672,0
978872551095385088,0
978873748577815552,0
978874358887949312,1
978896767508047872,0
978917766165844352,1
979036291082809344,1
979037820433867264,0
979441609334234880,1
979479518856020736,1
979489418588681600,0
979518699004305536,1
979536072469607808,1
979606346597252864,1
979640349730540288,1
979688278349420800,1
979698435905512704,1
980158299106982784,0
980175668892224128,1
980233573929877632,1
980286168743172224,0
980327976639210880,0
980512515126520576,1
980885244294243200,0
980938070914595712,0
981048795758951936,1
981082672874207872,1
981093273120413568,0
981201240439818880,1
981288064378650112,0
981578059618059776,0
981645911131702272,0
981694307943055232,0
981748039444956800,1
981824938968596736,0
981871011348938752,0
981876923349563264,0
982323861199846400,0
982375300351703168,1
982397007964366080,0
982404592729367296,1
982411168066124800,1
982456938788263424,0
982493222943875072,0
982525520154038528,0
982551016276111232,0
982574400123399936,0
982677631635424896,0
982924994075988864,0
983155846336536832,1
983232799514646784,1
983265777662387328,0
983267244063340032,0
983283444502525312,0
983336998328386176,0
983358540214936064,0
983546960759954560,0
983738353736823936,1
983781960032191744,1
983823640817735296,0
983838374553436800,1
983855001417308800,1
983863357108325504,0
983921318856255744,1
983994544898528256,0
984003118611374976,1
984009717052219392,1
984040475828475264,0
984063535953767296,0
984130572222576384,1
984505010794501760,1
984539357626596608,1
984589627558277632,1
984624080169753856,1
984641551561697920,1
984667927283784448,0
984669646117819648,1
984695505734641408,0
984718134295937280,1
984768640460759936,0
984810105920560512,0
984817900327222656,1
984833987048459648,1
985254994903390464,0
985255712948223232,1
985255931153399168,0
985276769224252160,0
985305931033692416,0
985324711148194560,0
985348111250358656,1
985362792007157504,0
985445706802009600,0
985447013213228800,0
985447107955544576,1
985548102701939968,1
985578704080022784,1
985616088771650944,0
985939346272066944,1
985951686121686656,0
985960849239780608,0
985979485026232576,1
985979631261918208,0
985982671005409408,0
985993884430369152,0
986005705533595776,0
986012142152033408,0
986019602628058240,0
986026314532734848,1
986028576288430976,1
986039624820433792,1
986047266091903872,1
986103655247092864,0
986231304488863104,1
986498893902853504,1
986712513820258688,1
986801935775771264,0
986957412817841152,1
987483511751490432,0
987556987605177856,0
987561158738793088,0
987566257801924608,0
987726025941122944,1
987757848658699904,0
987832868964227584,1
987913591750478720,0
988057392816109568,1
988094090466505984,1
988112036188159616,0
988153726303258240,0
988155470939496448,1
988325334627169792,0
988332472263729792,1
988379840744285952,1
988384225835711488,0
988452857648432384,1
988871199177623808,1
988882381826603136,1
988925755392889344,1
988972627637834496,1
988975733238857856,1
988986421498868224,0
988994357021581056,1
989061790359086976,1
989082459471027712,0
989135537671783680,0
989187628217286656,1
989563377028269184,0
989618330622968832,0
989647204175519360,0
989681625206932352,0
989692345673885440,0
989708989147128448,1
989730603425291392,1
989748195667943296,0
989762138705192320,0
989818177639199488,0
989837440397408000,1
989870362498827136,1
989933572319731712,1
989968047313536000,0
990266222195558016,1
990301352941745408,0
990347984788463360,1
990361132072544640,0
990451159773304192,0
990570525471533184,0
990589756337300352,0
990601067369158016,1
990651443355884800,0
990767700549586304,0
991046237942064512,0
991084582615740416,1
991180278923618048,0
991215486129339008,1
991215772761124096,0
991230854645170048,1
991315950327331328,1
991674799771605888,0
991694515888098688,0
991813470103774592,0
991845452915656064,1
991880335108577152,1
991884005787910784,1
991940842524832384,1
991964248813106048,0
992131998446961792,0
992443167379010176,0
992617505098520192,0
992627119237942272,1
992657719324610048,1
992687566664185088,1
992744912505056640,0
992807507794754304,1
993215392827338752,1
993221075183317760,0
993226198055788800,0
993242942917971712,1
993330453952048256,1
993339908349204096,1
993348821347519104,0
993440490681674368,0
993454040449861120,1
993464420067231616,1
993479693403154560,0
993482403867466240,1
993491426728445696,0
993608228737109120,0
993879257658482176,1
993956560843464064,1
993992555147230080,0
994071248762985600,1
994090738147200896,0
994091724439071488,0
994096144015234944,0
994150880235458816,1
994214280236757632,1
994240782950151936,1
994322142450114432,0
994329533773002752,0
994780756111009152,0
994829486463112448,0
994881891328438272,0
994888531964137984,0
994919987600347648,0
994934807275340928,1
994941745118626304,0
995157927262676992,1
995325045555149184,1
995365188833873024,1
995407803949218688,0
995430173845841280,0
995435963001621248,1
995438996518531968,0
995461193902547968,1
995495096612766336,0
995569454232485376,1
995675561050879360,1
995751978183839360,0
996089448196542336,1
996123212476624768,1
996140170924809344,0
996143076016235264,1
996165559245842432,1
996190466317164160,0
996251446086083456,1
996296563635024512,0
996296876898099200,0
996305439109350400,0
996314774564425984,1
996337775892921216,0
996856996955239680,0
996873366922620544,1
996879935108695040,0
996894106173234944,1
997027135532185344,1
997029425558812800,1
997036574325535360,1
997073346124413696,0
997265798099850112,0
997267689878937856,0
997529397076530944,0
997530912841723136,0
997581006772911488,1
997706379996408064,1
997740635717065984,1
997744808289427968,1
997750876405097472,0
997763691152944384,0
998333601492735232,0
998346242016693376,0
998357238867373312,0
998389528536632064,1
998397321506292480,0
998405183278949760,0
998416855086248064,0
998452699337852672,1
998456028100807296,1
998474380957370240,1
998485669010640512,1
998494420978405760,0
998506737832383744,1
998517244083699072,1
998547289252823680,1
998551848857662720,1
998620647194767872,0
998959846178414464,1
998980162999708032,1
999019156672366592,1
999028676883669504,1
999043485643387392,0
999085411656075136,0
999094912771307008,1
999116839988863232,1
999149162860446080,0
999162674042441600,1
999185257611075712,0
999190882351034496,0
999203019925242880,1
999274152086809600,1
999390727984277248,1
999733049314181632,0
999734065853843200,0
999758253754800768,1
999776293739056128,1
999836395636797696,1
999844427902324992,0
999876787836171904,1
999892752560060160,0
999939563202470528,1
999944967748518528,0
999958066220148480,0
999976078352515712,0
1000074962707914112,0
1000085573090116608,0
1000102098252710016,1
1000134858167506816,0
1000435158709174400,0
1000448625268643328,1
1000512975918982528,0
1000561862285321600,0
1000576766010179840,0
1000590114262830592,1
1000622445676442368,1
1000679754407855360,0
1001197109915956096,1
1001236256998280576,0
1001240471470062208,0
1001247534304585600,0
1001255100119859072,1
1001262282041905664,1
1001274928704907136,0
1001373242196670336,0
1001374177125572608,0
1001379351767780608,1
1001437931547861248,0
1001441897161629952,0
1001491963229500544,1
1001554063752289280,0
1001825514158318080,1
1001877448156247552,1
1002001842714946432,0
1002049145788661760,1
1002073717219127936,1
1002125192619195136,1
1002125451985929984,1
1002554108444986368,1
1002578247235079040,0
1002754310494155520,1
1002788871882945024,1
1002812227035662336,1
1002817639347702272,0
1002825053752586752,0
1002835338999038464,1
1002854581574169344,0
1002966199312098176,1
1002987682964422912,1
1003354701933690880,1
1003442986134213760,0
1003481522969182848,0
1003493086705815296,1
1003509068364158720,1
1003511101627469056,0
1003517336954310784,0
1003565825752286592,1
1004027736938133376,1
1004036871681686784,1
1004092934245412608,0
1004105239752212736,1
1004126418975818880,0
1004160362926288512,1
1004171924137906048,0
1004182652577394048,1
1004188510040757632,0
1004219584733104640,1
1004261160716446336,1
1004368153312176640,0
1004467203059323776,1
1004784696735657856,1
1004865456342066304,1
1004867165226502400,1
1004890414959295744,0
1004931124790957312,0
1005075882249037056,0
1005105654153479552,1
1005126091231449856,1
1005130899147773952,0
1005146135576250112,0
1005153368213110400,0
1005478164708453760,1
1005485169773051904,1
1005609228305168896,0
1005659993107126400,1
1005662719012264192,0
1005700721281473024,0
1005747949747658880,1
1005857642379035648,1
1006160284028857728,1
1006174692615160320,1
1006209215120155520,1
1006282845376949888,1
1006325478835929728,1
1006354861722223232,0
1006461997342978176,1
1006592820585437184,0
1006622142730665856,0
1006920327022845952,1
1007026446799511552,1
1007091814323582464,1
1007108255756333824,0
1007185021363912832,1
1007701271065653120,1
1007705268206536576,1
1007739438897334144,1
1007766789310443648,0
1007874372915535872,0
1007905628657133952,0
1007923481581202176,1
1007957510749231232,1
1007996831720007936,0
1008338704337043968,0
1008389561238750336,1
1008407529406119936,1
1008435065664701184,1
1008454441808813952,0
1008490915045529088,0
1008501833614212992,0
1008573776877449216,1
1008601350640184960,1
1008653464953224448,0
1009102780377309952,0
1009188483875107968,0
1009191544281808128,1
1009193999569981568,1
1009199002829206912,1
1009231102028012928,1
1009337833037709056,1
1009345177861272064,0
1009388619499138688,1
1009396877615072640,0
1009836003821975296,0
1009877582854958464,1
1009877928869036928,0
1009886266782540928,1
1009901897477411968,0
1009943801353263744,1
1009953570134996480,1
1009957484070492800,1
1010026967196679808,1
1010041160436829952,0
1010069615578768384,0
1010080393643614464,1
1010148255179606144,0
1010564159715798912,1
1010615192120039680,1
1010722423752599808,1
1010796613107292544,0
1010810573116918912,1
1010828886532507136,0
1011338847505120128,0
1011388129003256832,0
1011416942520085376,1
1011533366156668800,1
1011553579209450240,1
1011699988141008128,0
1011753845355395072,1
1012000596411243136,1
1012056398317033856,0
1012074033610241792,1
1012199155050722688,1
1012251526470326016,1
1012264848091927808,0
1012287747312466560,0
1012290119687808896,0
1012373042877959424,1
1012447542206313088,0
1012458238964727424,0
1012778122430300672,1
1012813367001056512,1
1012897149820097024,1
1012905366803513088,0
1012980985318232832,1
1013031641017885184,0
1013141344870646656,0
1013430061500149504,0
1013511689395530496,0
1013511919802715008,0
1013524197855750144,1
1013559455582552576,1
1013578606502373376,1
1013590834811016576,0
1013649446493244032,0
1013712922924141184,1
1013793630982125184,0
1013821932809364224,1
1013867469515942784,1
1014232497993613312,0
1014245587333681280,0
1014291981224326272,0
1014439916931647488,0
1014455066949270144,1
1014466266707003392,1
1014654873677457408,0
1014655065463035776,0
1014948811121501056,1
1015006672377816960,0
1015041074477032320,0
1015143197311788416,1
1015175801919696128,1
1015230905023161472,0
1015261218144976256,0
1015335219872013952,1
1015365513397694336,0
1015646114931281792,1
1015718275107625728,1
1015728837074727680,1
1015848609968012544,1
1015854469990065408,0
1015858619814049280,0
1015873960368006400,0
1015885543877468800,1
1015921205727248128,1
1016014328236378880,1
1016220504523152512,1
1016406086104821760,1
1016624520161076864,1
1016661839860740864,0
1016834446092624768,0
1016846111551672448,1
1017030709600565376,0
1017059515651845248,0
1017093946506343936,1
1017276613896801536,1
1017349902027752192,1
1017377983842189312,1
1017389148486089088,0
1017504947614551552,1
1017522968435981056,0
1017814421790251264,0
1017871878319824384,0
1017872357877878272,1
1017937042582657536,1
1017962834553168128,0
1018060854780403072,0
1018064581526189696,0
1018080035946895232,0
1018155357530746752,1
1018210125785444736,0
1018257743366992768,1
1018436479217994240,1
1018582389648716416,1
1018638427892764288,1
1018672430834813952,0
1018674981487544064,1
1018737955720601984,1
1019378245300360704,1
1019387984630601728,1
1019392018850198400,1
1019398160080894976,1
1019411463340340352,1
1019439205572982656,0
1019543123638458624,1
1019627650606986112,1
1019656575835385600,1
1020051570143637120,0
1020150744222230144,1
1020164872676622720,1
1020165018223056768,1
1020211426532896768,1
1020232672158390784,0
1020326040585945600,0
1020521663785197184,1
1020708464790893696,0
1020826078792931968,0
1020906967478989184,1
1020939858558092544,1
1020939913305552000,1
1020954095321318272,1
1020991870383899264,1
1021000245613690240,0
1021038235241661312,1
1021047651052092416,1
1021131624905178496,1
1021502863354799104,1
1021549890311890560,1
1021609874675855872,1
1021616977060610816,1
1021783543314076416,1
1021896828642422016,1
1021897011694220800,1
1022195172510806656,0
1022197727188713216,1
1022314626770040448,1
1022330553290899968,1
1022408421439423360,0
1022420306436847232,1
1022457116949711360,0
1022960912825073536,0
1022998185250383744,1
1023163902341148800,1
1023228198652001536,0
1023228327345428096,1
1023321809582821248,1
1023543429139294208,1
1023547748414615680,0
1023549467293401600,0
1023664989761917824,0
1023675692797674880,1
1023686567920610944,1
1023704004354706048,1
1023715422963812608,0
1023776160075551488,0
1023792616703181568,1
1023899240545117440,1
1023931712892521088,0
1023997422119851648,0
1024053381504877568,1
1024062291166809856,1
1024352242132912896,0
1024359392369765376,1
1024376868707222784,0
1024387073655648000,1
1024393591544885120,1
1024397796377623296,0
1024451058141179520,1
1024454667190911872,0
1024494730417525632,0
1024555264483880704,1
1024569013470723072,1
1024602507514153088,0
1024677971557289984,1
1024736926843079552,1
1025105233190515840,0
1025127753580396928,1
1025144494009271552,1
1025155810247952896,1
1025197035669392384,0
1025221839239879296,0
1025233293461531392,0
1025269658794762880,0
1025333982121199744,1
1025375927553529984,0
1025807751654057728,1
1025868957568418816,0
1025874702749383424,1
1025893345561399168,0
1025917561534126208,0
1025967306515969280,1
1025970657344956160,1
1025971082984116096,1
1026005613744008576,1
1026068560771448960,0
1026097457500046976,1
1026111437951998336,0
1026558323812028672,0
1026562389197046272,1
1026562811839585920,1
1026593312321805696,0
1026656378763524992,1
1026670783536740480,1
1026678602487241472,1
1026700732217485056,1
1026734177583509632,0
1026805253739362688,0
1026854611389781248,1
1026917914733890816,0
1026919643122151680,1
1027241075407499648,1
1027350027106339456,1
1027354032480838528,1
1027376515996909056,1
1027426858213225216,0
1027535272003694208,1
1027598314746484352,0
1027976153348021760,1
1028117853092166656,0
1028192351601000576,1
1028233491541802240,1
1028253437905353088,1
1028270163935868544,1
1028344036121655808,1
1028483100283473792,0
1028743512114913536,1
1028785261063099392,1
1028802573369019264,0
1028803462866040960,1
1028958295584923008,0
1028963040555595904,1
1028983873913098368,0
1029334677300319616,0
1029334687881583616,0
1029405326570862208,1
1029432697644891392,0
1029463940006306816,1
1029508927422173824,1
1029557786126647552,0
1029561375265115264,1
1029678383615756288,0
1029805872343906048,1
1029959302038249856,1
1030250859398726272,1
1030255985495029504,0
1030340095751998848,0
1030444282723633536,1
1030874441038071936,0
1030944880508574592,1
1031017241439406848,1
1031021969121278848,0
1031099443166505856,1
1031128135848091648,1
1031133443712495616,0
1031200728309334784,0
1031603890171840768,1
1031643629577806720,0
1031651904592689792,0
1031670414590126592,0
1031681787588345472,0
1031772764732692352,0
1031862360393653120,0
1031940734960873856,0
1031949421681212160,0
1032000936207121152,0
1032077880726406912,1
1032379248829826944,0
1032477243438371968,1
1032489375683488128,1
1032524418837981824,0
1032555807903829248,0
1032564821157467520,1
1032577791831917568,0
1032603999256989184,1
1032616994671260032,1
1032674428096377856,1
1032983151412224640,0
1033078716390014720,1
1033093968489629568,1
1033327030324764928,0
1033346382744821760,0
1033492274298810624,0
1033525318777543552,1
1033796178734447872,0
1033892323618520320,0
1033957934621070720,1
1033966863610795008,1
1033976682309864320,1
1033985272835145600,0
1034031055405117952,1
1034045805887735424,0
1034069305366991360,1
1034164569375233920,0
1034504603993650688,1
1034537264941409536,0
1034564565361483136,0
1034577503734463872,1
1034591784447406336,1
1034593682028633216,1
1034615353684422912,1
1034751615086917632,1
1035246629552174464,0
1035297823885838208,0
1035396198180863872,0
1035439025393999872,1
1035439781255337728,0
1035447648165273984,1
1035451629686960384,1
1035455418172840960,1
1035456925578889472,1
1035478131497083392,0
1035500031139175808,0
1035506882678237696,1
1035558518894807680,0
1035593908312472704,1
1035961229281282944,0
1036005392408710016,1
1036006375066796800,0
1036032423568963712,1
1036033297970428544,1
1036035389907230720,0
1036036902983182976,1
1036039743292919936,1
1036057101623031680,0
1036145880109723392,0
1036148508789628416,1
1036207080879863040,0
1036210791409461120,0
1036261780408269696,1
1036291166589930368,1
1036338044348902528,0
1036354530944982016,1
1036416249792001280,0
1036714083837691008,0
1036725024166706432,0
1036725829468332288,1
1036741196754451840,1
1036770937755025152,1
1036771192033910784,1
1036800351392557824,0
1036822244765030016,1
1036823188106936832,0
1036838403125008512,1
1036898737790177536,1
1036916208224184064,1
1036920355826511104,1
1036922066465143680,1
1036929437574513024,1
1036961542409661056,1
1036990382959645184,1
1037067184472351744,0
1037505156288121984,0
1037531707295466624,1
1037531918606951424,1
1037606062481259008,0
1037609647386442240,1
1037683910343369216,0
1038151225660908032,1
1038261903735774720,0
1038307355082701056,0
1038316119613010816,0
1038374376153999360,0
1038543049451809920,0
1038849396468221952,0
1038863806555096320,1
1038917370747445120,0
1038924146893342848,0
1038927082862926592,1
1038951129832006656,1
1038999185001082496,0
1039014017847582720,1
1039031824759381248,1
1039080788551229696,0
1039090022634212864,1
1039114460649767168,0
1039152865341608320,0
1039214207343958656,1
1039246332925112192,1
1039318710040748032,0
1039558650687587072,1
1039631900251985280,0
1039643801035957504,1
1039728330307491072,1
1039733092422493440,0
1039837043383789952,0
1039941067726655744,0
1040019419516364928,1
1040282002127523584,1
1040282606705863808,1
1040385578321652480,1
1040387714919000448,1
1040394482565716992,0
1040403470476339712,1
1040551556531959936,0
1040562767859680256,1
1040576843737685888,0
1040592312479830144,1
1040698125071685504,0
1041054242368281472,0
1041116282642878464,1
1041158796644159872,0
1041186320319049344,0
1041198022197533952,0
1041214599956080768,0
1041220160052005888,1
1041241309431611136,1
1041258170575680128,1
1041309662971097216,0
1041327700991091200,0
1041392053618839936,1
1041740160857049600,1
1041757384911952384,1
1041779619733447936,1
1041800186300567552,1
1041814855797641088,1
1041822536759480320,0
1041823513467085184,1
1041838225357928448,0
1041866656313248896,1
1042010203094654720,0
1042030750259017344,1
1042060769357714560,0
1042061129270032512,0
1042067263781354112,1
1042659835409208832,0
1042668307962357760,0
1042680108675406464,0
1042689952346229376,1
1042828383333897984,0
1042884415492736256,0
1043248519585202432,1
1043276537472728704,1
1043294465842366720,0
1043302098430086656,0
1043407702020031360,1
1043489775940421760,1
1043600997304209536,0
1043923806927237632,1
1043938201672790016,1
1044001044595814656,1
1044124322526106368,0
1044167186254535040,1
1044171162943140864,1
1044172316895054336,1
1044279320328480768,1
1044323012524868352,0
1044676030549639680,0
1044691808196322560,1
1044717361855826432,1
1044719101636517504,0
1044744458780034304,0
1044769009409232128,0
1044770155549043840,1
1044772223239958912,1
1044776507868310144,1
1044893751699991168,1
1044908002471596928,1
1045039256064807552,0
1045070445415039488,0
1045395649124855168,1
1045427605706968320,1
1045439361421398400,1
1045445565885243904,0
1045455177099932928,0
1045462411526513792,1
1045464771334049024,0
1045493729493737344,0
1045517271125872128,1
1045548228043701760,0
1045590199989320320,1
1045593930303900800,1
1045597716048841984,1
1045600014050153856,0
1045603385224952576,0
1045613345180557184,0
1045618548794628224,1
1045662244076729856,1
1045826099549347584,0
1046137398702112000,0
1046179647195523840,1
1046188728818092032,0
1046217761468743296,1
1046225587179707264,1
1046257174249393024,0
1046306435471166592,0
1046336996997047424,0
1046345431682207872,0
1046411504489225088,1
1046416393860374784,1
1046431890455209984,1
1046442852226796032,1
1046465343172606976,1
1046914813900175744,0
1046923639795749760,0
1046962276729153536,1
1047014325322089984,1
1047038166361433600,1
1047076269441924736,1
1047118331580536064,0
1047213442232937600,0
1047564290323532672,0
1047607518537214976,1
1047634142587199488,1
1047649053797596160,0
1047650905895110272,1
1047796909312091904,1
1048326177706500608,0
1048450850290250240,1
1048462988652416128,1
1048502723849588864,1
1048504378692043776,1
1048506410909692544,1
1048534351135184512,0
1048574054492801920,0
1048715449102845184,0
1049056310530347264,0
1049172852855821824,1
1049177630072670080,0
1049195839795125888,1
1049223607435732864,1
1049223652478600960,1
1049246488231529856,1
1049249897304740992,0
1049260028854284288,1
1049371137225992960,0
1049711335722841216,1
1049730481453205888,0
1049739083505725824,0
1049769850696638336,0
1049785841800452864,0
1049793238144640768,1
1049840023264011008,0
1049912145851924096,1
1049954972308724992,1
1049958525720022272,1
1050028770311336320,0
1050034881556254720,1
1050057198410768384,0
1050080641822190848,0
1050240895839082112,1
1050482103057664512,1
1050497592226693248,0
1050502080167650304,1
1050577462792901632,1
1050683387791274496,0
1050690385491558528,1
1050694780001043968,0
1050697233938564736,1
1050704114347531136,1
1050824801248675840,1
1050843717778750976,0
1051145985410699776,0
1051204211913317376,1
1051238862635791104,1
1051276581863840512,1
1051364206735331968,0
1051421909725632256,1
1051629809318442496,1
1051928677126056576,1
1051946943327570048,0
1051951256523978368,1
1052058358355554304,0
1052065930717627136,1
1052081037340159616,1
1052119842531002496,1
1052136103392183680,0
1052148451110606336,1
1052153480736579072,1
1052204324258765312,1
1052237520194905856,1
1052284945906686464,0
1052319690607255424,1
1052630473896654336,0
1052657579079898368,0
1052667660324770432,0
1052849635113322368,0
1052853364330503680,1
1052858718588436608,1
1052880394637485696,1
1052938539965221888,0
1053031188962131072,0
1053260669465482752,0
1053447490162624256,1
1053510387135705088,0
1053521170163712896,1
1053530487939897344,0
1054371940558657024,0
1054383827467576320,0
1054413626787689856,1
1054438267954554496,1
1054815993725874432,1
1054867371276565376,0
1054965251832452352,1
1055032324956002816,0
1055043159666804992,0
1055093785420609152,0
1055185158969031040,0
1055188823708598528,0
1055201034912011392,0
1055242780725253888,0
1055549602928853120,0
1055589140065020416,1
1055600524831639936,0
1055613934556441984,0
1055620031430550784,1
1055661681154495104,0
1055705213381227392,1
1055708987779928320,0
1055712671089675136,0
1055741384529230080,0
1055777884592778624,1
1055789161252091008,0
1055847209873951616,0
1055849453915454976,0
1055867646772058624,0
1055871990918368640,0
1055881456147102848,1
1055931456114724480,0
1055961975345196544,0
1055986882982704000,1
1055997280931826432,1
1056253103068811648,0
1056282428307133824,0
1056321963727751040,0
1056352236120950528,1
1056353277703396224,0
1056370944624862848,0
1056380451695707392,1
1056425275677636480,0
1056442129319812608,1
1056442944109783936,1
1056444274884913920,1
1056461921645520000,1
1056471979930841600,1
1056475011417642240,0
1056478414009828352,0
1056555627462962432,1
1056574765878313600,0
1056585963163171328,1
1056616714270461696,1
1056690242811401600,1
1056732401723908992,0
1057035501659401344,0
1057043147084569344,0
1057060636422060160,0
1057123472353281792,0
1057143081938557312,0
1057178263116132224,1
1057239015121334528,1
1057271844258640384,0
1057302620386783744,0
1057361060673782272,0
1057754306106700928,1
1057827481979211520,1
1057932420282295552,0
1057977563323166848,0
1058020727429602048,1
1058057770480872704,1
1058059780518492544,0
1058445557561479424,1
1059247828329376128,0
1059339905188262400,1
1059365334264417536,1
1059391189632878976,1
1059416162360339584,1
1059477426820713728,0
1059491671810227840,1
1059494531647885312,0
1059536826336339584,1
1059867234567178496,0
1059935880954540672,0
1059969480182876416,1
1060007851611512704,0
1060016560059697024,0
1060043414195450368,0
1060078729635099776,0
1060083128619123072,1
1060127422598083072,1
1060169858763899904,0
1060185285674505472,1
1060204963529806976,0
1060209301615645056,1
1060212380954259200,0
1060216388000424576,0
1060499955278712960,0
1060605750491187072,1
1060625580979162624,0
1060683755078915328,0
1060705651171624704,1
1060744434683094272,0
1060752985036916096,1
1060767987214357760,0
1060820465673570176,1
1060821897596505856,1
1060838090929422592,1
1060917609969913216,0
1060984962049842432,0
1061300550751149696,0
1061308109652051584,0
1061366434322150144,1
1061371302197328640,1
1061390775442205952,0
1061492713306592128,1
1061522162175373056,1
1061523830255152896,0
1061527905085857024,0
1061552549603919488,0
1061576888713281408,1
1061634662719802496,1
1062101722439891072,1
1062174816722959104,0
1062218123522327040,0
1062265393241563776,1
1062283100482939776,0
1062498866119229824,1
1062540499545733504,1
1062847465350401664,0
1062851771441447296,0
1062947755472790016,0
1062970198245656960,1
1063063107636501248,1
1063101002709332992,0
1063161181319339520,1
1063550134493846912,1
1063604470992633984,1
1063661849341659264,0
1063662647068025472,0
1063782922191331968,1
1063906937191622400,1
1063919783395497344,1
1064270325613305088,1
1064287119075784448,1
1064328886764723072,0
1064359562008301568,1
1064382245605558144,1
1064400924704695936,0
1064423809644790656,0
1064424957835454592,1
1064433183431609984,1
1064440347474704896,0
1064440720421902080,1
1064445723716576896,0
1064518454074198400,0
1064954212387571968,0
1064997907920544768,0
1065068889150393728,0
1065132573701302400,1
1065140796996554624,1
1065163636760067200,0
1065184841558658688,0
1065202073572411904,0
1065213695062753792,1
1065231251983501952,0
1065239623286995968,1
1065252165773577856,0
1065332261425244160,0
1065704213364316672,1
1065709821520663680,0
1065731147082577536,1
1065752119368179712,1
1065794670624545152,0
1065796595009101824,1
1065826544135057408,0
1065833587448888960,1
1065854357981258624,1
1065899313758884992,0
1065908264898638464,0
1065921838396244352,1
1065957883970658560,1
1066021706765733504,1
1066056878819458304,0
1066166695703192576,0
1066449556506465152,1
1066464053711405312,1
1066478054612626432,0
1066488709130249600,1
1066530806939669760,0
1066545652823552512,0
1066556446643823360,1
1066557412563545984,1
1066562504300859776,0
1066603101904056320,0
1066624614172557440,0
1066634851727106048,0
1066635995510060288,1
1066664563077744384,1
1066683236672144512,1
1066699405570225536,1
1067135436652484352,0
1067194648438596864,1
1067197084320335744,0
1067250826332402304,0
1067279504928711424,1
1067294540888148224,1
1067316071883260288,0
1067344243218189568,1
1067356663776071552,1
1067370150144288256,1
1067386916446284288,0
1067390736738951424,0
1067395875874064896,0
1067406745225612544,0
1067413832764984832,0
1067427008488061824,0
1067432924403855616,0
1067437280241172224,1
1067479234994681984,1
1067511485762217728,1
1067551336203842432,0
1067606714103538048,0
1067868935193217536,1
1067890087122802176,0
1067939756209832576,0
1067981411076301056,0
1067993333282529920,0
1068073012232731392,0
1068117387355659008,0
1068123587335801344,1
1068137717293254144,0
1068145066700740096,1
1068222510320690688,1
1068541454080415360,1
1068604471078403456,1
1068611003443934592,0
1068633100291959424,0
1068649824066448000,1
1068651507555351936,1
1068665635293427712,0
1068730102433000192,0
1068743882555628160,0
1068785935459410816,1
1068786789439494912,1
1068791867608846848,0
1068812834388003072,0
1068816108657565184,0
1068846245217038208,0
1068854610864477952,1
1068860988979752576,0
1068923764277607424,1
1069294426447742336,0
1069327959769863680,1
1069332233448891392,0
1069374798825509632,0
1069380057732414592,0
1069392870265575040,1
1069475609230792064,0
1069502978742282752,0
1069526958463459456,1
1069560340539835776,1
1069608371311563136,1
1069613723069135232,0
1069624115456651776,1
1069650067919019520,1
1070029752758480640,0
1070039621221644160,0
1070045429552958720,1
1070071289752652928,1
1070161022410062976,1
1070218362647875968,1
1070233509905833088,0
1070247582113428864,0
1070275998933702016,0
1070282603051372160,0
1070294901085392768,0
1070322598478396416,0
1070350456008297856,0
1070705352031629824,1
1070777608126838272,0
1070779264939595136,0
1070779902414393984,1
1070819037186228224,0
1070829185616061184,0
1070845804880063616,0
1070850044335821312,0
1070903296810877824,0
1070904698807903360,0
1070944729774486272,0
1070989881177502208,0
1071001607599207424,1
1071078033950407168,1
1071133415163568000,1
1071354027645122560,0
1071444826789477376,0
1071478099128941824,1
1071478182833319552,1
1071490421051622400,1
1071614684903683584,1
1071628637865929728,1
1071675299340088960,0
1071702296627216512,0
1071705933355534592,0
1071709429807229184,1
1071865719113644416,0
1071929248066303360,1
1071929578739118592,1
1072215009657023104,1
1072322608841843328,1
1072378185182947584,1
1072408649459776512,0
1072410870701159680,1
1072447481717821184,0
1072455160083322624,0
1072456208104532224,1
1072606538139099008,1
1072712822465029376,0
1072886942271593984,1
1072923346399372672,0
1073007202476514816,0
1073099576323690368,0
1073255590452185216,1
1073390134876656768,1
1073751047487322496,0
1073760243531049344,1
1073762173089372672,1
1073813270086019584,0
1073816512503843584,0
1073885771889352320,1
1074007521544337280,0
1074026673189033344,1
1074030415156783104,0
1074036790174724096,1
1074069719187693184,0
1074125739682605056,0
1074127605783266560,0
1074406276788859520,1
1074455204073187840,1
1074531883009370624,0
1074559783741392128,1
1074588480200965248,0
1074619407364009728,0
1074642312598358144,1
1074666937706071040,1
1074683938403343872,1
1074742037095877760,0
1075061930712172416,0
1075104904686649344,0
1075123362466286848,0
1075153645253936256,0
1075183999320810112,1
1075197418811926656,1
1075218108249543552,0
1075327162803129856,1
1075368850402870656,0
1075388582632471936,1
1075473427650943488,0
1075846829627636480,1
1075855125684207488,0
1075879385291187328,0
1075882722202114560,0
1075895887658582016,1
1075957735501683200,1
1075965990587672448,0
1076049470855767168,1
1076054719479299968,1
1076057108045343872,0
1076065730077053568,1
1076066414787547648,1
1076072949630058624,1
1076116962719199744,0
1076129215689024768,1
1076196280253029376,1
1076251415659213568,1
1076458564139429504,1
1076721808131338752,0
1076731475885551744,0
1076768833143846016,1
1076784313543707904,0
1076811605432498816,1
1076892249642662528,1
1076910196949070720,0
1076948837734008960,0
1077279821513367552,0
1077340984820962688,1
1077341026582710784,0
1077343101218167680,0
1077347651186253568,1
1077355601320647808,0
1077367977870745088,0
1077380535573491328,1
1077416447079584000,1
1077511596968732800,1
1077551726294230784,0
1077617419940543616,0
1077646597435131136,0
1077687908812422144,1
1077980522173361792,0
1078105128373392896,0
1078159209862837504,0
1078216242636144896,0
1078221463633188992,1
1078303212637716224,0
1078798243298956544,0
1078812717380733568,1
1078877051496701312,1
1078906730210084992,1
1078981372813896576,0
1079037346869065472,1
1079043145649370496,0
1079498491609661568,0
1079511349869037312,1
1079525432410882944,1
1079543879316474368,0
1079558531902077952,0
1079614019019062656,0
1079633325760405376,1
1079642047095676672,1
1079653895946304512,0
1079662356382023168,1
1079775973942664320,0
1079816093536617728,0
1079826501868621952,1
1079836308640334336,0
1079861998624731520,0
1079984548407405824,0
1079998250117495296,1
1080107347879927296,1
1080186567721828608,1
1080202165754656256,1
1080214034042508544,1
1080257616789160320,1
1080263573722393984,1
1080275880342012160,1
1080283521041359616,0
1080293174305290624,1
1080324776367443712,0
1080350040101153792,1
1080367487422808192,0
1080394579376741632,0
1080395944071216512,0
1080469696372157312,1
1080486500995042816,1
1080490091362167936,1
1080521157883437952,1
1080906228900600832,1
1080920125083829504,1
1080954038309254528,1
1080990729555729536,0
1081041927529423360,0
1081060586597372032,0
1081063778457396608,1
1081091876864110592,1
1081097310020246912,0
1081097638614443136,1
1081118246195460096,0
1081168656336728576,1
1081186273683327232,1
1081268758099338880,0
1081357879446417024,1
1081613190185217024,1
1081619972493388800,1
1081624579188924672,1
1081644264345301760,0
1081648446313850496,1
1081661329159855744,1
1081685144953782912,1
1081693371409584256,0
1081733828593121920,0
1081801225231389184,1
1081830053022040448,0
1081847177569453824,0
1081849462990843904,1
1081874196858900480,1
1081920907846335488,1
1081937222732544640,0
1081938228599036800,0
1081956093221105408,0
1081975215631019648,0
1081987561984745600,1
1081988723303637120,0
1082323114367460480,0
1082382775893012224,0
1082408878597990784,0
1082455336350270208,1
1082484656181194624,0
1082488214006248448,1
1082523999941773056,0
1082535519716301056,1
1082540926606768768,1
1082648658368125056,1
1082656614820206720,0
1083106450387575552,1
1083111848508311296,1
1083142902688285824,0
1083146381448200576,0
1083190171592034944,0
1083220040193791488,0
1083249458770029696,1
1083275567582446848,0
1083299914766213120,1
1083302906995068416,1
1083317097485035648,0
1083358407172373376,1
1083364728077538688,0
1083371771983736320,1
1083378667420950016,1
1083384843598950016,0
1083390785870677248,1
1083415167601082112,0
1083422454837881856,0
1083769389007275136,1
1083981892242143232,1
1083984835794221824,1
1084063298459219840,0
1084081782632456192,1
1084081931660546816,0
1084098755618609280,1
1084100485883927168,1
1084115663288508416,0
1084143873171633536,0
1084159063043517056,0
1084161039245326080,0
1084235256007958016,0
1084354556813179776,1
1084507435386247296,1
1084527490232397056,1
1084530763666685824,0
1084594869667084416,0
1084608272805861888,0
1084609156687116800,0
1084626778376571520,1
1084697795280134144,1
1084703287872237696,1
1084715468805311104,1
1084717888686465664,0
1084725557628267136,0
1084747467604715136,0
1084796580605483776,1
1084873195097951872,0
1084891908631677696,0
1085249974638580352,0
1085263549318061952,1
1085299096059526912,0
1085388986476972416,1
1085396012406717056,1
1085404473415272832,1
1085405350690046208,0
1085417089587362304,1
1085441881945088640,1
1085493599624433536,0
1085501360250000000,0
1085539073090169856,0
1085543484071452160,1
1085607207418575488,1
1085616693287317376,1
1085619867527487488,1
1085977874774299904,0
1086075178026793216,0
1086102844360634112,0
1086130657551920640,1
1086152979170114432,1
1086181378107617024,1
1086184616018075648,1
1086199631883096832,0
1086243773623661568,0
1086251500749976576,0
1086324077025346304,0
1086357273993300480,0
1086373542411118336,1
1086390170498546560,1
1086761312291736832,1
1086772309945649792,1
1086799613575575040,0
1086805891622935552,1
1086865053753659648,1
1086901807738400768,0
1086929103165639424,0
1087094887929233280,1
1087100431166604928,1
1087444779247210240,1
1087493569311110400,1
1087544530243343872,0
1087559035653678720,1
1087604448947333120,1
1087768287706598144,1
1087794849039320704,1
1088149536745198848,0
1088192613547269376,0
1088256854287855360,1
1088415496432945024,0
1088430270914251648,1
1088450337232440704,0
1088457865454229504,0
1088539362716354560,0
1088621539280843008,1
1088835333788023808,1
1088899528118096384,0
1088904938273054208,1
1088952721546293632,1
1088970805946235008,0
1089022036606983680,1
1089037086087843456,1
1089037580797167872,1
1089043708460903296,1
1089084527390935680,0
1089097972036563328,1
1089117759590830720,0
1089123433385869824,1
1089130447895225856,1
1089176098905247616,1
1089188775245128960,1
1089565223999558400,0
1089595176427408256,1
1089626981486928768,1
1089639354568325120,1
1089677557308406784,1
1089681943770075904,1
1089699386749538176,0
1089776096181189632,0
1089776410690354688,0
1089777971880302848,1
1089805470299414912,1
1089813448792394112,0
1089873944827658112,0
1089885923129469824,0
1089903907648525312,1
1089914517239908992,1
1089953976017284480,0
1089954451954154496,1
1089987359860321664,1
1089992614990994048,0
1090293368490053504,1
1090389760905772672,0
1090450815250518400,1
1090482899266746240,1
1090554319552170240,1
1090637192245417728,0
1090649902277746304,1
1090701591780138880,0
1090806942651422976,0
1090809409236268416,0
1090810849847979008,0
1090946706611062784,0
1091074639493306752,0
1091078291213402368,0
1091086276604767232,0
1091107020793586176,0
1091123693986481920,1
1091215706431193728,1
1091295326062349184,0
1091352307701910784,1
1091757865144873984,1
1091786696222300160,0
1091809170060255744,1
1091834474405873024,0
1091860735534965888,0
1091895049745068544,1
1091908249105854080,0
1091916698144138496,1
1091916698224255488,1
1091952066322935424,0
1091978741572408448,1
1091992714832920192,0
1091993711755431680,1
1092022589418105088,1
1092128356637481856,0
1092171828522658432,1
1092522874288134016,0
1092526036484269568,0
1092536165961504128,0
1092538868987200000,0
1092545674131104384,0
1092559836091332736,1
1092568320407959296,0
1092572689677069824,0
1092576817578973056,1
1092590339355889408,1
1092595538047725312,0
1092633348334782976,0
1092669383117101824,0
1092683127142405248,1
1092695962619199104,0
1092723654013181696,1
1092727020290747392,0
1092730924559142400,1
1092754634424658048,0
1092926149972877184,0
1092935987254960640,0
1093240966400033280,0
1093352888457755648,0
1093415189303560832,0
1093419432411438848,1
1093420816441911424,1
1093471607692634240,0
1093958017322765056,0
1093987038072767616,0
1094017631552637440,0
1094151415807865600,0
1094270711550958208,0
1094323149123754112,1
1094341163922819584,1
1094364660658352896,0
1094668517408669056,0
1094707148514393856,0
1094710273232317824,1
1094713482380567552,1
1094720155618014720,0
1094752738951209216,1
1094790965652268800,0
1094797641381093120,0
1094829252492145536,1
1094879307716491008,0
1094893780227156864,1
1094895221589106816,1
1094900584569640448,1
1094909493282737536,0
1094911002097252480,0
1094926331926209792,1
1094943291960276992,1
1095031520542707712,0
1095087386893237248,1
1095122746017670016,0
1095159823063897856,1
1095225116601135488,1
1095412217046021632,0
1095438699067749504,0
1095443331253999232,0
1095450567177785856,1
1095463107235145472,0
1095520242664216960,0
1095576450113812352,1
1095611611017007488,1
1095613549867674240,1
1095617730053022720,1
1095623741070661888,0
1095693446201514240,0
1095700903174007936,1
1095731002373625600,1
1095948387924391296,0
1096119262903344512,0
1096127983982242816,0
1096134326587113600,1
1096134441938860800,1
1096165174649433856,0
1096165446689665536,1
1096197003663635456,1
1096213068087446272,0
1096237178609564800,0
1096274924329477632,0
1096306977053483776,0
1096318834998742528,1
1096332179991182080,1
1096346790776066048,0
1096346873104622720,0
1096361238518090624,1
1096393418025644672,1
1096454249610024448,0
1096838156177243904,0
1096859668944188928,0
1096887964621943552,0
1096892005878592512,1
1096906425974185216,1
1096915191748035968,0
1096971226523616000,0
1096977222653119744,1
1096980532768077184,0
1097035310484639872,0
1097064072931526144,1
1097065727624250752,1
1097075432666877696,0
1097078425890302208,1
1097079140755789824,0
1097082186771729280,1
1097199332700604928,1
1097277731730771712,0
1097499724904699008,0
1097578182659600000,1
1097632229438210560,0
1097665438926506880,0
1097718725381857536,1
1097774231561287040,0
1097784506403425536,0
1097785182552593792,1
1097788553224605824,0
1097790761558062464,0
1097823837867170048,1
1097850413556071296,1
1097930403654342528,0
1098292680625907584,0
1098339368299748224,1
1098400921091973632,1
1098466517743807744,1
1098470303839540992,1
1098533301132725248,0
1098540837738274688,1
1098569071014043520,0
1098621460002647680,1
1098630961646535040,0
1098666307477397120,1
1098838409018250624,1
1099067590969190400,1
1099076385354416384,1
1099096799199101440,0
1099120161134793344,0
1099163393090137216,0
1099212125193168640,1
1099241490449992064,0
1099263162193481216,0
1099274326311575808,1
1099282422079662592,1
1099295208955451648,0
1099342598443071872,1
1099362761853891840,0
1099499176898885248,0
1099743649849988352,0
1099816710362908800,1
1099836365207090688,0
1099888711783477760,1
1099905559425629312,0
1099918714719218048,1
1099932669240177280,0
1099962852488779136,1
1100007426006140288,1
1100063164497445888,0
1100102854228759552,0
1100356860685149696,0
1100481623748332032,1
1100534346362852480,0
1100542206330104320,1
1100549762755270016,1
1100667682553437696,1
1100711038168955776,1
1100724904867836928,1
1100824728847953280,1
1100853314060883840,1
1100925781947596160,0
1100945120917417984,1
1101153991870115712,1
1101181327174139648,0
1101251084660795264,1
1101262242953377280,1
1101268300049258752,0
1101277022571835136,0
1101283301466060416,1
1101301483218750080,1
1101302992454014592,1
1101308722250076928,1
1101395231821069952,0
1101422713062807680,0
1101447938918948352,1
1101467343445617536,0
1101502870779597184,0
1101508670458287360,0
1101578439742443904,1
1101596538808188160,0
1101891868700940032,1
1101952688896226432,0
1101982934872689920,1
1101986727655670656,0
1101990640734759040,1
1102014944268907392,0
1102024246665829376,1
1102045529488199424,0
1102080693359740160,0
1102102437982522368,1
1102142549858571136,0
1102146183659381120,0
1102165152109893504,1
1102168567467899648,1
1102172860436440576,1
1102203950429243392,0
1102214821561944576,0
1102237804039755904,1
1102250073449087232,1
1102267589918621312,1
1102311510671431168,0
1102313816498560768,0
1102334081732966912,0
1102635348279269504,0
1102773597164028672,1
1102817001479915648,1
1102829404585731584,1
1102902720959257984,0
1102911464771062272,0
1103003532239224064,0
1103358337788173440,0
1103374534948367488,0
1103422515066910336,1
1103426620603352192,1
1103438586972971776,1
1103447540621733632,0
1103490848944641024,0
1103534614661225344,1
1103537812563720320,0
1103538803312817152,1
1103570735561606400,0
1103597809485566720,0
1103601337169670528,1
1103638560517437824,0
1103649951488359680,0
1103703896713623168,0
1103805620330479360,1
1104075849654099072,1
1104239136795644672,0
1104251767563571072,1
1104252238121567616,1
1104254773264472960,0
1104263411326333568,0
1104267606611731840,0
1104291015273630976,1
1104310346220231296,0
1104310804885888896,1
1104356644898970112,1
1104372157873227008,1
1104373535596556032,0
1104442920638391936,0
1104447668671058176,0
1104509196360348800,0
1104729148926234240,0
1104879275883749248,1
1104904631126759680,1
1104906252728244480,1
1104911546096026880,1
1104924171522781824,1
1104929074688554752,0
1104939259618614144,1
1104946311844311680,1
1104960006507162624,1
1104967894637067264,0
1104969552773099392,0
1104994474157164544,1
1105033257717282560,0
1105039466325910784,0
1105155787080706816,1
1105211349713375616,1
1105506990892992640,0
1105547716954278016,0
1105568009417051520,1
1105594373425971456,1
1105609420399568384,0
1105672111202932608,1
1105705208282860288,0
1105712577291055104,0
1105752280115924480,0
1105770272304422272,0
1105792983611208960,0
1105797390758867840,1
1105819115593016320,1
1105820269616133504,1
1105875117525355520,1
1105903368763210112,1
1105930760776164608,0
1106222795722275712,1
1106255877795240704,1
1106272114203780096,0
1106292212503837056,1
1106293694377498496,0
1106305003668189440,1
1106305420408089600,0
1106321579077593216,0
1106347790246370048,1
1106386932189245312,0
1106409686623238272,0
1106439781096707584,1
1106447103382743296,1
1106453319742382976,1
1106455754765311616,0
1106467597826423296,1
1106491237773053824,0
1106493070534333952,0
1106503653639718912,1
1106509289930308480,0
1106509410562245504,0
1106509507385895936,0
1106509618377194240,0
1106549393641224576,1
1106552022012423296,0
1106552878329457792,0
1106619385784494336,1
1106624962839661824,1
1106630363779711232,1
1106654465049856896,1
1106684989222420736,1
1106920677179838080,0
1106923272841320064,0
1107022717119868800,1
1107026691355185536,0
1107046472441596544,0
1107075395952219136,1
1107085882103289088,0
1107102424686198528,1
1107114009672863104,1
1107124868953451648,0
1107147874679755392,1
1107150112610867328,1
1107157138980656640,1
1107170173226650240,0
1107265854780004352,0
1107307238883010048,1
1107317724675122176,1
1107323031009222656,0
1107336117090537216,0
1107369742955155456,0
1107399586375873408,0
1107401077744628864,1
1107453255320209152,1
1107745298190186752,1
1107749482293712384,0
1107755662575078656,0
1107763159764375936,1
1107763600234456960,0
1107790220476123008,0
1107852580872119168,0
1107880690716553216,0
1107889721757719808,0
1107927037304973056,1
1107930639544148608,0
1107941298869121152,1
1107959654747981056,0
1107960234526429952,0
1107984304710542848,0
1108017820275098496,0
1108019791542703616,0
1108086114731482368,0
1108088498269577984,0
1108415830774233344,0
1108493228566231808,1
1108509794493194240,0
1108534488096918144,0
1108541523501012736,1
1108611085335455360,0
1108628722020374400,0
1108637815547945856,1
1108658200689524224,1
1108659175422619520,1
1108659361412614144,0
1108694187794052352,1
1108885196341079552,0
1109170591674568832,1
1109178410022053888,1
1109256288482320640,1
1109298187908648320,1
1109330824110394496,1
1109360214259983104,0
1109385185382022784,1
1109401112480749568,0
1109404882251973504,0
1109422640378264832,1
1109550435091964416,1
1109563954729382272,0
1109892312930793728,1
1109895192837157376,1
1109908689462318464,1
1109908787420265856,1
1109921466945698432,0
1109923140986687360,1
1109950802573002368,0
1109962954217005184,1
1109967617325368576,0
1109975310730549248,1
1109976410424265728,1
1109978319961176960,1
1109994187420604544,1
1109995997335049472,0
1110023883854531712,0
1110037380955437440,1
1110043269300501120,0
1110048207324251648,0
1110066434760504320,0
1110084676736015360,0
1110126110857458688,0
1110146786088537216,0
1110160008496463616,1
1110214406632985344,0
1110227872030696064,0
1110291267108696448,0
1110626860657930752,1
1110635178849211264,1
1110645941688099968,0
1110663523610843520,1
1110664335451915776,1
1110674037681416704,1
1110674448240320512,0
1110760381317074688,1
1110826076013373568,1
1110845635392694144,1
1110898200186154112,0
1110939962294516608,1
1110942135732073344,0
1110956944949726976,0
1111000594241150336,1
1111328306132475520,1
1111364266585822464,1
1111367482692358528,0
1111408964107694976,1
1111417430182072448,0
1111418494849098496,0
1111421928876353152,1
1111428306208053504,1
1111428914539131776,0
1111484490244732288,1
1111499450550371328,0
1111507933105038976,0
1111508704121510400,0
1111512992938759424,1
1111515764089165312,0
1111524306138634624,0
1111524865964422144,1
1111551102128147072,0
1111566123266854144,1
1111600849336939520,0
1111605378030887424,0
1111624549140681728,0
1111669646284644352,1
1111699489468232192,1
1111711036721712384,0
1111713234281742720,0
1111720672473653760,1
1111729851412049280,0
1111770212839962112,1
1112048649655483520,0
1112063773090273024,1
1112085821800549120,0
1112093217870099840,0
1112093739886019584,1
1112113326169017600,1
1112126773702285696,1
1112183936655662976,0
1112184303591214720,0
1112211442595079168,0
1112222096335030528,1
1112228375042010752,0
1112248532817417088,0
1112292811989311616,0
1112308626283725568,0
1112327701165420160,0
1112350355610845696,0
1112368139424058496,0
1112394873034866944,0
1112401036174800896,0
1112439904621322624,0
1112656587059642112,1
1112734007945850112,0
1112778955381300480,0
1112804953727288192,0
1112844428448309888,1
1112850627538324480,0
1112895254136975104,0
1112958369842805120,0
1112965210769907968,0
1113014189448589184,0
1113024018241247232,1
1113026062297584000,0
1113056632479120128,0
1113059185754212224,0
1113124284256863744,1
1113195871374257152,1
1113432886612539776,1
1113471186600761856,1
1113523772953011712,0
1113581646480919040,1
1113689735363695616,1
1113700502905426944,1
1113708824153998848,0
1113750953571391360,0
1113752144932524160,1
1113753230352091136,0
1113761776221562240,0
1113856091713787264,1
1114294708715660672,0
1114313288823193984,1
1114360646008230400,0
1114399342963053184,1
1114462952267613184,0
1114529982634035712,0
1114545376131787776,1
1114565896773524096,0
1114581611748898432,1
1114588971118047616,1
1114637665918738560,0
1114994978881896832,1
1114996191470615552,0
1114996826345131008,0
1115003957266048512,0
1115008865246492416,0
1115014554568097408,1
1115033108986147968,0
1115039461189481216,1
1115046090512864256,1
1115047477848446208,1
1115087375460113408,1
1115101921021703168,1
1115106641791431296,1
1115111824821147136,1
1115122016569516544,1
1115129751426561536,0
1115144474654928384,0
1115198442997374848,0
1115205652283533952,1
1115216333446987520,0
1115242067338494976,0
1115276976496341120,0
1115301959747728512,0
1115388697372508928,0
1115753611793715456,1
1115771188797325568,0
1115791632926106752,1
1115823435040528896,0
1115855244147824640,0
1115859512991003136,0
1115866228874584448,0
1115873713371444864,1
1115879658203504128,0
1115881846234953984,0
1115911390811666688,1
1115934061685495552,0
1115951453047406080,1
1115956716911555456,0
1115970277575345408,1
1116028891493568896,0
1116061685592297472,1
1116406619163172096,0
1116407525786419968,0
1116450702635814400,0
1116459581183879296,0
1116530743017250048,1
1116545912489512320,0
1116555959456848896,0
1116612029158732672,1
1116612133241573888,0
1116612624623644800,0
1116612741964325632,1
1116659355484339840,0
1116666855921372800,0
1116680097481639808,1
1116685064546682240,0
1116741207302510464,0
1116744745272170880,1
1116781655805453824,0
1116790941752737664,1
1116796498174307200,1
1117149028508495872,1
1117171920867917696,1
1117204770494449408,1
1117208048418513280,1
1117212766616489984,1
1117213534321269120,0
1117232067441479808,0
1117235987811437184,1
1117243824697516032,1
1117274464027235456,0
1117314486530641280,0
1117364983375194880,0
1117380996769090432,1
1117386096072580096,1
1117423040202700032,0
1117472936647375488,1
1117490813509169536,0
1117491661848637696,1
1117537966507696768,0
1117558932716607104,1
1117809640217189248,1
1117838446424063616,1
1117887643029158144,1
1117945914120713600,1
1117950292583088512,0
1117979430129379328,1
1118011803056398592,0
1118022896097560832,1
1118026489421556096,0
1118036411680707584,0
1118054865090027648,1
1118090042474928384,0
1118094329218786560,1
1118099427037045632,0
1118192072996447232,1
1118261347001121152,1
1118306171625396736,0
1118318693089375360,1
1118538238517745536,1
1118587132320057600,0
1118647336371991296,0
1118715062244678272,0
1118743307163485952,1
1118751901685603328,1
1118766206088020480,1
1118778640905363328,0
1118797047622939520,1
1118799648962290432,1
1118800400473519360,0
1118824039183751680,1
1118825997666537856,0
1118831836654996224,1
1118861504597130240,1
1118885783676345984,0
1118953090965461248,0
1118966144353053568,0
1119130202976195712,1
1119268799902888704,1
1119285212560078720,0
1119375275997745024,1
1119393735293908864,0
1119406156503224192,1
1119424920196884736,1
1119429249341171584,1
1119457676550848000,1
1119489151244080384,0
1119493107029537152,0
1119496839958771712,0
1119501512959936128,1
1119518363060770432,0
1119519170865197440,1
1119544844908381952,0
1119549670577736064,1
1119550902131544704,1
1119564015462470272,0
1119564021663846528,0
1119588089376504960,0
1119590826194557440,0
1119623775850438272,0
1119629382996529792,1
1119659417042951296,1
1119717150944338432,0
1119737809122676736,1
1120047901032260096,1
1120068737589074432,0
1120102019389896064,0
1120113934675887488,1
1120121718482648832,0
1120255356039904896,0
1120280848516799104,0
1120285378190573056,0
1120289123767528704,0
1120304127531751680,1
1120308047686543360,0
1120312476173340672,1
1120364895439596160,1
1120404755714520448,1
1120424044726128128,1
1120766755343950592,0
1120784193639659264,1
1120791236999337088,1
1120804979662396672,1
1120810464531769600,1
1120840542419212672,1
1120856168691129728,0
1120866527131703552,1
1120885987485369728,1
1120904799441166720,1
1120965009383022976,0
1120987468238445312,1
1120988384248925440,0
1120989495042582144,0
1120995595491082624,1
1121019550584338560,0
1121024693112840064,1
1121024697362237056,0
1121045567750858368,0
1121055533055443840,0
1121093919003655808,1
1121214004737806208,0
1121397790436761728,0
1121524355962447872,1
1121537063261649408,1
1121609135897327616,1
1121661429681642112,0
1121662833000520960,0
1121672800665983232,0
1121676351876740736,1
1121680946712461184,1
1121684245833130880,0
1121694610597821184,1
1121694918342932480,1
1121702724093956736,0
1121716075685679104,0
1121740786286496768,1
1121764537952816128,0
1121776238613985408,0
1121839101778741120,1
1121877508853503488,0
1121917329128666752,1
1121946818481314048,1
1121951062032675712,0
1122158152763604096,0
1122204272218743168,0
1122254494457994496,1
1122260332450223616,1
1122281580614411136,1
1122288502337917824,1
1122294011131456896,1
1122350041431067264,0
1122393405653402624,0
1122402092595835776,0
1122426709311561600,0
1122463814564016896,0
1122467290425466496,1
1122499681883310720,1
1122513926035149312,1
1122517528079728768,0
1122526672354479232,1
1122652931625058688,0
1122923505541704960,1
1122930520722963968,1
1122982729632476416,0
1122996660213664000,1
1123000694331620352,0
1123040613773494784,1
1123135349219552256,0
1123160296885936000,0
1123176487693549824,1
1123192504746977408,1
1123195463835420928,1
1123201056011263616,1
1123213815683112576,0
1123302306721632768,0
1123580285480781184,1
1123678762840353792,1
1123697782522591232,1
1123810956191518848,0
1123822059420911872,1
1123828404824022272,1
1123847472625596672,1
1123967932399225344,1
1123974049483284352,1
1123993528199451776,1
1124048000559799296,1
1124382390417591296,0
1124385310966299520,1
1124436063478601600,1
1124466928042681856,0
1124639568886508160,1
1124704073475475968,1
1124767309553683584,1
1124929646442129024,1
1125064508653727360,1
1125136323414276480,0
1125277444663332736,0
1125388965605036928,0
1125438508462187264,0
1125455920155536128,0
1125488099897308800,1
1125530105964953472,0
1125758339556028928,0
1125793223929212160,0
1125850589216221184,1
1125875366669545600,1
1125927717371117312,1
1125931974044603520,1
1125946960928180224,1
1125989247555015424,0
1125993099052319744,1
1126006639899926272,0
1126007506158494336,0
1126019428824447744,1
1126024104930747648,0
1126028439763368960,1
1126039974345253760,1
1126052882859672704,0
1126061007692975872,1
1126148274574676736,1
1126187941842416000,0
1126202027220633856,0
1126332060349296128,0
1126529225918012672,0
1126530218158740864,0
1126558520114595712,1
1126560528190959872,1
1126601402616335744,0
1126602258773286912,1
1126621958509188480,1
1126657956233136384,0
1126673635806676096,1
1126692806167490944,0
1126699883053530368,0
1126707430256825472,1
1126707547660546816,1
1126719439917023488,0
1126860421437446656,0
1127161506823683968,1
1127259584873627392,0
1127275230029693312,1
1127352596148518656,1
1127355029325457408,1
1127390385255755392,1
1127416855434816512,1
1127449857948190848,0
1127520698780634880,1
1127555500522630656,0
1127557648867504512,1
1127599879911437696,1
1127603536947986560,1
1127965315494074496,1
1127981554833138048,0
1127982277783326720,0
1127997594788698240,0
1128002757514568320,1
1128033328943856384,1
1128035811372494592,1
1128068118514359296,0
1128073696395795968,1
1128077573169481216,0
1128106470021022848,0
1128129757601272576,1
1128158542281030272,1
1128167430104188544,0
1128175205535998976,1
1128224031006743168,1
1128235397348597376,0
1128240340470561408,1
1128243940152605056,0
1128272313860752512,0
1128398696438139776,0
1128783420886518912,0
1128870310420729600,1
1128919283897436032,0
1128931367350386432,1
1128940220267323264,0
1129063257422112000,0
1129124761928239872,0
1129144819118816640,1
1129470699664781184,0
1129494349867934848,1
1129559410275001856,1
1129578567012956544,1
1129595655375473408,0
1129597835581219840,1
1129604271470149248,1
1129605498679859584,1
1129669606828818048,0
1129699617767016448,1
1129716927114233088,1
1129789442511086464,0
1129986969242170752,1
1130013108232556928,0
1130171766204966272,0
1130201465720292608,1
1130212887267160704,0
1130215120958931968,1
1130216858136817664,0
1130230527437819264,1
1130284158062877696,0
1130344998240272896,0
1130364446978940160,1
1130368338086704128,0
1130398242156200320,0
1130403587222303232,1
1130411682257699968,0
1130431478306894592,1
1130464174448907008,0
1130555937595333888,1
1130828928344488448,1
1130855685204459008,1
1130910954285362432,1
1130922398671579136,0
1130977593280889984,0
1131039225817318272,1
1131042494899369088,1
1131099443106062464,0
1131135157049668736,0
1131146334868496000,0
1131168659070853120,0
1131175150777998208,0
1131195231816352128,0
1131207827689229440,1
1131252931795822592,1
1131546848826255616,1
1131613613174079104,1
1131618278442201216,1
1131624661286105216,0
1131631833881298432,1
1131636115599749248,0
1131642265985234560,0
1131653522054713728,1
1131668393563212416,0
1131668604205573376,1
1131697767042405888,1
1131729928254934912,0
1131748697212981632,0
1131806557974798208,1
1131811805190150144,1
1131818621376993024,1
1131827105530584320,1
1131828779292947584,1
1131831287907035136,0
1131879978185464320,0
1131885908390196864,0
1131887542967593728,1
1131967603225129088,0
1131977568884078080,1
1131983555414837504,0
1131994395779610752,0
1132039608512182784,0
1132341071526148480,1
1132363707531524736,1
1132385135962231808,1
1132387908783382016,1
1132436381186563968,1
1132438762210391424,0
1132501697340009856,0
1132555539810359168,0
1132596698369645312,1
1132610930203457792,0
1132620142306848384,0
1132624541541652224,1
1132652198044048896,0
1132659083832207872,0
1132727636525708672,0
1133039458084741248,0
1133044674913593088,1
1133054204386686848,0
1133069481854155392,0
1133273775706696448,0
1133287881712305280,1
1133339119929410176,1
1133355220307806848,0
1133504132850351232,0
1133555139876877312,0
1133803706634697856,0
1133863205001385856,0
1133866568186679040,0
1134008514862468736,1
1134022141294069632,0
1134028394400544256,0
1134068932599712896,0
1134073218807189888,1
1134098509079425024,1
1134144806609795840,0
1134497772043501184,1
1134518209877469952,1
1134585614741969280,0
1134670644333591168,1
1134689140323570688,1
1134753470928163456,0
1134762459531546496,1
1134865377568917888,0
1134912848614045440,0
1135165163006010752,1
1135295404777515776,1
1135326391781166464,0
1135328195947649152,0
1135369505410879488,0
1135383013521357056,0
1135416206602227328,0
1135452331380347520,1
1135476001680978816,0
1135480067367026944,0
1135484530289176832,1
1135486126073092992,1
1135488425750872320,1
1135515777456872192,1
1135539785130702720,1
1135559136245256832,0
1135591409809212032,1
1135624153030384768,1
1135961355249402368,0
1135962491506756480,0
1135971591689543680,1
1135988116481785728,1
1136004006782500224,1
1136019346498878080,1
1136028543367583232,1
1136065713100760576,1
1136080249715058560,0
1136081786255997568,0
1136085038145309824,0
1136087745421732864,1
1136102094760884224,0
1136105967732452864,0
1136125097972459264,0
1136137040862875776,0
1136143952690568832,0
1136174821175823360,0
1136202926714477184,0
1136207026505309056,1
1136300730245386880,0
1136343333895843968,0
1136376887149461376,1
1136378689279628416,0
1136683314925324672,1
1136686130105916544,1
1136710465011627776,1
1136734957657624192,0
1136745905179040896,0
1136747147493265920,1
1136757470328854144,0
1136771645289809280,1
1136825038483953152,0
1136837938327888384,1
1136878610049055104,0
1136897769311696128,0
1136923876962043136,0
1136941465983805312,0
1136968886536433792,1
1136975875960640000,1
1136994423698442112,0
1137083176403506304,0
1137373627776432000,0
1137391274275210112,0
1137413759787476096,0
1137425641057736576,0
1137451121796393728,0
1137482772823430016,0
1137496832346102144,0
1137503229334129408,0
1137530693840490240,1
1137536544421082624,0
1137544205611740800,1
1137549188556102272,1
1137550491176868736,0
1137565455309010432,1
1137568436563159808,1
1137584384062760064,1
1137609058375252736,1
1137621275611528192,0
1137639274678065920,1
1137642245937542016,1
1137654828920082816,1
1137678947781185024,1
1137687966071099392,1
1137689376513347072,0
1137715382292822912,1
1137723835427023104,0
1137739170424888576,0
1137746323507975552,1
1137826497199371136,0
1138091672286116864,1
1138128150678240128,1
1138136731020340864,1
1138142869378417152,0
1138163164579862912,0
1138175080358495232,1
1138177125607170304,0
1138195375652999680,0
1138204917088916352,0
1138217405917192704,0
1138224764395473664,0
1138260240001145728,0
1138289730862464896,0
1138292356689155712,0
1138332534511332864,1
1138378262890047872,0
1138448857131799296,1
1138520044097436032,1
1138588790882281728,0
1138596526344170752,0
1138908840636155520,1
1138920947194783104,1
1138941387495022080,1
1138954556376735488,1
1138978829582219392,1
1139047209358995200,0
1139105199191858688,1
1139146579737354496,1
1139190502624394240,1
1139655334779007488,1
1139741919326494592,0
1139751017257920896,0
1139761198295022720,0
1139763731903450624,1
1139834649198385408,0
1139834834873772928,0
1139853909231906048,1
1139869998555391872,1
1139889266182311424,0
1139889806439400064,0
1139900730373786112,0
1139920491892566400,1
1139926866521986176,1
1139955797693451776,1
1140019708135347072,0
1140232282818225280,1
1140296838452951296,1
1140323857815955840,1
1140327864876241664,0
1140337014851477888,1
1140340945661633152,1
1140347527800395136,0
1140352787976735360,1
1140400637185671552,1
1140416815998998144,0
1140423424234399616,0
1140432312500422784,0
1140445998900298112,1
1140483446601896832,0
1140502891421209856,1
1140517105312222464,1
1140518057288394112,1
1140529726213180800,1
1140554560290519296,0
1140576525457242496,1
1140686902695805696,0
1140955317954208000,1
1140958604221270016,1
1141019586641812224,0
1141074644148870528,0
1141159458284338432,1
1141161254764019072,0
1141193853798697088,0
1141198839829215360,0
1141220581269959552,1
1141238776451272960,1
1141265294027794176,0
1141270355919904000,0
1141276060653149568,0
1141276786918964864,1
1141283539460104576,1
1141299918992426752,1
1141315979482000256,1
1141367124946296192,1
1141371838827068928,0
1141421393064215424,0
1141423887895493120,1
1141430095558996096,0
1141746344497443712,0
1141750659780890368,0
1141763904002121216,1
1141766771819619968,1
1141783644135512576,1
1141788786039916032,1
1141796197160136960,1
1141830827531976064,1
1141852808738308480,0
1141872792693825024,1
1141884838135610880,1
1141892892991054208,1
1141920067917862144,1
1141925821116669440,1
1141931697860233600,1
1141942770994542720,1
1141982413609577088,0
1141999412499310464,0
1142001234350539520,0
1142136969687743488,0
1142140507627189376,0
1142146442528513792,1
1142526790621897600,1
1142540109301792256,1
1142547992016168704,1
1142548413726028288,1
1142551308111416320,1
1142634920938754944,0
1142675975889842304,0
1142679021213672832,1
1142704473914069760,0
1142707472007851520,0
1142732805971882880,0
1142752463315627904,0
1142808381608246272,0
1142838449463972096,1
1142923938437261184,0
1143028347351807744,1
1143031944328363264,1
1143040219738752640,1
1143058297333816320,1
1143212625674963072,0
1143262117938854144,0
1143269258712185984,0
1143379094173256192,1
1143419381660384384,0
1143455718680147328,1
1143465362001967616,1
1143491387125358080,0
1143561601856606976,0
1143610096024709248,1
1143613586455925120,1
1143639626709352192,0
1144087655835421824,1
1144107136469288704,0
1144154568190066432,1
1144170037408037120,1
1144339518437086848,1
1144514418076560768,1
1144598050791889152,0
1144719658591694336,1
1144751663097509376,0
1144829886138993152,1
1144840046911782400,0
1144847089645659136,0
1144930293872896384,1
1144935396218506752,0
1145005966141826688,0
1145020309254514688,1
1145088661419017472,0
1145109934475681024,0
1145371533115173888,1
1145372446954362112,0
1145427705055895168,1
1145436765147515648,1
1145454353469031040,1
1145473192548196480,1
1145478427334747008,1
1145479264772273024,1
1145515308918087808,0
1145521462493111680,1
1145542293594312320,1
1145569191039950976,0
1145590881861952000,0
1145608950812400512,1
1145611286044830720,1
1145649209354004224,1
1146033680929529728,0
1146077822884640640,0
1146079886961545856,1
1146087805757604352,0
1146163620863672448,1
1146174524232746112,0
1146193821792460288,1
1146201890128539648,1
1146219217151189632,1
1146321857289731200,0
1146340674999451136,0
1146364017188543360,1
1146418715481231232,0
1146419110566925312,1
1146427160245251072,1
1146452086750375296,0
1146459156430918016,1
1146865899469283968,1
1146887680540301568,1
1146892995602196096,0
1146896217635606272,1
1146898796837266560,1
1146969182997006720,1
1146974501472780032,0
1146977317280444928,0
1146984553111830912,1
1147008947405644416,1
1147038761119727232,0
1147067199900649472,0
1147080711702052352,1
1147092738512660224,1
1147144742201566976,0
1147147104319023616,0
1147162873948660096,0
1147192886596949376,0
1147200729662735232,0
1147253423615272832,0
1147333289301936256,1
1147537198642393216,1
1147538221239880064,0
1147546268163456128,0
1147574332435308672,1
1147600520009244544,1
1147601610543580032,1
1147625121111853440,1
1147679020973558784,0
1147698642733604608,1
1147718206079081600,1
1147719143573685632,0
1147744646872324352,0
1147777252121383040,0
1147781118331143424,1
1147874407007516672,1
1147942997034415104,0
1147992391206870016,0
1148040147415159296,0
1148136175635550464,1
1148275867135386752,1
1148370867625669632,0
1148383772921488640,0
1148396720503893632,1
1148406703838510976,1
1148457556706100480,0
1148489695492267904,0
1148490492739423360,0
1148548367845883264,0
1148578462519476608,1
1148657820338154112,1
1148674522894574976,1
1149023176708086400,0
1149034687263310592,1
1149051700574478080,0
1149078043931842688,0
1149082228601418624,0
1149133440228615808,0
1149165172206819968,1
1149172696500695936,1
1149174160397762688,1
1149266744466244992,1
1149299331979364736,1
1149343386124557696,0
1149351087946297216,0
1149722811899247232,0
1149772548428172288,1
1149784123305022336,0
1149794809424390272,1
1149834776546790016,1
1149843411552748288,1
1149873219462548992,1
1149893762290904960,1
1149921141438646272,1
1149921664271919104,0
1149970253706949376,1
1149981580853672448,0
1150056216087052672,0
1150079054188357248,1
1150094529352224000,1
1150098008183102208,0
1150124340145847424,1
1150134345934530176,1
1150491879607555072,0
1150497576044175360,0
1150500131977479552,1
1150508955083418752,1
1150511525657613184,0
1150549143830088576,1
1150559609670364160,0
1150570762525044224,1
1150571264994904832,1
1150587752027463680,0
1150631187024921216,0
1150641149720131328,0
1150668316352949888,1
1150677919726813440,0
1150699152994356224,0
1150715832101122304,0
1150716406754631040,1
1150718873513261696,0
1150719743868939136,1
1150733650295994752,1
1150734495737757952,0
1150748789244117632,1
1150768969075033216,0
1150781554746489344,0
1150789295149527680,0
1150803915787064320,0
1150871841376089600,0
1150978873718520576,0
1151161269364427264,1
1151179100930451328,0
1151179179319752960,0
1151179608494807168,0
1151179712302207232,0
1151179717049725056,0
1151179767375557760,0
1151191323238015360,0
1151224344666065408,0
1151240050898611968,0
1151241474602097792,0
1151242721589592448,0
1151245908936050304,0
1151318785246006528,0
1151349925370085888,0
1151362328301568896,0
1151407732567920768,1
1151423464524151808,0
1151428062058148736,1
1151438098055200256,1
1151444233422314496,0
1151446058181499264,0
1151455854386948736,1
1151539743947453312,1
1151548466598284672,0
1151593209444474368,0
1151924166254210176,1
1151924458651667456,1
1151939443174253312,1
1151962553888706176,0
1151966967774006528,0
1151973439139962752,1
1151985522425613568,0
1151986186998259968,1
1152008676763992704,1
1152063722616976256,1
1152139924976103808,0
1152153840892098176,1
1152160974646679936,0
1152210064633946752,1
1152315050027840000,1
1152315196835115008,1
1152344163047963136,1
1152582417159010048,1
1152634743008996992,1
1152689910906045184,0
1152694310333157632,1
1152695862913340800,0
1152705360826776960,1
1152717070066097152,1
1152730062220224128,0
1152732973381612288,0
1152740827368676736,0
1152792689873937920,0
1152856155406466304,0
1152861391976867072,1
1152891890243940736,0
1152902497311127424,1
1152930768381157376,0
1152931436257526528,1
1152960752566094080,1
1152962492535042048,1
1152965639933541376,1
1153044334936676608,0
1153323416122376960,1
1153376855811975424,0
1153381419075681024,1
1153383093624103680,1
1153403101963704064,0
1153527584936882176,0
1153530026740833792,1
1153530483548009216,0
1153531579478150912,0
1153531934331366144,1
1153532414856131072,1
1153539095225520384,0
1153567189810900224,0
1153567242600833792,0
1153570544552320256,0
1153604143363090688,1
1153611332901720064,0
1153615951788412160,1
1153651639260372736,0
1153658485917086208,1
1153702013472451840,1
1154030965335461888,0
1154226611683363584,0
1154238582540952832,1
1154308301969956864,0
1154329879704929536,0
1154358928122072576,0
1154400414773280256,0
1154409105746841088,1
1154409816689077248,0
1154419223107348736,1
1154437497795854336,0
1154897519354248448,0
1155013729472403968,1
1155017713016484608,1
1155019219942729728,1
1155030076398871808,0
1155040772253377024,0
1155082091623505408,1
1155089366816304640,0
1155151090018336768,0
1155180790761674240,1
1155261185236697600,1
1155475535718961408,0
1155535824323663360,1
1155568265100106496,0
1155613578794906368,0
1155626810945357824,1
1155631057751238400,1
1155647449857016064,1
1155655690540420608,1
1155670503138860544,1
1155683144696836864,1
1155690341665150464,1
1155708297130660096,1
1155744722473773568,1
1155752671412018176,0
1155764694148646912,0
1155778538981340160,0
1155787861346378240,1
1155799611900919552,0
1155849419545064704,0
1155914494116229632,0
1155938238089118720,1
1156209002897506048,1
1156260736854328320,1
1156294538357165056,0
1156301264699229184,0
1156342807572458496,0
1156392662808568320,1
1156395106607424000,1
1156404105647402240,0
1156439299883686912,1
1156452644499195904,1
1156474629917183488,0
1156534899303521024,0
1156553160241736960,0
1156610151661116160,0
1156619681432190208,0
1156715598573081344,1
1156987472907738112,0
1157000350727616256,0
1157008228148422144,0
1157028454050070016,1
1157044917126780160,0
1157061837656464640,0
1157072987831767552,1
1157105674965823744,1
1157112526310171648,0
1157139352778921216,0
1157144611109293056,1
1157184654699491584,1
1157186331580828672,0
1157197578825955328,0
1157203151564143360,1
1157243137834899456,1
1157320690263320832,0
1157369450224144384,0
1157389117058698240,0
1157390512484653056,0
1157677460613586688,1
1157703660720978688,1
1157704889979853312,1
1157710138617968384,0
1157719343601860864,0
1157765678775411968,1
1157831569780318208,0
1157855480027534848,0
1157856414343282944,1
1157856783069864960,1
1157863816197537536,0
1157870612523492352,1
1157881941772207360,1
1157899187777419264,0
1157901438825213184,1
1157904236047489024,1
1157945480179895296,1
1157965184376093696,1
1158001501855120384,1
1158026253196797440,0
1158054927074777344,0
1158421313091492864,1
1158450500544022784,0
1158509770708020992,1
1158514136677324288,1
1158591142239290624,0
1158776142121500672,1
1158853371988249344,0
1158874288062958592,1
1159172121648503808,0
1159213834023215104,0
1159226439160752384,0
1159242227576815104,1
1159276556928483584,0
1159302738407778816,0
1159306102801571840,0
1159349524195499776,1
1159362491426699520,1
1159365425635342592,1
1159370224873104640,0
1159900680436248832,1
1159967332181707776,1
1160002985985088000,0
1160051769705208832,0
1160066554232661760,0
1160112768896017152,1
1160140856525568000,1
1160144965266969600,0
1160170893189032960,1
1160196056494393856,1
1160206481918066176,0
1160245276088916480,1
1160257634152561920,0
1160474468727777792,0
1160592929217563904,0
1160611412805118720,1
1160631625946856192,1
1160649737187202304,0
1160682267164563712,1
1160735012903543296,1
1160742716177884416,1
1160785753223891712,1
1160800229193225728,1
1160800934550695168,1
1160811157772960256,0
1160818482295246848,0
1160864907642136320,0
1160966915453022208,0
1160972574787701760,0
1161089967338439936,0
1161129095619101184,1
1161348656437096192,0
1161361300664995328,1
1161495285273668096,1
1161530132593806848,0
1161563603861147136,0
1161615531280442368,1
1161631908134145536,0
1161676003756176384,0
1161691396728944128,0
1161698202477505536,0
1161714464144809984,1
1161714926163433216,0
1161723770958934784,0
1161734691327737856,1
1162078204032677632,1
1162179007583798528,0
1162202236339761152,0
1162232831443784448,1
1162270508842135552,1
1162282095781399552,0
1162289929980247808,1
1162335762610791680,0
1162348280269018112,1
1162365245592467456,1
1162504518612765184,1
1162719888113142528,0
1162778510493560064,0
1162782577927512576,1
1162792586972718336,0
1162827233717613312,0
1162829232376711680,0
1162843831102284288,1
1162848794101202432,1
1162852151577792000,0
1162880847469717760,1
1162892156256056832,1
1162892657454666752,0
1162899766270387712,1
1162926961681628416,0
1162929335318244864,0
1162944084655369728,1
1162967095882437888,1
1162969878087562240,0
1162975629723693312,1
1163013360596079360,0
1163049978542552576,0
1163064565725994496,0
1163184096551836928,0
1163478953545175808,1
1163479007253635584,0
1163485014524045824,0
1163561035307990272,1
1163578944565944832,0
1163601602476791552,1
1163601656193044224,1
1163614274237289728,0
1163621083401063936,1
1163628259159132416,0
1163640936120300032,0
1163675215070317312,0
1163703616576303872,0
1163709834401265664,1
1163718587935792896,1
1163737001467025664,0
1163751566101985536,0
1163801071736581376,0
1163852602793240064,0
1163905845929761024,0
1163929671360251392,0
1164199734829456384,0
1164210277789420288,0
1164220405468008960,1
1164276275502790400,0
1164298279214040320,1
1164302374360472832,0
1164315388971251712,0
1164322190523123968,0
1164414104972824832,1
1164456667113940224,1
1164552090952167680,0
1164668663608805888,1
1164952411452637952,0
1164968644972600320,1
1165058268751974400,1
1165125169840722432,0
1165176830297161472,0
1165178184525090048,0
1165178386796229888,0
1165227214309071360,0
1165247881092322560,1
1165251566829819648,0
1165252572723043072,0
1165334649413769984,1
1165393120695837440,1
1165403883943009536,0
1165585508831257088,1
1165653128135128576,0
1165683541606033152,1
1165691685836131584,0
1165714803691212800,1
1165731517492467712,0
1165764801897140992,0
1165831269269342720,0
1165835793772580096,0
1165842768178155008,0
1165871340962144256,1
1165907170312633344,1
1165930805115262208,1
1165968005062249216,1
1165969499939637760,0
1165986138619454976,0
1166012542419431936,0
1166056738724434432,1
1166301398196250624,1
1166323025958122240,0
1166389301732503552,0
1166426381522844160,0
1166432814039488256,0
1166444279606960896,1
1166478152946414080,0
1166490991154385920,1
1166543686502896640,1
1166556537514004224,0
1166561248956524288,1
1166628598466474240,0
1166663567935803648,1
1166685682459964160,1
1166694112918062592,1
1166698307511954432,1
1166735187989667840,1
1166740421276004608,1
1166758827517182464,0
1166788140143134464,1
1166793536218831360,1
1166834244795962624,0
1166856758034805248,1
1167077196956336384,0
1167112531507029248,1
1167141264123780096,0
1167146272147089920,0
1167152766314351360,1
1167199443214878976,1
1167205130351049472,0
1167250103185888256,1
1167252834447338240,0
1167259353502693120,0
1167277763401356032,0
1167297851092593920,1
1167314661433166080,0
1167376487205828864,1
1167394490242186752,1
1167456420647971584,0
1167477378362664192,0
1167525335128978176,0
1167539778696209920,1
1167549352941934080,1
1167818376415976192,1
1167823099279563520,0
1167836187980597248,1
1167876711706551296,1
1167893235991415552,1
1167925141568466944,0
1167927617541209344,0
1167934915283351296,0
1167942246452683520,0
1167946805033224192,0
1167962163007430144,1
1167991029846438144,1
1168005989883537920,0
1168007299516990976,0
1168059866393475584,1
1168066351198388736,0
1168082591957271552,0
1168088664455502848,0
1168094939212812544,1
1168095379179972864,0
1168111569220798464,1
1168117572555239680,0
1168150959091118336,0
1168231687694542848,0
1168245078692342528,0
1168267904391411456,0
1168531090716345344,0
1168559679010366464,1
1168580648632199680,0
1168582476025840128,1
1168599083517202432,1
1168605085816858112,1
1168650579907968768,1
1168668272388908288,1
1168674506334616832,1
1168691080411519488,1
1168737464043965952,0
1168738244125216256,1
1168768708755860992,0
1168772321289335040,1
1168789922436923392,1
1168792620050712832,0
1168793242297110016,0
1168795385000526848,1
1168817563289355776,0
1168865709123470592,0
1168929685876416512,0
1168944648884115712,0
1169341548242051328,1
1169430404220159488,1
1169451436670001920,0
1169508335340371968,0
1169554019961297152,0
1169559708307214336,0
1169580034869144832,0
1169697163608271360,1
1170135643723395072,1
1170185270894836224,1
1170193831351029760,0
1170263432977551104,0
1170276453675193344,1
1170284076426895104,0
1170287290087327744,1
1170300615869470720,1
1170323052925387520,0
1170337326693733888,0
1170339814974889472,0
1170358944197250816,0
1170367038440850432,1
1170392221998350336,1
1170400346128980992,1
1170432404307789568,0
1170498103349575168,1
1170782740523096320,0
1170825774052343808,1
1170848741569386240,0
1170916452714364416,1
1170962571409107712,0
1170971498957310976,1
1170976669840650752,0
1171125040499408896,0
1171134376912615168,0
1171174976120927744,0
1171497635161880064,0
1171505658316643584,1
1171546669723445248,1
1171549840656046848,1
1171601265219349248,1
1171638476711833088,0
1171658797524093440,1
1171694862225832192,0
1171764590492858880,0
1171862102435606528,0
1172239984410907648,1
1172243547634817792,1
1172253880008245248,0
1172269457606290432,1
1172290513743490560,0
1172367870184086528,1
1172381240469928704,1
1172382797764863744,0
1172400751231950592,1
1172430715233157888,1
1172439715503517440,0
1172442443938070784,1
1172478975304915456,0
1172551959829198336,0
1172582761111847680,0
1172874631178820352,0
1172995205106438656,0
1172999566774745344,0
1173015967584910336,1
1173033874284360704,0
1173046933292250112,0
1173077348460681984,0
1173103264704676864,1
1173104678473553920,1
1173149180402600704,1
1173188177545255936,1
1173206218781016832,1
1173230391795178496,0
1173239466108768000,0
1173291656665945088,0
1173299065802487808,0
1173328085071080960,0
1173568167907851520,0
1173602158581831168,0
1173665848871177472,0
1173671863853798912,0
1173695008520472576,0
1173721620426645504,0
1173821931517871872,0
1173839031578131968,0
1173843856389565184,0
1174098518725048576,1
1174273986757146624,0
1174384140753576448,0
1174403586478780160,0
1174444008277490176,1
1174445941490583296,0
1174454548582742272,0
1174515964333265664,0
1174516292712608256,1
1174550079654897408,0
1174569190383723008,1
1174581123885915136,0
1174595949096053760,0
1174601401287129344,1
1174661967357142784,0
1174662686196928768,0
1175045635954837760,0
1175101503064221696,0
1175143091000389376,0
1175155124808587520,1
1175197594883283968,0
1175231015013176064,0
1175317908404817408,0
1175407010764236288,1
1175477401857388032,1
1175510849370696448,0
1175805453124672000,1
1175848701849892608,1
1175859567558459392,1
1175889128321243136,1
1175899675168454912,0
1175915422318662656,0
1175921051933796608,1
1175959306447829504,0
1175994768385454080,1
1175999674174580992,0
1176038983952111616,0
1176047689477064192,1
1176047990555477760,0
1176058460371934720,0
1176060007298139904,0
1176068064821483264,1
1176071341081967872,0
1176106468544406272,1
1176127311455661824,0
1176131865666323200,0
1176173340321226752,0
1176182174109653504,0
1176185281870466816,0
1176188803112260352,1
1176198628801753344,1
1176235098261038336,1
1176235504818770944,1
1176245422178519552,0
1176325999241936896,0
1176566344742423808,0
1176575812088268288,0
1176587518142238976,0
1176610144960991232,0
1176642232201339904,0
1176658728091689728,1
1176720153263505152,0
1176721549993556224,0
1176727154203536384,1
1176759572996326912,1
1176783480822686720,0
1176794328504716800,1
1176804109685543168,0
1176812979332648704,1
1176848884006629888,1
1176867952255483136,0
1176909825782383104,0
1176919133611927808,0
1176961243567816192,0
1176978532659214848,0
1176989966808396800,1
1177201342778292736,1
1177267884916407808,0
1177275653445137408,1
1177298502212313856,0
1177304598927421696,0
1177331438070934016,0
1177346998477801472,0
1177391380706878464,0
1177401363133214208,0
1177450985580047104,0
1177456873762933248,0
1177461037528818688,0
1177476263044630784,0
1177479148259265280,0
1177480617710257408,0
1177516012634990848,0
1177518535570959104,0
1177573428416904448,0
1177587490534681088,1
1177627948781890048,0
1177640456179908352,0
1178016535534928128,1
1178017477436083200,0
1178041387865133824,0
1178082909020209664,1
1178142763839214336,0
1178222817848306944,1
1178231184097880064,0
1178241933628166912,1
1178404104289268736,0
1178715145385747456,0
1178844683571679744,1
1178900710743157504,0
1178904691222718976,1
1178945915759676160,0
1178958058293682944,0
1178975131127825920,1
1178975303043485952,0
1178995608131245824,0
1179002211011188992,0
1179004432877116160,0
1179065212534983168,1
1179105468770811136,0
1179401793169508608,0
1179423569563738624,0
1179444328503997696,0
1179454022094189824,1
1179498201387260416,0
1179552183856889344,1
1179741158248787200,1
1179823571782273024,0
1180179432427213056,0
1180186701178948352,0
1180189312593348352,1
1180194830997326080,0
1180220684703372800,0
1180255126250913792,1
1180312406273644032,0
1180347632011473664,0
1180403985772612864,0
1180502902807768320,0
1180529226308943360,0
1180541397017507072,0
1180563342554361856,1
1180855161639337472,0
1180947957887542528,0
1180956412421769216,0
1180961786303603712,0
1180965061879290624,0
1180991519539753984,0
1181104138774942464,1
1181104421426516736,1
1181107468096360704,0
1181125759523861248,1
1181126548314167040,0
1181128978615241472,1
1181157548661008896,1
1181201085294053376,1
1181221969727122688,0
1181230094871986432,0
1181271597233026816,1
1181296914894852096,0
1181332379323960832,0
1181622804782240000,0
1181665707857661952,0
1181676374149718528,0
1181682213983582976,0
1181695032957877504,0
1181714499695634944,0
1181731081242154240,1
1181749864238033408,0
1181785444139251200,0
1181822341951512064,1
1181846041105415936,1
1181851883238809344,0
1181934013184797696,0
1181936838311815168,0
1181989945880628736,0
1182310185072437504,0
1182311882221209856,0
1182378402167054336,0
1182379876526934784,0
1182383334725270784,0
1182412252710587904,0
1182415806022774528,0
1182433129801185536,1
1182440884928628480,0
1182549312333037824,0
1182611746159579904,0
1182627676709229824,0
1182670725297570560,1
1182692469874638592,1
1182726748518135552,1
1183104817900228352,1
1183132520590461184,1
1183135238532703488,0
1183229792681299456,0
1183233289077927168,0
1183239998690922496,1
1183269986581323008,0
1183271898378746880,0
1183275695960441344,1
1183285415272028160,1
1183286501578144256,0
1183329806646535168,0
1183337987777691392,0
1183352472089399552,0
1183364945013610240,1
1183491391515841280,0
1183499964672946688,0
1183801138269681152,0
1183837289416464896,0
1183861718517042944,1
1183864855980902656,0
1183872214379386112,0
1183897112629986560,1
1183926122803688448,0
1183975998481085952,1
1183976318384180992,1
1183976343711824384,1
1183976458868846848,1
1183995334313790464,1
1183997641039375360,0
1184010795117721344,1
1184032513201161728,0
1184045201050828544,0
1184049839082557440,0
1184103300368960000,0
1184127334284809216,0
1184222347949148160,0
1184519037718956288,0
1184549963027930112,0
1184615628197724672,0
1184715027668980224,0
1184723695724480512,0
1184775813691763968,0
1184794843164683776,1
1184824469372194560,1
1184992942825125120,0
1185229178593387776,0
1185246323603825920,0
1185285104474969344,0
1185289905029848832,1
1185303473711545088,1
1185305047211406080,1
1185327817056391680,0
1185333822843996160,1
1185335675718123264,1
1185350766804835584,0
1185351100307526656,0
1185383211402437888,0
1185409328448959232,0
1185498749982318592,0
1185532516421727744,0
1185573151821549056,0
1185605503079391744,0
1185620041086790400,0
1185622425256069632,1
1185956333733234176,0
1185968231990169088,1
1185984785374068736,1
1185990842249331712,1
1185992198425557504,0
1186005101216770816,1
1186045706452720640,1
1186049637947411200,1
1186116415202231296,1
1186153473037172992,0
1186159248681889024,1
1186175065013683712,1
1186182761020787456,1
1186185511165160448,1
1186196125750659328,0
1186204444550318848,0
1186209746852423168,0
1186226624627532544,0
1186267706679886080,0
1186288686385081344,1
1186324209963580928,0
1186654622101731584,0
1186740962712892160,1
1186759092013557504,0
1186776587725730304,0
1186780414529536768,1
1186789248918189312,0
1186862032633041664,1
1186869814004667392,0
1186909513502598656,1
1186911885075246336,0
1186920270232450304,0
1186930372731458560,1
1186946548686701056,1
1187015284566412288,0
1187085017672029440,1
1187087990353085184,0
1187114198653573632,0
1187182875928002816,0
1187375847674536192,0
1187454729852165888,1
1187459639420010752,1
1187472079394231808,0
1187526311598080512,0
1187548642368202752,1
1187571033588627712,1
1187584703983248384,0
1187594531612275968,0
1187594988670895872,1
1187618193267307776,0
1187631155380165888,1
1187636793461895168,1
1187650900898586624,0
1187663718309174016,0
1187677728627356160,0
1187693759773416192,0
1187712226879361280,0
1187757266367421440,0
1187777475001577472,1
1187816039625785856,1
1187844938628486144,1
1188104541550129152,0
1188124020944653312,0
1188129420622743296,0
1188169548704771840,1
1188183818555897600,0
1188201925517956608,0
1188259685722807296,1
1188329412248305920,1
1188381719546641152,0
1188382324479735808,0
1188386029354727168,0
1188388328980369664,1
1188403341859252992,0
1188446102989419520,1
1188467273175447296,0
1188511231644422144,0
1188584608919247104,0
1188856396669003776,0
1188867533425317632,1
1188938030940855296,0
1188944893418518272,0
1189011988035179264,0
1189040028659436032,0
1189047871864767232,1
1189061045634224128,0
1189100116563391232,0
1189101066693264896,1
1189115462504906496,0
1189117642844261376,1
1189182903769030400,0
1189546998938295808,0
1189560074907508224,0
1189565677743644672,0
1189592315910711808,0
1189629895966715392,1
1189633970084978688,0
1189750101227565056,0
1189761320567954944,0
1189776706704743680,0
1189804966442099456,0
1189984544332760064,1
1190011887932068864,1
1190490491864226304,1
1190514460929008640,1
1190540648620382720,0
1190550830884270080,0
1190579592834294272,0
1190686485661012992,0
1191034528763541248,0
1191052133039083520,0
1191075917613043456,0
1191082372950395392,1
1191134838504238336,1
1191137502718416128,1
1191148880310591232,0
1191178568517586944,0
1191180781707706880,0
1191188409435073792,0
1191195124399411968,1
1191202690667217664,0
1191229489273388032,0
1191237057694951936,0
1191238578516541440,1
1191247852867918336,0
1191262636421777408,0
1191272537197067776,1
1191276038001375744,0
1191315994831465984,0
1191326365852292352,0
1191360250188983552,0
1191371827074582016,0
1191392607395996416,0
1191704548661432832,0
1191740340047123968,0
1191771716148167424,0
1191789066907068416,0
1191789792631544064,0
1191807699545484544,1
1191839807943297792,1
1191847051703015424,1
1191871235630777088,1
1191884842919952640,1
1191913757891183616,0
1191918592291949568,1
1191924626392855552,0
1191940937535195136,0
1191971768681812224,0
1191981551000489472,0
1191989025186934272,1
1191990513640411904,1
1191990721003755520,1
1192007687429313792,0
1192011463948722944,0
1192015488674788352,0
1192021555622549504,0
1192087934293857536,1
1192103467017491712,0
1192135310052068608,1
1192192878163692288,0
1192491589081115904,0
1192495617173693440,0
1192500644724039680,0
1192503500958155776,0
1192520047298571008,0
1192535487869699072,1
1192577714688807168,0
1192599762037245184,1
1192600871641366528,0
1192606805907330048,1
1192612614902374656,1
1192655962147111936,0
1192656792217686016,1
1192668774822646784,0
1192705077647376896,0
1192714309594653952,0
1192716482165126912,0
1192718096227530496,0
1192760037792983040,0
1192781309101366272,0
1192873280757770752,0
1192931192297843200,0
1193153177750531840,1
1193224545846357760,0
1193226021392159744,0
1193245972488730112,0
1193246218675550208,1
1193310718764306688,0
1193386626946643456,0
1193388226908976384,1
1193405139456800256,0
1193413738852489216,0
1193415857591614464,1
1193456475546512640,0
1193483964758871552,1
1193488212009398784,1
1193544345708187904,0
1193612309635574016,0
1193881565366422784,0
1193887547861345280,1
1193944984879035136,1
1193948455866922496,0
1193988470885179136,1
1194008416540642816,1
1194079469322775808,0
1194085547745175040,0
1194088968182561024,1
1194106023361014528,0
1194123451500194816,0
1194146671087322368,0
1194148642050717184,0
1194192506560523008,0
1194194488242033152,0
1194230638381838080,0
1194249729806781952,1
1194278422882230016,0
1194291838073117440,1
1194372738066889984,0
1194671300531784960,0
1194696119315306496,1
1194752758096776448,0
1194760059982605056,1
1194776121594933504,0
1194793602735005952,1
1194801432731847424,1
1194816524981058816,1
1194838577406570496,1
1194877208736748544,0
1194916249700864000,0
1194943738051393536,1
1195370637957571072,0
1195443256767299840,0
1195578193189793280,0
1195636563908373504,0
1195670626841730048,0
1195703202043126528,1
1195726065577985024,1
1195862732529176064,0
1195932696163406336,1
1196036094482261504,0
1196092040415240960,0
1196102514836116224,0
1196159796605576960,0
1196195140167991552,1
1196223407377511936,0
1196237317556515328,1
1196277308121268480,1
1196278783549350144,1
1196286142388726784,0
1196291899617588736,0
1196302550694091008,0
1196324812364091648,0
1196330906332657664,1
1196370026127931392,0
1196370535274357504,0
1196380293144045824,0
1196391820425507072,0
1196461768766403840,1
1196476701268206336,0
1196513661241785088,1
1196513845036234752,1
1196520885522109952,1
1196552263518516736,1
1196567082367127808,1
1196572933892039424,1
1196586353559386624,0
1196812534940702976,0
1196827556337012480,1
1196877072499560192,0
1196891048269731328,0
1196934394304964864,1
1196940242882260224,0
1196992991995702016,0
1196999761293341440,0
1197005491141470208,1
1197029784350582784,1
1197069189706647296,0
1197149251464502784,0
1197157645810128128,0
1197252276532245248,0
1197371646251559680,1
1197590526720271104,1
1197606336753954560,0
1197608045754980864,0
1197629118923930368,1
1197647408578349056,0
1197680365107803904,1
1197696674716337152,0
1197704936084541184,1
1197711703659918080,0
1197722700145792512,1
1197731661815735808,1
1197739397036650240,0
1197769112828716800,0
1197821531482837248,0
1197824710176815616,0
1197838414175459072,0
1197931698556972800,0
1197938512113423616,1
1198049049654038528,0
1198246573442461184,1
1198311069755959296,1
1198315433705665792,1
1198332988580890880,1
1198362049492623360,1
1198365394304385024,0
1198413730952001536,0
1198430560314027008,0
1198433025290272000,1
1198479883667067392,1
1198481149661746432,1
1198485047288587008,0
1198509327624974080,1
1198528110159011328,0
1198532707672603904,0
1198545496271221248,0
1198556437575369472,0
1198717928792058624,1
1198738978117671168,1
1199024558009865728,0
1199062838231846144,0
1199066514163125504,0
1199074227084644864,0
1199095555745438976,0
1199098830727641856,0
1199119952504158720,1
1199131700395169280,1
1199162695640805888,1
1199170769003275008,1
1199179702320729600,1
1199238497741396224,0
1199240929883663616,1
1199241023243108352,1
1199248430094590208,1
1199294539928640256,1
1199310120091081984,0
1199348555735568640,1
1199369262322932224,0
1199415358174019840,1
1199765842772989952,1
1199787318383494912,1
1199797725734784256,0
1199819399608956416,0
1199824126026365184,0
1199915343944983552,1
1199937074165124096,0
1199952986705187840,0
1199959813221967104,0
1200195487359025408,0
1200450812265440512,1
1200465099033804800,0
1200467124184473856,1
1200499042177355520,0
1200530811856766208,0
1200587829777203456,1
1200733597991991296,1
1200800608422881792,0
1201195039122891008,1
1201207810852047360,0
1201225040580980480,1
1201251064893085952,0
1201260096728353280,0
1201286741490365440,0
1201377110298915840,0
1201416213086260480,0
1201446203278173696,1
1201460571701199104,1
1201466759469447168,1
1201468231227026688,1
1201500801870128640,0
1201507205097777408,1
1201615425811914240,1
1201838675904356352,0
1201842308900014080,1
1201931674975474688,0
1201960096922520064,0
1201993627107094528,1
1202007057021859072,0
1202008528779864064,0
1202059343134678784,0
1202061547183533568,1
1202074627554471680,0
1202085359148914688,0
1202142335404917248,0
1202175341976091648,0
1202176092845683712,0
1202193557122350592,0
1202205132099672320,0
1202212375527999744,1
1202287729116352256,1
1202680354186709248,0
1202696673408639232,0
1202723745834011904,0
1202762974355438592,0
1202767514648466432,0
1202838528136757760,0
1202843045820245504,0
1203015877057690624,0
1203343800315428608,0
1203460314136185856,1
1203511373957725696,0
1203512466280035328,0
1203512664141968384,0
1203512692096712448,0
1203519496979627776,0
1203526752487425280,1
1203527171551915520,1
1203530375156413952,0
1203560092721718784,0
1203588989913939968,1
1203623058652551424,0
1203625155309347584,0
1203656082582267648,0
1204145098186397696,0
1204155323145306624,0
1204185856809894656,0
1204213626139036928,0
1204284196063386880,1
1204299007491141120,0
1204345920310415360,0
1204346466543771392,1
1204383435424581632,0
1204416300855136000,0
1204452464205752832,1
1204831298922336512,0
1204859740191742720,1
1204862381447298048,0
1204865351336576000,0
1204875665991269888,0
1204906331136680960,0
1204932290775095296,0
1204973219075080960,0
1204999469977428736,0
1205062065086456832,0
1205071793313499904,0
1205085779254307328,0
1205088061120125440,0
1205101926435406080,0
1205211368646041088,1
1205216072789906688,1
1205592964348214272,0
1205602795740256000,0
1205610815517712384,1
1205617037604990464,0
1205711809666667008,1
1205739142146080256,1
1205813395273463552,0
1205813757013625600,0
1205840152128101632,0
1205850001078068736,0
1205930104143435008,1
1205932866738008320,0
1205944563324934912,1
1205987113746745344,0
1205990925236509696,0
1206296926071202816,0
1206297232973326848,0
1206320355464076032,0
1206331754008876032,0
1206368133389622528,0
1206374778012539392,0
1206399668084262912,0
1206457638633449728,1
1206477568921485056,0
1206488694892116224,0
1206490488852082944,0
1206496960849927424,0
1206500110914760448,0
1206501683111097600,1
1206510156364926976,0
1206516605536743168,0
1206536679889500416,0
1206545136291627776,0
1206550412716064512,1
1206553147485044480,0
1206608671551628800,0
1206654389016216320,1
1207009272211391488,0
1207110453500445952,0
1207153906651893248,0
1207196855209666048,0
1207200425357358080,1
1207203307008620032,0
1207204616999228672,1
1207269220664996608,0
1207280160892718080,1
1207299080098310656,1
1207311698723781632,0
1207350181614044672,1
1207390488796656640,0
1207706247531477248,0
1207714428072488960,0
1207724654263499264,0
1207736427291935232,0
1207741670313317376,0
1207745690307848448,0
1207745969580373504,1
1207777720981890816,1
1207806604149474304,1
1207831857783044096,0
1207851936491861760,1
1207896137872924928,0
1207905101565878528,0
1207943666660561152,0
1207966801210109184,0
1207977318271175680,0
1208018866194494720,1
1208024899782951424,0
1208033661038700288,0
1208039342118013440,1
1208052034906444032,1
1208054894397531904,0
1208174317404992512,0
1208400450436546048,1
1208445102633773056,0
1208488632359719424,0
1208511018230893312,0
1208513975786465536,1
1208529978166863872,0
1208614381576250880,1
1208617569804808448,1
1208637322279120384,0
1208662548453659392,1
1208668049444251392,1
1208737268507753472,0
1208823947727077120,0
1208832186535345920,1
1209130967961961472,0
1209148702944013568,0
1209204097063486208,0
1209210712452465408,0
1209214981277812736,1
1209221881967488256,0
1209228099000865536,0
1209241525890467328,1
1209265484413821184,0
1209352617062632192,0
1209404372507376384,1
1209467261548723712,0
1209480862977162240,1
1209518913579898624,0
1209649678823141632,1
1209666778381005568,1
1209828337866668032,0
1209840484739325440,1
1209927354489698560,0
1209934901535766784,0
1209991431638358784,0
1210119494238173184,0
1210155231165478912,0
1210165511997236736,0
1210301263904391168,0
1210616947780869376,0
1210645535876791808,1
1210694377823134976,0
1210701640138807296,0
1210828319812937216,0
1210831452410498816,1
1210843701930715136,1
1210851094372205312,0
1210908106053985280,0
1210958201705276416,0
1210961415931387648,1
1211048844419134720,1
1211270142778490368,0
1211392195069710848,0
1211404653190781952,0
1211431315842563840,0
1211431474597737728,1
1211441626534485248,0
1211443292973777920,1
1211443421576393472,0
1211446301066211328,1
1211446505904424704,0
1211446643004998912,1
1211447046044926464,1
1211450876823608064,0
1211458613912980992,1
1211463708808098816,1
1211500232171693824,0
1211508050662517760,0
1211523205937481216,0
1211539186530317312,0
1211565642098519296,0
1211613934511743744,0
1211676283329609728,0
1211688351702123008,1
1211705884236740352,0
1211980209264166144,0
1212038498699896576,1
1212060253914944512,0
1212096459367105536,1
1212110828474395392,1
1212141605420974592,0
1212175213404570624,1
1212234742115085312,0
1212243527372321024,0
1212262009400100096,0
1212392635931945728,0
1212470536169227520,0
1212750158992637184,0
1212759347810828288,0
1212759400599915264,0
1212767156458619648,0
1212769963153463552,0
1212776311489201408,0
1212798854472074496,1
1212806899728334848,1
1212819912346209024,0
1212824606573702144,1
1212840665675160320,1
1212874601684913408,0
1212899201123189504,0
1212919859630181120,0
1212962144424023040,0
1212980125388856576,0
1212997198350920704,0
1213008684358389760,0
1213009443740137984,0
1213025775172350464,0
1213031457069703680,0
1213045895207529216,0
1213055367813652480,0
1213063258523555840,0
1213102136601756928,0
1213136322572183552,0
1213155161130739456,0
1213490475207207936,0
1213498134916986880,0
1213549467078484992,1
1213552245209495808,1
1213573116568585728,0
1213592594351767808,0
1213637101247583488,0
1213662074029946624,1
1213665483379232256,0
1213684355663506176,0
1213687958232217088,0
1213688272675044608,0
1213720382298245888,0
1213721230351430656,0
1213723871881052416,0
1213758103004726016,1
1213866163578222592,0
1213900567775715328,0
1214233886038179072,0
1214239785283234560,0
1214267761656761856,0
1214300754264943872,1
1214302522873537024,0
1214323433583929088,1
1214328386462123520,1
1214330801205478656,0
1214368947581655552,0
1214426749380039424,1
1214435263046326784,1
1214436111878319104,0
1214455999944369408,1
1214456546035542272,0
1214457767704886528,0
1214464788482220800,0
1214485194919617792,0
1214513074392086272,0
1214582240548363520,0
1214620265813120256,0
1214665964396434944,0
1214796191182557184,0
1214924387857613312,0
1215044929211255552,0
1215092458769998336,0
1215119684414743040,0
1215162004849256448,1
1215176293271226880,0
1215190522801334016,0
1215213032854018816,0
1215218614639504640,1
1215363970145061376,0
1215707602523756544,0
1215827989064709376,0
1215833674082777088,0
1215835893560525056,0
1215905959493078016,1
1215922524624566784,0
1215936975937616640,1
1215971549982756864,0
1216045200489943296,0
1216188370065734656,1
1216382672697659648,0
1216413634390406144,0
1216424316648688896,0
1216430389651848448,0
1216455156908699136,0
1216485839365989632,0
1216498697850199552,0
1216516177780634624,0
1216519623130236416,0
1216551561803312384,1
1216604398090144000,0
1216612182796406272,1
1216617952265702912,0
1216622595162606592,1
1216670383174337024,0
1216686803830819072,1
1216687539904709120,0
1216703104835559424,1
1216731824034559232,0
1216793343285548544,0
1216795137123500288,0
1216809046620863232,0
1216811729918650880,0
1217152213668374784,0
1217181459765889792,0
1217270469480474624,1
1217275515121327104,0
1217281465363914240,0
1217288297024269312,0
1217315080590073088,0
1217319266989499904,0
1217319652863525120,1
1217328073854543616,1
1217336294210165760,0
1217339382276028160,0
1217344616812985088,1
1217349361005086464,0
1217350692603762688,1
1217357498391731456,0
1217362856791990784,0
1217425082354747136,0
1217426220086831616,0
1217447939568263936,0
1217496780238014976,0
1217502370117245952,0
1217558601718399488,0
1217588353326573824,0
1217824583526077952,1
1217881886023431680,0
1217896364020134400,0
1217905869266630656,0
1217924717420428800,0
1217929504610682880,0
1217930811517450240,0
1217936746412195328,0
1217943117872482048,1
1217943740756865280,1
1218003318206036736,1
1218008712794064640,0
1218051967511903744,0
1218052037113972480,1
1218056376486606848,1
1218078639889745664,1
1218079996637787904,0
1218102773842499072,0
1218195549568265728,0
1218581999472997888,0
1218609446968079104,0
1218650734868588544,0
1218664980505524480,0
1218722499927309824,1
1218723867893197312,1
1218750822412320000,1
1218752374922555904,0
1218771408818028288,1
1218804053385971456,1
1218806126073031168,0
1218809455231681536,0
1218814586711818752,0
1218922866854221568,1
1219365343211077888,0
1219379548725841408,1
1219380355460440832,0
1219410577685939456,0
1219431151595166464,0
1219457733255837696,1
1219469645718781440,1
1219541383637622784,1
1219544314884185600,1
1219640479361602560,0
1219727831711302144,0
1219736628191261440,0
1220098815599825408,0
1220203415817521152,0
1220224966232804096,0
1220370596774138368,0
1220444108033590016,1
1220548139607862528,1
1220758951330865152,0
1220764731126664448,0
1220768464425326080,0
1220810584161460736,0
1220817824642616832,0
1220818253075358720,1
1220830863203626752,0
1220913278863181824,1
1220986154936969472,1
1220994878626918912,0
1220999930901096448,0
1221019655126889984,0
1221029982942306560,0
1221046139698318080,0
1221079436124109568,0
1221090749547141888,0
1221138954099290112,1
1221160579795982336,0
1221469973051469568,0
1221470817601923328,0
1221501217876611072,0
1221507190398637568,0
1221507426652087552,0
1221543889797275648,1
1221587294461535488,0
1221632905247832576,0
1221658973923309824,1
1221785626848102400,0
1221828305617056512,0
1222244395560380416,1
1222254266911584256,0
1222270869424557056,1
1222287890677763840,0
1222289294474440448,0
1222330617707031040,0
1222336394355152640,0
1222381387581922304,1
1222398215580194048,0
1222399980238636800,1
1222429308433425152,0
1222433227461024000,1
1222458562968205824,0
1222484759792818432,0
1222585458534932480,0
1222945134447459840,0
1222971017008518144,0
1223020359327089408,1
1223035523498868480,0
1223089600113107712,0
1223121949897361920,1
1223138656610305792,0
1223155085361244416,1
1223186665549923584,0
1223611070942214400,1
1223667358229932288,0
1223732891479973888,0
1223742677817202944,0
1223765075313104384,1
1223794327092785152,1
1223827712383303936,0
1223855224493625344,1
1223886129435703808,1
1223902863539411456,0
1224057601769238528,0
1224320814712355072,0
1224321968949176320,1
1224528829378187520,0
1224538856195753472,0
1224548046043739904,0
1224637260940178688,0
1224650217992672000,1
1224654727321674240,1
1224827964210582272,0
1225146341940529408,1
1225171960351568384,0
1225175021424543744,0
1225207744387696640,1
1225253179940590080,0
1225257377198568704,0
1225307590957056768,1
1225334588134131968,1
1225553506818679040,1
1225784741064254976,0
1225835176401153792,1
1225868457432859648,0
1225890636535949312,0
1225911523315023104,0
1226039999373949440,0
1226055648222172672,1
1226068870816529152,0
1226081563960928512,0
1226092356876714240,0
1226184735308684032,1
1226248195801266432,0
1226537756246494976,1
1226558342130143744,0
1226560080889843712,1
1226580193253721088,0
1226598996106295040,0
1226601234590908160,0
1226610225569166336,0
1226621300249084160,0
1226624584181048320,1
1226631923305478656,0
1226658615203865600,1
1226676227601417728,0
1226692201451139584,1
1226745803757498624,0
1226786427717291264,1
1226793999672029696,0
1226815416650737408,0
1226881889486859264,1
1227149399738589952,1
1227279341421623552,0
1227279867906292480,1
1227286060141946880,1
1227298471580568064,1
1227340687669245696,1
1227442704406638080,0
1227454805392001280,1
1227470612933788160,0
1227478400730698752,0
1227489282462264320,0
1227598370040385024,0
1227810129129290752,1
1228025041126308352,0
1228030772010544128,1
1228052593710053888,1
1228056677982338816,1
1228058338764628480,1
1228076916043591680,1
1228103981205310208,0
1228104429961473024,1
1228105387467384320,0
1228113058507832320,0
1228126895896079360,0
1228156598753878784,0
1228161883046760448,1
1228194643937101824,0
1228203580905750272,0
1228243339384354048,0
1228243978114461696,0
1228255081456696320,0
1228303330807914752,1
1228339536929746944,0
1228414139010467072,0
1228419787372659712,0
1228555224252497408,0
1228702015048367360,1
1228751351193376000,0
1228753098588109056,0
1228763466317357568,0
1228801816866166016,0
1228956129678087936,1
1229056939521663488,0
1229073302133734656,1
1229081996235885824,0
1229162581023883520,0
1229426358743257600,0
1229517672196016640,0
1229561639716834304,1
1229643073633743616,0
1229678672973925120,0
1229690321976774400,1
1229693956071471872,1
1229755776750941952,0
1229764114399771392,1
1229943020508576256,0
1230162194063183360,0
1230183747633735936,0
1230195708786006016,1
1230247922544039936,0
1230283536663545088,0
1230295586361139456,0
1230427726582162176,0
1230504743098734080,0
1230541881967651072,1
1230605843678851072,0
1230918963737308416,0
1230981701128100864,0
1231034255826733824,0
1231058148363319296,0
1231073373473888256,1
1231085906215432960,0
1231168554253118464,0
1231199251978628864,1
1231314347045634560,0
1231347597969776384,0
1231589976704645376,1
1231615190714170880,0
1231652872845830656,0
1231681051148880640,1
1231698844299879936,1
1231720407025134592,0
1231734696994111744,1
1231736713987399680,0
1231743497914241792,1
1231784685236912896,0
1231805469271048960,0
1231812908999855104,1
1231817117291403520,1
1231825350802154240,0
1231870180868720128,0
1231870596017975040,1
1231878872579164928,0
1231889453780929536,0
1231891031747655424,1
1231965615274029056,0
1232258891819793920,0
1232303441592086528,1
1232322370460083712,0
1232323618609671424,0
1232360537934915584,1
1232399187689337344,0
1232420203483172352,1
1232455361014118400,1
1232503175017160704,1
1232534454112583168,0
1232569162104128000,0
1232592101498533888,0
1232641115950197760,1
1232722588313574912,0
1233010411043017728,0
1233024092124278016,0
1233028480127251456,1
1233076341281078272,1
1233086750913999360,0
1233096106608512000,0
1233115081365202688,1
1233121826254306816,0
1233165732978616064,0
1233174839479307520,0
1233182046632516352,1
1233195622300866048,0
1233213329668597248,0
1233253963295068160,1
1233257493230243840,0
1233267323205200384,1
1233274928639030272,0
1233380429004700416,1
1233440963534977024,0
1233444079973396480,0
1233477612153881088,0
1233724773594579200,0
1233735571774765056,0
1233805812709991936,0
1233821433642391040,0
1233881107337624576,1
1233900383986598656,0
1233911914923935488,0
1233946532942231040,0
1233963782617053952,1
1233983811171826688,1
1234005871725213184,0
1234060415703369984,0
1234068616558482944,0
1234194659475519744,0
1234236313322535680,0
1234516338911051264,1
1234516393644330752,1
1234550547063561984,0
1234551556067311360,1
1234565766867848704,1
1234615299702117888,1
1234619188519321088,0
1234692551866025472,0
1234701451882719488,0
1234723680435628288,1
1234732800569827072,0
1234733108609565184,0
1234741451109608448,0
1234755146872090880,0
1234766209213375488,0
1234766318493885696,0
1234920096778604544,1
1234976242429547008,0
1235216696549473792,0
1235273467421047552,1
1235325530971028224,1
1235337986688478464,0
1235338679873912064,0
1235377403617770752,0
1235442919454748928,1
1235450196991112448,0
1235464086223800320,1
1235478158987420416,1
1235483814643063040,0
1235490225821241600,1
1235620936840487168,1
1236018537049655296,1
1236029972897762816,0
1236073459963400960,1
1236118621504061696,0
1236148944975507968,0
1236171147373505536,1
1236172234965020928,1
1236213491678896640,0
1236273284503563776,0
1236296385471016192,1
1236363310093610240,1
1236412366866684416,0
1236445411085902336,0
1236691611224872704,0
1236695521356531968,0
1236722129897323520,0
1236786429819157504,0
1236822263640366592,0
1236838556683444224,0
1236850492807890432,0
1236888085259766272,0
1236893810470530560,1
1236904145864732160,0
1236904434818244096,0
1236938479400397568,0
1236947489008110592,1
1236987562261924352,1
1236994606800620288,1
1237004144107153664,0
1237396642423730432,0
1237463339440006400,1
1237470951022325504,1
1237475319671474176,0
1237493612352097024,1
1237509701337156864,1
1237523750235672576,1
1237544621650440960,0
1237553698783569408,0
1237567260590493696,0
1237577234614553856,1
1237584519571088640,1
1237593436435302144,0
1237604864866910464,0
1237679237886640128,0
1237691802890988544,0
1237706010085104384,0
1237713689283699712,0
1237728608464332288,1
1237793347867402496,0
1237833273801283072,0
1237837323470882560,0
1238183126306551040,1
1238213403014478592,1
1238225546264945152,1
1238238511042739968,1
1238247736612676096,1
1238298001198107392,1
1238298326740258048,0
1238315600206716928,0
1238363662670553600,0
1238388350697355520,1
1238390144637323008,0
1238395357205338880,0
1238398053687110912,0
1238407867793281536,1
1238485614405478400,1
1238519950714428672,0
1238522732700307200,0
1238891505272760576,0
1238903250109577984,0
1238961356441212160,1
1238973574266713088,0
1238990970502785536,0
1239052695621920512,0
1239097760883951872,0
1239100560023981568,0
1239166899888727552,1
1239197386105991680,1
1239222607438792448,0
1239274312969767168,0
1239623371548785152,0
1239662913696555264,0
1239690131076367360,0
1239739454191305472,1
1239793961398027008,1
1239808443691917312,0
1239863132013141504,1
1239930454394729216,1
1239930751249565184,0
1239933676077073920,0
1239935117012400128,1
1239958257449208576,0
1240017392210349824,0
1240046696584973056,0
1240324671698633216,0
1240361875988170752,1
1240483505094130688,0
1240489124807134976,1
1240489636931653376,0
1240565547709340416,0
1240635742479926016,1
1240654386560715008,1
1240660704235008256,1
1240753334813733888,0
1241022125528761600,0
1241166495306220032,0
1241174753025063168,0
1241242058782034688,1
1241284164500062720,1
1241311750404466688,0
1241365038739867904,0
1241397734544232192,0
1241489080667784704,0
1241846955160947712,0
1241921335309743360,0
1241933255922281984,0
1242007300995127808,1
1242045130477113856,0
1242047908841008640,1
1242065173610744320,1
1242108333492495360,0
1242112150977884160,0
1242132959676492800,0
1242155874252714752,0
1242165633852589824,0
1242165651160098560,1
1242170149384043776,0
1242189476374453760,0
1242480844681564928,0
1242482727861661952,1
1242502768926035968,1
1242556438812878336,1
1242597496137748992,0
1242663472615676672,0
1242681916136671744,0
1242749110317411840,0
1242836970242368512,0
1242837298513205760,0
1242866198688601600,0
1242922370256452864,0
1242925295139290368,1
1243228041012916992,1
1243259212458138368,0
1243273762795220992,1
1243274147498779392,1
1243337167499909376,0
1243376122320603136,0
1243377558887155712,1
1243398985999620096,0
1243425875233002496,0
1243476842816220672,0
1243508228774416128,0
1243530145654703872,1
1243555371982304256,0
1243613723733381376,0
1243642558897025280,0
1243975015085431552,0
1243982291190350336,0
1244033306396183040,0
1244082526861982208,0
1244121152119006464,1
1244174559026843392,0
1244238721172739840,1
1244251820915169536,1
1244307451346794240,1
1244313867473757184,0
1244316149521837824,1
1244337547025561600,1
1244343410276463104,0
1244488046637017088,0
1244730655723871488,0
1244776031507613184,1
1244790946478024704,1
1244810112081583104,0
1244844691350650112,1
1244854374072964096,0
1244901554300125440,1
1244961093672309760,1
1244965541319374848,0
1244984073010442752,1
1245459318127122432,0
1245462544004294144,0
1245500064920798208,0
1245529853356242944,1
1245537315734193152,0
1245551701192802304,0
1245648921950690816,0
1245815544018994944,0
1246208291491169536,0
1246326925671401984,0
1246328385164271104,0
1246328668955621376,1
1246378261505396736,1
1246449219563554048,1
1246472317752349696,0
1246487415252708608,0
1246490771412471040,1
1246975624517773568,1
1247008034431913984,0
1247064978490403840,0
1247066220355914240,1
1247078158337802496,0
1247130586642717952,0
1247241620813120768,0
1247244274707731712,0
1247567337378727424,1
1247588583493475072,1
1247661498630330880,1
1247681400903881728,0
1247699427346703360,0
1247708080182348800,1
1247708394149758208,0
1247710629735185664,1
1247717975125342208,0
1247754525972229888,0
1247760054618671616,0
1247777833119054336,0
1247796768726612992,0
1247804605795900416,1
1247807039702806016,0
1247829233435332608,0
1247831706795179008,1
1247846848777705984,1
1247869223835259136,0
1247870265750686976,1
1247870398231816192,1
1247880046011866112,1
1247952864225828096,0
1248261904571140608,0
1248343825070715904,0
1248353309979198720,0
1248361839780552960,0
1248380617462486528,0
1248441680126732288,0
1248460215435014400,0
1248483259359698688,0
1248491751032801536,0
1248501414490551296,0
1248504034666860032,0
1248510442114990592,0
1248532407386731520,0
1248540413810238464,1
1248540965698322944,0
1248587620138976768,1
1248613314615279104,0
1248686375100440320,0
1248951589115197952,0
1249090200249394432,0
1249125250321146880,0
1249402794579694592,0
1249404101568826368,0
1249757227653686016,0
1249812475033796608,0
1249856329043250944,0
1249879831859474688,1
1249950196581375488,0
1249973316441603584,0
1249999288305830400,1
1250092874230278656,0
1250097195311244800,0
1250441965607295232,0
1250488982246838016,1
1250502172931192064,1
1250626170307147776,1
1250639793295952640,1
1250644394018078976,1
1250648326117622528,1
1250727339117332480,0
1250744380228788992,1
1250774525854712832,0
1250833260783831296,1
1251143248844413952,0
1251236070068062208,0
1251290115864398848,0
1251291911289943808,0
1251300910536357120,1
1251301143124801024,0
1251346137664295424,0
1251394637752036864,1
1251395663865006080,0
1251420478453316352,0
1251444643048625920,1
1251448403701529344,0
1251448477273307136,0
1251467691624487680,0
1251478307390059264,0
1251589104578360576,0
1251590829490404096,0
1251594690004678144,1
1251622298018523904,0
1251808630195684608,1
1251900222018760960,0
1251902235204019200,0
1251938477055415552,0
1251946856521048064,1
1251966670044682240,0
1252000484733960448,1
1252070249117299968,1
1252083014312779264,0
1252090574976375296,0
1252097102685459200,1
1252097367965240320,0
1252120212248433664,1
1252126613372996608,1
1252146825335089920,0
1252202853135130624,0
1252215656702542592,0
1252219138406059520,0
1252316463322588160,1
1252645718346104576,1
1252681536595741696,1
1252718903631174656,0
1252723030136215040,0
1252782388666966784,1
1252809292372868352,0
1252814946767052544,1
1252830775472807168,0
1252834809156645120,1
1252843441708561152,1
1252870775905215488,0
1252872471904440064,0
1252888253708782336,0
1252899343809730816,0
1252908093777551616,0
1252913036416666368,0
1252921799779384576,1
1252987288689754112,1
1253378683930407936,0
1253435842369464576,0
1253492482257197056,1
1253492499722690048,1
1253527157773582848,0
1253563970715815424,1
1253580099479859200,0
1253602159688530432,0
1253607236410594560,0
1253607867430217216,0
1253628227386582016,0
1253629711921236992,1
1253857000201649920,1
1254043226953260288,0
1254057353906224640,1
1254098586774325760,0
1254168074074053888,1
1254276877021133056,0
1254285853291882752,0
1254290061262695168,1
1254316643416784896,0
1254339533573046784,0
1254354161950759168,0
1254355350115215616,0
1254365738236861952,1
1254384490110268672,0
1254423833823947264,0
1254441430019673600,0
1254494908305568256,1
1254502204823354880,0
1254856565454110976,1
1254888571469300736,0
1255009643379402240,1
1255024268857207040,1
1255027988453572096,0
1255035771854026496,0
1255047273744994560,0
1255090518444221696,0
1255218654534864640,0
1255541850019144704,1
1255564160232095744,0
1255594199652788992,1
1255743860586259200,0
1255775911650988288,0
1255809237433522944,0
1255972417229634048,0
1256215189449648384,0
1256295649168646400,0
1256359054991064320,0
1256404653599878656,0
1256412616058671872,0
1256489055110016000,0
1256543824162562304,1
1256579976383355648,1
1256624626257154816,1
1256677665144803072,1
1257042975591934976,0
1257050950784679424,0
1257112764558301184,1
1257143587602593792,1
1257205210196121600,1
1257215540466199552,0
1257241836806384640,1
1257244828735068160,0
1257758134494646784,1
1257793974008191488,0
1257821559474220032,0
1257867411790608640,0
1257868751559616000,0
1257885207191229696,0
1257969438961758720,1
1258055757145154816,1
1258067085080064256,0
1258073617581137664,0
1258092413263356160,0
1258101698123145984,0
1258402321822793984,0
1258423385253692416,1
1258429329465890304,1
1258439478520239872,0
1258443922860059904,1
1258444910526520320,0
1258450789915161856,0
1258458320226344704,0
1258464046840139776,1
1258472750169718784,0
1258475547980404736,0
1258483938332147712,1
1258531622624827136,0
1258544602509130240,0
1258600968277108736,0
1258626912078812160,0
1258638815063791360,1
1258677341754316032,0
1258695278273102848,0
1258700026649994496,0
1258716981746771712,0
1258749060107443456,0
1258851330250180608,0
1258854720535457536,0
1258856188569241856,1
1258867050323319552,1
1258871782697249792,1
1258889005242963200,0
1259109341368857344,0
1259162312401913856,0
1259191145620504064,0
1259256829348698880,0
1259260193582084864,0
1259301727279086848,0
1259310682300146432,0
1259314721095502592,1
1259335350242465280,0
1259335851252293632,1
1259341438559135232,0
1259342386792677888,0
1259347129558383616,0
1259355425618720768,0
1259369276209379840,0
1259372039120206336,0
1259388048778555648,0
1259401959095206400,1
1259474621237158400,0
1259481369441917696,0
1259497683177562112,0
1259499186696977920,1
1259510411331207680,1
1259619819683211008,0
1259637405571890176,0
1259832793495987712,0
1259876588941049856,1
1259912433293086720,1
1259912494450758400,0
1259952131489931776,1
1259994760695336448,1
1260001930274567680,0
1260002763474982400,1
1260020947354861056,0
1260023202918267648,0
1260060471022432768,0
1260070583090904832,0
1260073881924363776,1
1260092551193540352,0
1260125117304578304,0
1260132409977842176,1
1260134584332743680,0
1260151228407159808,0
1260172523150372352,0
1260181807368441344,0
1260189944181155328,0
1260234438374310144,0
1260237935711500800,0
1260293474635415296,1
1260311580123865344,1
1260553193498375424,1
1260650681942598144,1
1260655155496799744,0
1260667900586615552,0
1260693827767270656,0
1260708340653557760,1
1260710031512367616,1
1260748161395054080,0
1260766688789818112,0
1260810512708575744,1
1260852858185677568,0
1260862954265671168,1
1260915412333620224,0
1260960132256143360,1
1261071028868156928,1
1261361831213341952,0
1261446565548291328,0
1261447010777938688,0
1261548465977325568,1
1261610467547428096,0
1261617863035144448,0
1261619030164828416,1
1261634699122938624,1
1261636675110470912,0
1261659809861695232,1
1262070049160930304,0
1262104904297679104,1
1262128611939171072,0
1262132383410282752,0
1262140361091737600,1
1262143013836839168,1
1262153369843416576,0
1262187946027548928,0
1262240429792666112,0
1262241564535551488,1
1262244953396298240,0
1262252672363727104,0
1262283454080417280,0
1262315268774050816,0
1262320458271132672,1
1262325199389789952,1
1262327346366033664,1
1262352790966578176,0
1262832183876098048,0
1262840694629170432,0
1262844499315115520,1
1262898537857113344,0
1262905433157734912,0
1262991846802969344,0
1263005712867559936,1
1263011115582935552,0
1263029031727678464,0
1263041960025329408,0
1263071253129168128,1
1263096956664838912,0
1263118259968193536,0
1263122087785627648,0
1263132781220139520,1
1263152244020395520,1
1263154893860289792,1
1263170266353898496,0
1263178183871131904,1
1263218338279962624,1
1263314471215681024,1
1263386128407954944,1
1263420227945110784,1
1263471483764439552,1
1263495135520271872,0
1263515100987844096,0
1263524341562725376,1
1263547370271712768,0
1263568983345334784,0
1263701055864658176,0
1263706301493742336,1
1263710154106900992,0
1263724696164435712,0
1263738491373679872,1
1263741988397335552,1
1263752625699918848,1
1263782234272358400,0
1263806244390861568,0
1263880497036707072,0
1263892929338317824,1
1264248917479062272,0
1264265361542205440,1
1264275500996806912,0
1264318516681771008,0
1264341520147333632,1
1264344724441916160,0
1264387557422604800,1
1264403209755188224,0
1264450602207375616,0
1264466680624069120,0
1264479990346571776,1
1264485901849065216,0
1264680693771973632,0
1264892333664598528,0
1264959558332747264,0
1264989268223673344,1
1265017621760031232,0
1265028166964693248,0
1265034399316421888,0
1265057014207505664,0
1265126424599347968,0
1265184865323339776,0
1265190816439389952,1
1265202580004140800,0
1265207613392977664,0
1265307739460498432,0
1265374692552985344,1
1265423539750939648,1
1265673073103993600,0
1265680586482173696,0
1265724603099894016,0
1265763462090510848,1
1265763828311729408,0
1265770828483466240,0
1265791036772179200,0
1265795391887137536,1
1265803698927771392,1
1265804073386419200,1
1265843970687698432,0
1265860497436297984,0
1265881470739956480,0
1265907918705051136,0
1265927166706708224,0
1265953647703672832,1
1265985371040225024,0
1265993764758482176,0
1266034708157557760,0
1266076927400900096,0
1266154183649415168,0
1266603778816668416,0
1266707064585715712,0
1266817851874572288,1
1267140898217377792,0
1267171467443161344,0
1267178149634312192,0
1267191465542769920,0
1267199328210615552,1
1267204516647978496,1
1267218822843227136,0
1267297380557798912,0
1267312112680548608,0
1267312271503017728,0
1267314045666168320,1
1267339683493020160,0
1267346526135582976,1
1267352594738538496,0
1267363408090957824,0
1267367561783107328,0
1267370226814975744,0
1267371115316931072,0
1267421344559911424,1
1267508809669604096,0
1267907445121626880,0
1267977140065733376,0
1267999107191827712,0
1268013015871299328,0
1268031059452709632,0
1268040158569505792,1
1268044819777764864,1
1268046419975179008,1
1268053784706004224,1
1268054002403344896,0
1268079592320475904,1
1268088810058222848,0
1268135924059796480,1
1268155913039655936,0
1268192341622221056,0
1268209596945976832,1
1268231405918045184,1
1268604814738499072,0
1268656318575462656,0
1268663338308297472,0
1268688419079622656,0
1268692453357353728,0
1268708477342869760,0
1268737738141026560,0
1268744568230636800,1
1268751733338119424,1
1268764405233941248,0
1268766282320492032,0
1268822234931895296,0
1268826528174400256,0
1268851012500430336,1
1268867754198523648,0
1268873195341924864,0
1268878802788019200,0
1268882296424305664,0
1268919719262519552,0
1269258631985144576,1
1269262421151781376,1
1269367897551652096,1
1269368347816350976,0
1269374689746630656,0
1269427940338787840,1
1269431924019213824,1
1269440570740588032,1
1269470937639026176,0
1269504511290390528,1
1269522111343784960,0
1269574988285929216,0
1269578750757785088,1
1269582707592999936,0
1269586766269684992,1
1269607052483820288,1
1269621944715218176,1
1269626245575197696,0
1269711111260484352,0
1269720447299945472,1
1270060444562774016,0
1270157109384436224,0
1270192348840364288,1
1270192940050831360,0
1270215068935536384,0
1270264343845765888,1
1270269237762621952,1
1270302268030863872,0
1270308765509849088,0
1270316727352725248,1
1270378095446875904,0
1270415281430697472,0
1270512891790923776,1
1270836326670802944,0
1270896736455410688,0
1270905036604063488,1
1270927590418642944,0
1270930311029791488,1
1270978233232066560,1
1271008901529286912,0
1271023372925245440,0
1271111685394049792,1
1271492100579752448,0
1271510865547452416,1
1271525247275164160,0
1271566199245214464,1
1271575087182068736,0
1271591430212422144,0
1271595563315860224,0
1271627239021725696,1
1271644595399401728,0
1271657009023528192,0
1271694185701590272,1
1271727517718486784,0
1271733137170348800,1
1271739844752848384,0
1271743701548800768,0
1271770742503569920,0
1271780983556625920,1
1271786586521658112,1
1271823743183616768,0
1271873482142090240,0
1272203891224491008,0
1272297686764532736,0
1272397097518340352,0
1272426518251192576,0
1272434457803429120,0
1272436603528133376,0
1272445028608014080,0
1272448095938681856,0
1272448994059236864,1
1272450554361180672,0
1272492671682287360,1
1272503096088929024,0
1272505814494369024,0
1272527030649360384,0
1272573136962062336,0
1272634600171598848,0
1272637013468081920,1
1272672821069128704,1
1272676944408052736,1
1272773566294694400,0
1272806258814781952,0
1272879360187288576,0
1272963658842622464,1
1272983920297278720,1
1272998271693098240,1
1273008796165152256,0
1273015868318032896,0
1273021902614919936,0
1273052254409812736,0
1273094109657816064,1
1273101777039448576,0
1273109148134069248,0
1273130699442150400,1
1273158903179121920,0
1273164967049769472,1
1273183133635829504,0
1273189094203772160,0
1273215431201822976,1
1273335422668126208,1
1273344700742087424,0
1273345600133864448,0
1273633747391346944,0
1273718289001974784,1
1273729756754322432,1
1273747239082732288,0
1273765423381737472,0
1273781636778065152,1
1273828239661574144,0
1273839786493322496,0
1273870818331713792,1
1273888689056927488,0
1273894738659719680,1
1273898999958442496,1
1273956208623719168,0
1273963630687051776,0
1274017007557223936,1
1274031500430669824,1
1274052597502352384,1
1274422605792549632,0
1274437128884126976,1
1274452018338093056,0
1274464267408021248,0
1274477421635196928,0
1274480915806557696,0
1274511434137774592,0
1274514779920666112,1
1274550444893582848,1
1274554953629510400,0
1274555946047544832,0
1274559432293555200,0
1274589547393611008,1
1274589856832068352,0
1274631341920527872,1
1274640259686728192,0
1274643083611316736,0
1274650595069924608,0
1274690970453569536,0
1274706628440333312,0
1275145115330189568,0
1275208403952482816,0
1275244283368409600,0
1275261779184269568,1
1275271037366430976,0
1275299906510262784,1
1275307054732469248,1
1275327391007531008,1
1275355505479692544,0
1275358451192174336,0
1275375726746388992,1
1275424715511504128,0
1275474235164332544,1
1275793600792139520,1
1275893962773888000,0
1275913953754843648,0
1275915395254534656,0
1275942507460130816,0
1275947769574559232,0
1275992224855562496,0
1276012296257436672,0
1276012845363883776,0
1276014906666989568,0
1276016809687834112,0
1276033768246174720,0
1276078521051995648,0
1276128799132126720,0
1276128801035492352,0
1276140314038531328,0
1276273442129086976,0
1276441511824718848,1
1276642060064340992,1
1276694413440452096,0
1276704619682600704,0
1276709730869026048,0
1276741994255504640,0
1276800014997443584,1
1276846438788576768,0
1276868227760931584,0
1276988261763159552,0
1277347013571866368,0
1277387145332201728,1
1277390042734514432,0
1277405055079238912,0
1277428802547089152,1
1277432318171896064,0
1277438708437530368,0
1277469787540617984,1
1277470854073538816,0
1277475906374569984,1
1277482004634851584,0
1277484166776084736,1
1277488727174825216,0
1277489344632531456,1
1277495259567647744,1
1277495259973874176,1
1277505808667041536,0
1277520383259355392,1
1277522520662736128,1
1277546729651808256,0
1277599010732746752,0
1277633237360236800,0
1277634273863895808,0
1277666306005106176,0
1277701847177553152,1
1277728850310241536,1
1277750006727392512,1
1277974187354344192,1
1278061138744631552,0
1278068900784963328,0
1278088969698794752,0
1278103836470488320,0
1278152315180225280,1
1278173495686001408,0
1278177103751517184,1
1278177945557548032,0
1278232355254148864,0
1278239705020336384,1
1278243409717691904,1
1278268010964248832,1
1278287690130833408,0
1278336701654857984,0
1278337901461575424,1
1278443571055371776,0
1278790311949104128,0
1278809140636752384,0
1278820069249797376,0
1278825073511936256,0
1278848910984343040,0
1278865644194770432,0
1278906817255213056,0
1278926821966047744,1
1278927891458523648,1
1278977499730804736,0
1278987863224497408,0
1279029248519972864,1
1279072391503766272,0
1279121640761392384,0
1279140159864228096,0
1279180588121832448,1
1279343711903648000,0
1279530140269854976,1
1279556591298312704,0
1279652876230755584,0
1279668659652375808,1
1279678410072248832,1
1279681594356955648,1
1279683140874074880,1
1279696478628912640,0
1279753819879372032,1
1279760619736889088,0
1279771041066584576,1
1279773390602831616,0
1279777875736152320,0
1279874156904298496,0
1279890287953575168,1
1279895572269781760,0
1280161526931598080,1
1280282023417144320,0
1280307018512989440,1
1280317688723997952,0
1280325909177346816,1
1280352897794464000,0
1280422959709408256,1
1280449379095569152,1
1280450972017849600,0
1280484040857767680,0
1280526052907129088,0
1280610719625682432,1
1280936415341358336,1
1280950783591835136,0
1280952559622342400,1
1280967317811020288,0
1281033170307763968,1
1281069230506087424,0
1281122626906896384,1
1281133461935061760,1
1281142595038292992,1
1281151551524151040,0
1281151653434471680,1
1281159354099534336,0
1281171832796462848,0
1281192876916455936,0
1281234913414237696,0
1281246422962945024,1
1281359672069590528,1
1281655000262498304,0
1281788482421476608,1
1281801241965993984,0
1281880327365578496,0
1281890868800962560,0
1281891934766995968,1
1281903722134028288,0
1281964956668051456,1
1282406377518613760,0
1282417551373220352,1
1282442640160860160,1
1282444607195460608,0
1282468411129543168,1
1282482613307060992,1
1282537578109643008,0
1282551672475734016,1
1282558817075366656,0
1282577046393396736,0
1282577503976550912,1
1282600769746960896,0
1282634544828701696,0
1282715909470151680,0
1282757199374077952,0
1283095560007998208,1
1283156285420392448,0
1283176936116724736,0
1283177608314358528,0
1283209517724800000,0
1283224199902819840,0
1283240879130151680,0
1283257052426048000,1
1283285867487597312,0
1283286680568634368,0
1283297003454012416,0
1283310645008131840,0
1283322766099435264,0
1283336671544985344,1
1283365248649480704,0
1283366040341638656,0
1283373953086775296,0
1283377161872099840,1
1283379182782144512,1
1283398912813856256,1
1283400923168194816,1
1283405349329047040,1
1283438915100804352,0
1283475593520686848,1
1283480697834205440,0
1283483214949875200,1
1283484956539934720,0
1283499606206524416,0
1283539854955636480,1
1283851399677589504,0
1283862065773400320,1
1283883502407241984,0
1283895737341441792,0
1283896862611060736,0
1283914455506854656,0
1283954815252377600,1
1283998070339522048,1
1284006491613533952,0
1284016174227613952,0
1284020935322755072,1
1284025690142722560,0
1284091959173361920,1
1284092658849662976,1
1284113777627558400,0
1284121155092171264,0
1284130008703150592,0
1284132013681720320,0
1284217175644267008,1
1284245661338288128,1
1284262306315990016,0
1284272366937724672,1
1284557383184955904,0
1284570892023797760,1
1284594058437629440,0
1284628056797335040,0
1284639225419617280,1
1284651549591953152,1
1284657134381482496,0
1284677840869065216,0
1284682861292947968,0
1284683248132701696,0
1284691386180762880,1
1284696987542006016,0
1284706003569243904,1
1284707257511155456,1
1284713054818086400,0
1284713333905958400,0
1284743182742914304,1
1284755324722874880,0
1284755992076162560,1
1284784639559440128,1
1284785587817411584,1
1284785770217513216,1
1284796341934413824,1
1284798207530385408,1
1284800052637225728,1
1284832791277037056,1
1284852508569964288,1
1284875327907825152,0
1284878280875383296,1
1284885894759316992,0
1284900168270051072,1
1285301440492398080,0
1285328532804948224,0
1285331982169785344,0
1285356049618198528,0
1285437999571277312,0
1285453889853798400,1
1285455846643322112,0
1285459545202211840,0
1285462738805318656,1
1285473791512030208,0
1285476636044790016,0
1285488522072791552,0
1285498430647119616,0
1285516466943827712,0
1285521585183829248,1
1285522978389782016,1
1285534761984320512,0
1285558040810880512,0
1285565192159160064,1
1285640145624154112,0
1285671732577880576,0
1285916612879223040,0
1286002114439122944,0
1286059018507801344,1
1286090214821826560,0
1286116830031513344,1
1286155535579399168,1
1286227448848733440,1
1286237548693213184,1
1286243504946610432,0
1286247549230510336,0
1286248426213544704,0
1286265254255471616,1
1286272419395838976,1
1286307025349116928,1
1286695079397175808,0
1286785317702500096,0
1286813935215283456,1
1286860404392352256,0
1286875839441391104,0
1286899768748183296,0
1286928435577300480,1
1286974089181040384,0
1286980615077779968,1
1286982710060848384,1
1287041153016068096,1
1287063442390568704,1
1287131760805868288,0
1287142916922444800,1
1287197660547680256,1
1287201972078662144,0
1287442940143615744,0
1287466242303588608,1
1287474876536203520,1
1287477493275830528,0
1287489749856948736,0
1287515843220610560,0
1287518812927820800,1
1287523642604217856,0
1287525920047012864,0
1287565948494036736,0
1287583053985211904,0
1287594511277097216,1
1287615699099013376,0
1287641715461703168,0
1287652103874680320,1
1287677211394538496,0
1287682299750920704,0
1287685622889170944,1
1287687605629405440,1
1287739594645676544,0
1287743673775284736,0
1288138415515690752,0
1288148208157740032,0
1288259021070907392,1
1288260953758752256,0
1288288575323591936,1
1288298947994334976,1
1288324354425790976,1
1288353741937825024,0
1288356504503197184,1
1288363077590635776,1
1288381844313117184,0
1288404696469147648,1
1288423572877495552,0
1288428562456143104,0
1288444035916735488,0
1288503691631569408,1
1288543007175187200,0
1288577295055207680,0
1288581470732824832,0
1288900867195419648,0
1288947553153436672,0
1288964462902155776,0
1288981255207990528,1
1288997171128596736,0
1289017223161343232,1
1289044668905177856,0
1289088399069788928,0
1289111795907220736,1
1289116758433485568,1
1289130865547245824,0
1289142162308644096,0
1289153931439978496,0
1289173409173417728,0
1289190131189521152,1
1289192165889057536,1
1289203407679426048,0
1289242705210089216,1
1289270865502981120,1
1289646057182281472,0
1289648617038716928,0
1289658456364911360,0
1289684090850680832,0
1289728803786780416,1
1289750197736933120,1
1289783660299374592,0
1289792544612528384,0
1289802863091358976,0
1289803956096268800,0
1289808843006840576,0
1289829040417180160,1
1289842342957268480,0
1289873292854874112,1
1289924598725408768,0
1289926393962192896,1
1290007116476912896,0
1290032437008249088,0
1290382463133785600,0
1290395044692924416,1
1290410363216898816,0
1290416849014327552,0
1290487223897959168,1
1290521997063112704,1
1290535435974667008,1
1290547509555696896,1
1290556527970705920,0
1290570450865948928,0
1290576885545991680,0
1290590834336148224,1
1290600525035580672,1
1290618919940030720,0
1290633170884267776,0
1290638843206936832,0
1290745558697232896,0
1291109938383721472,0
1291188993132064256,1
1291199882283854336,1
1291300304972796928,0
1291307459183977984,0
1291308589550447872,0
1291323512586200320,1
1291324768508427264,0
1291341753382747904,1
1291342502368374272,0
1291349777962043904,0
1291468517476312576,0
1291471692595342080,0
1291530717849489920,0
1291810783906657792,1
1291830840459169280,0
1291868085060045312,0
1291923141400653568,0
1291967700559567872,0
1291969376048087552,0
1292025577663596544,1
1292043520082876160,0
1292058291900585472,1
1292073748530917120,1
1292075856112815616,1
1292134562392412928,0
1292195196077481984,1
1292563837338470144,1
1292569012618711296,0
1292581417470404864,1
1292602174792639232,1
1292604634997753856,0
1292604928449346048,1
1292626428209325824,0
1292636104859403520,0
1292653892354109184,0
1292696061676196352,0
1292705069404632064,1
1292714190504038656,1
1292714423913726976,1
1292725254652868864,0
1292730137423576320,0
1292734992631719424,0
1292736827606203904,0
1292763473877581824,0
1292768101747806208,0
1292769614742194432,0
1292773081864772096,0
1292780420154452736,0
1292796991426701824,0
1292812771509177344,0
1292825117152562432,0
1292834764392352768,1
1292877387431357440,1
1292886111048386560,0
1292899838480204544,0
1292946912511547648,1
1292952042383712768,1
1293283603443756800,0
1293333447596487680,0
1293399559842547968,1
1293402608750204928,1
1293412327763077376,0
1293415903351411456,1
1293460313704123392,0
1293463524532594176,1
1293467411330911744,0
1293493769695243264,0
1293494304512104960,0
1293507799950643200,1
1293512022433798144,1
1293566703921565696,1
1293600587867706112,1
1293615713884820992,0
1293625703529696512,0
1293629876893613824,0
1293965619884177920,1
1293980494055593472,0
1294013812490060544,0
1294033928555963136,1
1294044864772939264,0
1294052506253737728,0
1294064370036541440,0
1294088095754620160,0
1294089051129919744,1
1294098666798546432,1
1294109023136134912,0
1294172569865227776,1
1294178387680098816,0
1294191692122948352,1
1294266277409754112,1
1294266509906801920,1
1294317602494523648,1
1294441210184515840,0
1294742601402253056,1
1294752631477832192,1
1294768982589863936,1
1294776140231170048,1
1294780401605025536,1
1294780427103459328,0
1294782033150689024,0
1294785756563191552,1
1294789740244435968,0
1294824019208062208,1
1294844348928182272,1
1294847807444114944,0
1294855447912648192,1
1294887399229513472,1
1294909699597075712,0
1294920665573325312,0
1294938990721991168,0
1294960775401763584,1
1294961949426907136,1
1294975543171357440,1
1294979109701897472,1
1295044759997578240,1
1295060296869020672,1
1295070495497929472,0
1295077214837000704,1
1295085773960153856,0
1295122892787891712,0
1295447842296378112,0
1295455007601671680,0
1295506851918408192,0
1295523913528223232,0
1295538321621337088,0
1295539695576084992,1
1295558738366680064,0
1295580545595834112,1
1295587939789271552,0
1295594242858717952,1
1295617041822675712,1
1295634386961245440,0
1295635443570640128,1
1295636339527410688,0
1295649516277941248,0
1295653575828938496,1
1295663595669000960,1
1295719908870988800,0
1295830127000197632,1
1296236048642706432,0
1296239742846858240,0
1296260688802213120,1
1296330307801728256,0
1296359152237639168,1
1296383085511223040,0
1296467701902585088,0
1296574117423021568,0
1296879681453764352,0
1296916385614889472,1
1296970781217778176,0
1296982985228453632,0
1297156655807110656,0
1297181852785695488,0
1297190145983277568,1
1297285073907763968,0
1297296084341118720,0
1297374620983713792,0
1297570446814568704,0
1297609252699057664,0
1297643836704149248,0
1297664779035294976,0
1297666200504225792,1
1297672343467025920,1
1297676541638619136,0
1297677021167844352,0
1297716507635943936,0
1297722260039692800,0
1297740842402514432,1
1297744624034609408,1
1297758591141266432,0
1297762928322815232,1
1297781902091277312,1
1297828208695069184,1
1297838756336933376,0
1297841860649137152,0
1297844965676663808,0
1297860038655834368,1
1297881573612887040,0
1297895019355956224,1
1297904937297803776,1
1297904958686032896,1
1297909666037089280,0
1297917419312372736,0
1297988620025284608,0
1297994427532733184,0
1297999834273310976,0
1298217073649253632,0
1298325919930913280,1
1298355055850325504,0
1298376651171961600,1
1298385357779975424,1
1298389736846880256,1
1298389767332754944,1
1298396654115351296,0
1298410148621602304,0
1298433890525054976,0
1298455187165513984,1
1298455314555159808,0
1298456964838033408,1
1298466625039258112,1
1298470553106490880,1
1298477116901561344,1
1298499149202395392,1
1298499652948297216,0
1298503303631072000,0
1298538583571410944,1
1298569517838550784,1
1298572130592930304,0
1298578116963808512,0
1298602532958981376,1
1298611650919893248,0
1298616339829891328,1
1298633854653141248,1
1298659852588046848,0
1298667982643840000,1
1298678272554942720,1
1298706924140439040,1
1298707638883767040,1
1298775270651373312,1
1298822451928495616,1
1298840424334612224,0
1298999126146381056,1
1299050890776796160,0
1299056525661920000,0
1299067816282134016,0
1299091514290422528,0
1299094405600468736,1
1299105545414665216,1
1299112529281869568,0
1299153149128968960,0
1299153914510520064,1
1299157224778589952,0
1299160852346800640,1
1299164981049611008,0
1299179401863206400,0
1299198304628396544,0
1299220235690068992,0
1299225031252016128,0
1299232026332199168,1
1299249084777776640,0
1299249791913076992,0
1299253309531798272,0
1299253349139787008,1
1299253402604430848,0
1299253442845421056,0
1299255463929437184,0
1299258283084260096,0
1299263976973044992,0
1299265380366916608,0
1299300052605284096,0
1299305680236711680,1
1299314315961650688,0
1299322668614403072,0
1299351018593693184,0
1299354920755310592,1
1299382029320139776,1
1299441660658462464,0
1299814624138009088,1
1299828902555184128,0
1299831314203252224,1
1299839135266640896,0
1299840575203694848,1
1299843381601965568,0
1299869870955980544,1
1299900255738396928,1
1299901110669429504,1
1299902334325188096,1
1299921637575571456,0
1299922031778225152,1
1299960820492377600,1
1299962178046717952,1
1299967704228506112,1
1300001330325701632,0
1300002401773842176,1
1300007028201971712,0
1300009205513073920,0
1300015185770053376,1
1300178229823424256,1
1300186593494124288,0
1300481072829652224,1
1300529346268955904,0
1300540985427440896,0
1300541620487070720,1
1300543763144322048,1
1300551902876631296,1
1300551959579784192,1
1300559790339026176,1
1300571254699514880,0
1300571322052907008,1
1300571417104741120,1
1300604686154840576,1
1300623563117512448,0
1300632541870836992,0
1300649656478176768,0
1300653770476836352,0
1300655316682175488,0
1300676192109713664,1
1300704817978918912,0
1300712697608657152,1
1300732210353449472,1
1300737370484777728,0
1300740570704115456,0
1300751618903271936,1
1300763398714137088,0
1300802296914939648,1
1300819793021645312,0
1300854652182035968,0
1300879462573941504,0
1300881922683626240,0
1301211839452461824,0
1301241862848255744,1
1301252892035445504,1
1301256873303414528,0
1301260752218645248,1
1301297859452848640,0
1301308804433078784,0
1301342705610342656,0
1301533498828263936,0
1301542142063410432,1
1301569220193970176,0
1301595629393794816,1
1301608950651331584,0
1301615371822470144,1
1301686414983082496,1
1301743616831327232,0
1301902748380020992,0
1301924901929573376,0
1301973085888110336,0
1302007137168967936,1
1302053297682380544,0
1302092724512463872,0
1302131571819465216,1
1302134601125135104,1
1302145404548683008,1
1302168387793956352,1
1302173496614944256,0
1302175762637114368,0
1302264606366009856,0
1302310833129091328,0
1302336298290608896,1
1302417356864267520,0
1302666178367949568,0
1302715586965780480,0
1302723331977011200,1
1302724281255968512,0
1302725972873976576,1
1302755889492180224,0
1302762150157936128,1
1302762456231291392,1
1302768735127715328,0
1302791863014899200,1
1302798791569540864,1
1302825237897116160,0
1302844560070818304,1
1302852748188367360,0
1302855630903451648,0
1302862774678845184,1
1302863075252033792,0
1302866674698569728,0
1302870562887617792,0
1302879336906249472,1
1302879971066021888,1
1302905323622379520,1
1302909598923289088,0
1302918376380285952,1
1302934071907385088,1
1302935074729295872,0
1302938931678306048,0
1302967473153418752,1
1302973966761659392,0
1303006496057343488,0
1303008841185551360,1
1303042874641330944,1
1303070579291869440,0
1303165626821819904,0
1303413495126221056,0
1303420391300255488,0
1303452458322800384,1
1303491270090496768,0
1303527950935439360,0
1303533168913125120,0
1303550074086419200,0
1303574158151886848,0
1303582019582840320,0
1303596354475152128,1
1303625203062108672,0
1303640913657362432,0
1303650843286769408,0
1303652304120257024,0
1303662436698327040,0
1303674671798791168,0
1303695044488854272,1
1303768747014145024,1
1303820491730168576,1
1304094709174104064,0
1304119302885844992,1
1304170650305206272,0
1304174440520287488,1
1304191338292249088,0
1304193275441647616,1
1304202505425585920,0
1304206600220523264,1
1304257583133335296,0
1304262063072072192,0
1304281967401892096,1
1304299714456573952,1
1304302561627922688,0
1304304543914260736,1
1304322325136441856,0
1304349961603860736,1
1304351658555955968,1
1304353676821173760,0
1304359527845546496,0
1304373105206400512,0
1304402367965890304,0
1304418124681063680,1
1304424058781476352,0
1304430502929065472,1
1304440266745804800,1
1304447079710647552,1
1304510493660882176,1
1304511246687622912,1
1304511519668002560,0
1304514478773066752,1
1304531281160801280,0
1304823644696238080,0
1304826268627464192,0
1304827718152082688,1
1304893506326343680,1
1304900015111722496,0
1304925154166356736,1
1304925312895123456,1
1304926877932228096,0
1304947987117764608,1
1304962261251075840,1
1304965776000087040,1
1304966001701409792,0
1304969337171927040,0
1305000212039435008,0
1305004837519734272,1
1305009692972840704,0
1305019319123432448,1
1305038033551789312,0
1305043320664537600,0
1305050444075203584,0
1305053591892021504,0
1305058703970793216,0
1305063177179964928,0
1305071530955462656,1
1305074188976190464,0
1305079009938074624,0
1305081624980162048,1
1305092332363385600,0
1305107383042604288,0
1305109443605667584,0
1305136066364534528,1
1305140653078805760,1
1305155515484810240,0
1305168614413751552,1
1305225781347123456,0
1305232070002927616,1
1305236296036414720,1
1305596303497151232,0
1305669109191711744,0
1305669906697505024,0
1305679573663888896,1
1305689216096680704,0
1305689869854963200,0
1305695093284416000,0
1305709506275972352,1
1305710023191741184,1
1305735625553108224,0
1305752358920575488,0
1305758071197766912,1
1305760794119745792,0
1305761146387695872,0
1305762609484112128,1
1305779134276117248,1
1305779402556228352,1
1305782264485363712,1
1305790762486496512,1
1305801265403146496,0
1305824344283452416,0
1305829697901143296,1
1305839429985491200,1
1305847010405452544,0
1305897986926640896,1
1305983943241387520,1
1306344013109448448,1
1306345590295044864,1
1306350633058261504,1
1306399308161240832,1
1306401580390204416,1
1306403675285164800,1
1306404557978473728,0
1306417225249030912,1
1306441367505782784,0
1306459243377309184,1
1306466805012733952,0
1306472814418415104,1
1306483418929873408,0
1306487756574354176,1
1306489379551064832,0
1306549497150245888,0
1306565021102191360,0
1306657019380514304,1
1306722299326896896,1
1306952680123280128,0
1307060945653065984,1
1307072845899074048,0
1307088790199884288,0
1307112086304901888,0
1307120324998780160,0
1307136662428156928,0
1307167005145779200,0
1307167262065214720,1
1307169252062620672,0
1307194466157884928,1
1307211343762210816,0
1307233057744152832,1
1307239009772779520,1
1307272002077445888,0
1307280803824846080,1
1307293918565862144,1
1307296097761285376,0
1307313422073774080,0
1307325410771881472,1
1307343446809397248,0
1307354363485123328,1
1307377719602106112,0
1307399361682538240,0
1307453269780773632,1
1307747853567806208,0
1307773297691471104,0
1307798489030446080,1
1307819919241863168,0
1307820916785977088,1
1307822539605415424,0
1307828306794203136,1
1307831040732189184,1
1307845333990255872,1
1307864883951530240,1
1307878669682064128,0
1307880001117682176,1
1307910005177792000,0
1307919925964682240,1
1307923157714307840,1
1307938371916809216,0
1307940460122018560,0
1307955713495820288,0
1307964033617730048,0
1307965222836618240,0
1307970638509495296,0
1307978898994384640,0
1307992970690137344,1
1307998916803808256,0
1308017964711421696,0
1308049247519911168,1
1308112562256965632,0
1308442541803503872,1
1308456244478463744,0
1308486452995401472,1
1308534753530247936,1
1308559439280379648,0
1308563998141103872,0
1308578840851742208,1
1308592135661825024,0
1308594262332023040,0
1308599301987991040,1
1308611938583856896,0
1308620312970041856,1
1308648251438526208,0
1308654418229711104,0
1308654512869454336,0
1308655522657831680,0
1308676429581604864,1
1308693738327618048,0
1308696599596019456,1
1308726913784467712,0
1308744089987796736,1
1308786579577394176,0
1308798768260813056,0
1308820687865904128,1
1308842223320791296,0
1308861084601551872,0
1309123430230455808,1
1309189019882307584,1
1309200692873664256,1
1309214465609828608,0
1309230931456687104,0
1309232200098118912,0
1309241196059432704,0
1309242937978944256,0
1309257630318669312,0
1309271124542430720,0
1309284903794062336,0
1309292261036376320,0
1309301459797808128,1
1309313543243699200,1
1309346927856024832,1
1309359586500566784,0
1309359624633693952,0
1309369818800435712,0
1309371127186824448,1
1309379194719796992,1
1309390423448312576,1
1309400246726877952,0
1309400301166377472,0
1309407991878187776,0
1309415095325431552,0
1309488714358833408,0
1309491514301772800,0
1309514740427795712,0
1309582725136636416,0
1309944203446978560,1
1309958072272520704,0
1310006563678795776,1
1310007905040799488,1
1310017468686141440,1
1310035606981069824,1
1310121726915414528,0
1310127734296488704,0
1310170885104306176,0
1310175359193986560,0
1310212239681541888,0
1310319822522000128,0
1310325297211031552,0
1310622111679735040,0
1310661630018345216,0
1310730642506414592,0
1310733965074659840,1
1310743121019297536,1
1310781849536705024,1
1310782304772985088,0
1310789659116775936,1
1310798706245977856,0
1310810570162839040,1
1310831594591671808,1
1310834279321801216,0
1310839123836545280,1
1310858958184339712,1
1310887061659644672,0
1310900801460286464,0
1310909028590107136,0
1310933661625091328,0
1310935179827811328,1
1310976764671363072,1
1311063066819582208,1
1311229959791173120,1
1311417761725969408,1
1311453007194562560,0
1311468590092571136,1
1311492070752964608,0
1311520710167308544,0
1311548589984257280,0
1311556860077580288,1
1311603218389757440,0
1311609979430363392,0
1311647986125970944,1
1311658710167434496,0
1311667404487541504,1
1311667606986374400,0
1311678132100869888,1
1311682238466811648,0
1312125097297580800,0
1312271681679062784,0
1312301515959457792,0
1312327432666988032,0
1312331872743674624,0
1312335282186689024,1
1312412767795133952,0
1312420052055715328,1
1312555145069039872,0
1312822263779061504,0
1312824331673894400,1
1312825243593104384,0
1312862863471488768,0
1312865412005434112,0
1312874054526510848,1
1312896602425401088,0
1312915183043545344,1
1312917159689777920,0
1312918347996754688,1
1312931396924351232,1
1312940589515489536,1
1312947966978639872,1
1312958189364768256,1
1312972462591699712,0
1312976549926074112,0
1312981169886495232,1
1313002649009325312,1
1313038464292443392,0
1313056583263603712,1
1313061041131552768,1
1313064209686866432,0
1313068899277318400,0
1313070538831137280,1
1313072314525680640,1
1313074828054627328,1
1313079888634729728,0
1313084070968038656,0
1313107803092914688,1
1313119917495097088,0
1313129900954929920,1
1313170173701188608,0
1313211835619648512,1
1313253002920358400,1
1313520950866310656,0
1313563629683383552,1
1313567042939220992,0
1313573608008037376,1
1313576032673580544,1
1313592656025703936,0
1313609970117800448,0
1313639431648604928,1
1313649213162923520,0
1313679526063497728,0
1313695369921152512,0
1313697725593381632,1
1313725849237960192,1
1313741362751980800,1
1313749754871531776,1
1313758282305286400,1
1313761681640860672,1
1313767153806409216,1
1313781377735310848,0
1313787947346791424,0
1313794684824239104,0
1313828037919229696,1
1313845479323264000,1
1313863079351529984,1
1313891552248358656,0
1313936215720216320,0
1313937951471492608,1
1314274225820945408,1
1314317455482618368,0
1314321677700796928,1
1314333284219900928,1
1314390822915367680,0
1314396180620587008,1
1314415095679081984,1
1314432838520510208,1
1314442325512785664,1
1314447002707398656,0
1314549053593529088,0
1314552125302180864,0
1314574935652447232,0
1314605303410919424,1
1314670550402569984,0
1314678729777671680,0
1314735641408733440,1
1314741543723402240,1
1314995477963581184,0
1314995586306915584,0
1314999032652890880,1
1315002849566375168,0
1315018833880720128,0
1315043373449014784,0
1315092263511232768,0
1315153174367527936,0
1315156336597070080,1
1315161299815347456,0
1315173236073791744,0
1315186489773927424,0
1315219510089298176,0
1315247161867079680,0
1315254973518512640,1
1315265703711956736,0
1315291232004846848,0
1315302423882247168,0
1315311687791523584,0
1315448888459962624,0
1315758062298621440,1
1315764177175337216,0
1315768133986504192,0
1315779400267772928,1
1315780925235924480,0
1315783410001562112,0
1315783471274921728,1
1315847988827793408,1
1315864170540014848,0
1315868824878837504,1
1315874383184971264,0
1315884082241918464,1
1315892669423348224,1
1315898915324397312,1
1315903476022826240,1
1315904745451147520,0
1315909968244155648,1
1315912818384828416,0
1315923056728380416,1
1315927787021246720,1
1315933506170939648,1
1315938774295527936,1
1315963538720504576,0
1315975575190288128,1
1315987998495076096,1
1315994552031568384,0
1316015542312875776,0
1316334768814518528,0
1316422587225553408,0
1316428037813210368,0
1316450831273211648,0
1316452901188904704,0
1316472993831967488,1
1316506443391692544,1
1316522431022943488,0
1316544134501011200,0
1316553036753880320,1
1316565788619816448,0
1316567890564078336,1
1316592783813294848,1
1316648706601871104,1
1316649921045942272,0
1316656921594338304,1
1316657370415885056,1
1316660019529543168,0
1316661234913677056,0
1316663297141391104,1
1316675314958437632,0
1316727153233588736,0
1316771442662540288,0
1316808936412922368,1
1316844623892131840,1
1316846850497291776,0
1317122621510316032,0
1317132309052849408,0
1317186309393749760,0
1317221877737355264,1
1317245997709925888,1
1317255087220748288,1
1317282791519172608,0
1317316827180546560,1
1317337329443674624,1
1317370012929254400,0
1317370837574821120,0
1317401127533052160,0
1317449565739374080,0
1317464225816651008,1
1317491327610100480,0
1317523203056905984,0
1317535470221881344,1
1317552277001191424,1
1317596541930362624,1
1317665779904036864,0
1317866254208187904,0
1317911559332703744,1
1317924591317594880,1
1317979465670942208,0
1317980809578473728,1
1317989009004953088,0
1317996262285706240,1
1317997195172869888,1
1318000933014100480,1
1318024543091751424,1
1318057305554330112,0
1318080595625589760,0
1318109499792028672,1
1318128522320997376,0
1318134303950015744,1
1318153292216477184,0
1318156676379480576,1
1318190216271312128,1
1318250185144814080,1
1318263261458705920,0
1318289202809865728,1
1318553290373486592,0
1318742622669368320,1
1318767461937837824,0
1318803433643856896,0
1318804220816299264,1
1318808974448031744,0
1318881572720624896,0
1318897006102547456,0
1319015407304328704,0
1319373677717020416,0
1319393201559020544,1
1319404411227656960,0
1319589300617406720,0
1319610980063520768,0
1319665975758446848,0
1319716908231481856,0
1320097771387015936,1
1320105290073652992,1
1320124766615224576,1
1320139402911792896,0
1320150120108417280,0
1320239236946626048,0
1320278863386551040,0
1320296780608567552,0
1320302248856956672,1
1320313756133795328,0
1320359782332475904,0
1320414884405050112,0
1320444862557698816,0
1320460077822461696,0
1320470792025168640,1
1320473076023747072,0
1320493806772287744,0
1320501723002671360,0
1320836934620200960,1
1320843856514041856,0
1320850363201924096,0
1320862239278884608,1
1320878586689979648,0
1320879805169051136,0
1320903516007671040,1
1320904426695515392,0
1320956734358963712,0
1320970658091119872,0
1320979119645521152,1
1320980625643965184,0
1321001211519687168,0
1321010260220462848,0
1321018435912706304,0
1321021000063154432,1
1321023860339535872,0
1321049864856952576,0
1321056364857373184,0
1321059223398604288,0
1321064876490596864,0
1321077071645744128,1
1321085413835487488,0
1321085819488293888,0
1321183525937144576,1
1321197873395687936,1
1321483588647612416,1
1321519245255685376,0
1321543903400716288,0
1321568941471639296,0
1321572296765671168,1
1321581475053654528,1
1321668236446988032,0
1321689986649705472,1
1321719249449817856,0
1321721821340738816,1
1321725656309135104,0
1321737905238683392,0
1321746484634532608,1
1321778705821398528,0
1321784925175336192,0
1321801374838380800,0
1321843118874990336,0
1321932006932078592,1
1321969922463532288,0
1322306716254823424,0
1322391600618039040,0
1322405653867927808,0
1322422954758021888,0
1322427420850912512,0
1322459627368130048,0
1322482201564017152,0
1322483198548457728,0
1322490225539854592,0
1322507252062996224,1
1322508177643907840,0
1322547542832531968,0
1322555599232543488,0
1322592211853414144,0
1322605548601461760,0
1322605889979147264,0
1322611235390317056,0
1322629075412050176,1
1322631340358722048,1
1322635682973120256,0
1322637001510940672,0
1322638121435183360,0
1322638876250100736,0
1322639740527648768,0
1322640685574800128,0
1322654881155923200,1
1322660922419030016,0
1322676471289400832,1
1322710417868385792,1
1322772731229944064,1
1322867441293918720,1
1322978422954573568,1
1322995222241678080,0
1323000454940192000,0
1323030003245260032,0
1323034840033457920,0
1323055648096920832,0
1323060044345454592,1
1323060424805542144,0
1323061109131587584,0
1323080992769158144,0
1323226839967867904,1
1323237029865940224,0
1323239449295578112,0
1323241622006582528,0
1323246776986787584,1
1323349671799373568,0
1323808746887386368,1
1323838474204235520,0
1323845530299976960,0
1323859302841328640,0
1323979323245859840,1
1324484373352890880,1
1324566761086501632,1
1324603500946378496,0
1324609131519412480,1
1324641774254572544,1
1324648794949952000,1
1324674297553278208,0
1324702254428122368,0
1324702552933711616,1
1324709908020862976,1
1324713736551276544,1
1324741210324608000,0
1324741494619975168,1
1324765176333887744,1
1324830351521344768,0
1324831715276301312,1
1325075562324734464,1
1325138859066536192,0
1325168500492803072,0
1325186270923113984,0
1325194220426425088,0
1325276492139741184,0
1325371287007364864,1
1325382604145802240,0
1325430174186080256,0
1325442060247355392,0
1325483601480754432,1
1325513667162862848,0
1325556305936157184,1
1325846405001169920,0
1325898386266288896,0
1325926672139314176,0
1325962883363651328,1
1326015880538078208,0
1326024519215810304,0
1326043530649141760,0
1326048358558854912,0
1326069426386970624,1
1326080033143423488,1
1326086845565851648,1
1326092234263271936,1
1326112143392691712,0
1326119760441431808,0
1326146728979237120,1
1326150292770006528,0
1326185127202687232,1
1326237934684138496,0
1326300504022951168,0
1326393639840257024,1
1326500423626099712,1
1326514176248943872,1
1326647847245782272,1
1326659612127956480,0
1326733023019676928,1
1326735501177361152,0
1326739013529116672,0
1326822982806395392,0
1326826876455751168,1
1326862113505051136,0
1326872404154664192,0
1326903290508563968,0
1326991618144882176,0
1327000208726923264,0
1327041070793113600,1
1327309400259441408,1
1327326219341389312,0
1327386458721259008,0
1327422064780026112,0
1327475368305880320,0
1327527092034949888,0
1327540507144055808,0
1327541318021059328,0
1327550031627629056,1
1327632227761083904,0
1327646947545429504,0
1327697109649694976,0
1328069831870235392,0
1328106877604433408,0
1328167133546122752,0
1328173071673432320,1
1328227265688948992,1
1328228957176521472,0
1328236295549282560,0
1328241806425377792,1
1328281241456089344,0
1328283500177802752,1
1328307105671212032,1
1328315240429974272,1
1328348215531871232,0
1328357850706466048,0
1328384421536174080,1
1328419311727368704,0
1328433770188448000,1
1328457519361572864,0
1328817687625795840,1
1328823487455750400,1
1328836481692309248,0
1328867076829445888,0
1328875208030203392,0
1328881583856055552,1
1328881690758511872,0
1328899815843753216,0
1328900664061830400,1
1328918522373980928,0
1328930111343683328,1
1328947473670892288,0
1328954518543412480,0
1328958685984376576,0
1328960298628737536,1
1329017399513620480,0
1329070209597372416,0
1329075507344406272,1
1329081613655534080,1
1329140415219693056,0
1329149392087144448,0
1329400812214192640,1
1329457055748141824,0
1329509738972845056,0
1329535052537584896,0
1329536301349838080,1
1329540974839255808,0
1329564436089826048,0
1329564855584868352,0
1329584350106521856,0
1329611309827354112,0
1329613339471416576,0
1329623511345706240,0
1329633654091439360,0
1329639542472556544,0
1329651491011877632,1
1329661011262954496,0
1329664599345478912,0
1329676478151267328,1
1329679316120059648,0
1329695362871460608,0
1329705492821564672,0
1329746676361048064,1
1329746793791344384,1
1329761946121575936,1
1329769703485444352,0
1329820486000435200,1
1329824116135462144,0
1329999569589470976,1
1330138372741109504,1
1330203620060944640,1
1330225970322992640,0
1330238824900918272,0
1330275791641110528,1
1330294580982620672,1
1330322245157719040,0
1330323912947094272,1
1330325873555956736,1
1330341646192592896,0
1330385827435680000,1
1330394455738634496,0
1330397824460940032,1
1330414836999430144,1
1330421091922547968,1
1330421480847999488,1
1330423796638979328,1
1330428812657810688,1
1330451234693737728,0
1330467664793032192,0
1330477294344321536,0
1330547729307990272,1
1330553093781169664,0
1330576541796326656,1
1330595943487974400,1
1330937421750085888,0
1330970864718550272,1
1330979603962657536,1
1330985798277626880,1
1331036619600316672,1
1331042321101867264,0
1331087815667314688,0
1331090419263696128,1
1331093160957810944,0
1331123592269882624,0
1331165456948235520,1
1331198188436570880,0
1331205263658660864,0
1331209710942759680,0
1331216627130372096,0
1331648298206305792,0
1331663836528355840,1
1331702149532132096,1
1331705466804928512,0
1331778578973558528,0
1331826837201476864,1
1331871956722198784,0
1331873575280959488,1
1331895900033176832,1
1331899743151458048,0
1331931148661234944,1
1331938856680138752,0
1331942405587319040,0
1331996513504084480,0
1332150095815327744,1
1332156205240271872,1
1332347848832388864,0
1332416442911158016,1
1332428203335921664,1
1332450691401224448,1
1332463688033717248,0
1332496622091221248,0
1332544630440002304,1
1332545125661259008,0
1332559440247156224,0
1332568991372637696,0
1332584235144224256,0
1332608613789037056,1
1332648024002808064,0
1332670025319921664,0
1332673958580960000,0
1332678362439421952,0
1332703966551412736,0
1332740740429830656,1
1332748079604763904,0
1332753655088194816,0
1332764623449279488,0
1332785424798729216,0
1333128384452144384,0
1333131487647169536,0
1333165943137686528,1
1333188505312419840,0
1333201359513951488,0
1333202066644832768,0
1333225928454430208,1
1333236468256436736,1
1333258311607934720,0
1333259646609316352,1
1333263023906924032,0
1333293505149543424,0
1333308754864809472,0
1333327658795364608,1
1333329482097969408,1
1333338782665648640,0
1333387345479366400,1
1333407123271442944,0
1333419807599039232,1
1333426576795033088,1
1333440702829411072,1
1333529952842011904,1
1333860291388956160,1
1333871469121445888,0
1333895797100109056,0
1333907361076949248,0
1333924214008038656,0
1333943770814451968,0
1333944879318000896,0
1333948177550772224,1
1333958470318585088,1
1333972557980620544,0
1333983451624871168,0
1333988660808931072,0
1334010244295939584,0
1334017402355468288,1
1334018667978319360,0
1334024716741282304,1
1334028371059568384,1
1334033492373305856,1
1334058763372132864,0
1334061404111193088,0
1334072717817536512,1
1334109591561199872,1
1334113400711909632,0
1334120692470201600,1
1334184876072311296,0
1334195649770051584,1
1334198343119833856,0
1334203056482147840,1
1334608782274449920,0
1334610512717940992,1
1334625111920244480,1
1334626247641046784,0
1334631586775511296,1
1334633498308434944,1
1334634083125984512,0
1334640696292448000,1
1334671694100551680,0
1334675320785239296,0
1334709144966124032,0
1334717116318595584,0
1334723913174283264,1
1334763380341381376,1
1334777387003006208,0
1334800773533345536,1
1334809235375827200,0
1334906991680075008,1
1334932751903033600,0
1334974363854713344,1
1335207319873980928,1
1335281840487247872,1
1335286758480197120,1
1335292387851091968,1
1335305828876702720,0
1335315892829816832,1
1335334546717508096,0
1335385146484100096,0
1335392523450374144,0
1335398191383026176,1
1335400473211420160,0
1335449780981169152,1
1335451699866138368,0
1335478825730143488,1
1335496231704169728,0
1335506766473313024,1
1335514938521050112,0
1335518159111892224,0
1335518526513281280,1
1335522917125189376,1
1335536147538425344,0
1335547038193856256,1
1335584805770037760,0
1335591815810831872,0
1335595236807789824,1
1335609406367878400,0
1335631702314863872,0
1335714521204094464,1
1335723023571141888,1
1336010363715695360,0
1336019852433530624,0
1336026459858157568,0
1336048252338366720,1
1336060343300970496,1
1336062318339795200,0
1336063712494231296,1
1336095355962546944,0
1336148396269780992,1
1336181119277941760,0
1336183218108421120,1
1336192369870944256,0
1336229186254132480,1
1336271429221501696,0
1336301775839558656,0
1336582920323126784,1
1336700120357345024,0
1336809754011290112,0
1336835878981086464,0
1336886580328500224,0
1336898119080007936,1
1336898682224395008,0
1336900977930164480,1
1336909031120361472,0
1336920758478578944,0
1336954974652640768,1
1337030418092313344,0
1337030893031534336,0
1337056701670664192,0
1337169661561147392,0
1337181103035345152,0
1337487594841967360,1
1337533386127601152,0
1337545390649394944,0
1337660857358510336,1
1337684773411535872,0
1337685506053078784,0
1337687214499563008,0
1337738778520728320,1
1337755247188931840,0
1337873218588413696,0
1338153895736128000,0
1338192130083630848,1
1338196830214626304,0
1338238417092142080,0
1338244216238465280,0
1338280767739544320,1
1338290716049708032,0
1338296788200241152,1
1338331810662800640,1
1338340364628061440,0
1338355824422732288,1
1338370450446490624,1
1338374865652933888,1
1338420866977378816,1
1338422352901400832,0
1338424890742129408,0
1338439644428850432,0
1338446549656152832,1
1338458867886408192,1
1338466785693460992,0
1338497508136104704,0
1338510801361225984,0
1338512327049672704,1
1338911206064178688,0
1338920092464534784,1
1338928335212006144,1
1338970019157799168,0
1339002451162689792,0
1339016551053967616,1
1339029844335701248,0
1339050548333975040,0
1339052203570712832,0
1339052224267785728,1
1339056044637624320,1
1339093410723615232,1
1339095913631330304,0
1339142057491478272,1
1339152249143573248,1
1339156555705308672,1
1339182248725011712,0
1339297893050137856,1
1339305843957730304,0
1339370944525993984,0
1339642210712667904,1
1339671294855685632,0
1339681153162096128,1
1339713507425023232,1
1339727346008020992,1
1339797954464854272,1
1339839844326502400,0
1339874895314770432,1
1339879214358736384,0
1339904580968517120,0
1339912511750758144,1
1339915126825883904,1
1339921138255559936,1
1339995035408462080,0
1340006057809633792,1
1340029637826632192,0
1340035295903696128,1
1340353420698951680,1
1340372611983234304,0
1340417525765302528,1
1340506890579650048,1
1340521567989588736,0
1340532193936183552,0
1340573938032308480,0
1340574145015192832,1
1340597291877203968,1
1340631119642707712,1
1340680861111765760,0
1340682993736120576,0
1340696301891214592,0
1340700549584567808,0
1340719750745569536,0
1340751574066841088,0
1341102126030502912,0
1341144641778935808,0
1341213318420803072,1
1341228533682764288,0
1341228964663301632,0
1341258178316261888,1
1341280605924841728,0
1341307640636720640,1
1341312720051250432,1
1341320136143542016,0
1341324014660578560,1
1341328111250872320,1
1341330152055091712,0
1341347453184200448,1
1341353690656744704,0
1341354760728911104,1
1341357626769636096,0
1341445610257884672,1
1341451388343675392,1
1341457561433754624,1
1341832991100561920,0
1341839994171502080,1
1341896170919672320,0
1342011605202920192,1
1342065875228758784,0
1342066022165408512,0
1342261098198022912,1
1342572504414853376,0
1342591642756769280,1
1342628290082490112,1
1342637623794974976,0
1342654549274847744,1
1342692942011285504,0
1342757712434662144,0
1342769463529383936,1
1342789937571375104,1
1342795428679169280,0
1342810959637642752,1
1342821963612578304,1
1342858654176572928,0
1342888460841148672,1
1342895219244456704,0
1342956809025135616,0
1343307862817452288,0
1343312322195973376,0
1343334058637444864,0
1343337354694342656,1
1343338557108681472,0
1343340900847503104,1
1343355542784579072,1
1343379376856311296,0
1343379609532361472,1
1343427557205881856,1
1343433908323246080,1
1343434215917780736,0
1343437399540727808,0
1343437573411589376,0
1343559064924556288,0
1343577934974170368,0
1343597788122077184,1
1343633797757333504,0
1343634982865701120,0
1343640768712392192,0
1343659380437319424,0
1343666181351121664,0
1343703610742415872,0
1343972927464340736,0
1343992206988956928,0
1344007670716094464,1
1344012595828436736,1
1344018231325003264,1
1344024671254944768,0
1344028573106493440,0
1344054901688636160,0
1344064024667976960,0
1344076354573474048,0
1344103632272305408,0
1344121716205088000,1
1344134353451707904,1
1344169246361126912,1
1344179118891689984,0
1344189218662159360,1
1344200249742050304,0
1344235914738895616,1
1344257760753332992,1
1344321899571772672,1
1344366651686897664,0
1344368170397560320,0
1344376403181811968,0
1344427912496777728,0
1344749596624200448,1
1344755123751219968,1
1344786946378208256,0
1344862552301992704,0
1344875622780816896,1
1344899592355787520,0
1344909402057514240,1
1344918541419103232,1
1344930377500105216,0
1344935231331662336,0
1344937284854374144,0
1344955640481264384,0
1344965893702133760,1
1344966028676690944,0
1344982670837153280,1
1344988531476388096,0
1345016826146678272,1
1345025984913730560,1
1345039237055834880,1
1345097614208537088,0
1345123522749105408,0
1345169836249077760,1
1345431734024769536,1
1345434919686680064,1
1345438943646385152,0
1345444509951687680,0
1345468721407157248,1
1345484387537784576,0
1345497525742720000,1
1345516872119054848,0
1345521067644743168,0
1345523115617900544,0
1345530995707045376,1
1345535974356493056,0
1345619222602766592,0
1345626668047775744,0
1345639765179846656,1
1345663770530910976,1
1345688975687043328,0
1345689684929351424,0
1345696929800358912,1
1345708722595037952,1
1345727432484583680,0
1345750841223819264,1
1345838438093658112,1
1345845940498902528,1
1346195972607948544,0
1346200045990029056,0
1346201907962835200,1
1346225810093766656,0
1346239245873245440,0
1346311576092093440,0
1346368736203181056,1
1346378076918793984,1
1346386557530498304,0
1346391030406006016,0
1346469721432145664,0
1346639352115979776,0
1346907412166686720,0
1346919101625365248,1
1346924467253190656,0
1346966032894882304,0
1346994343417600256,1
1347080683335643392,0
1347094584191011584,1
1347117793975318528,0
1347174160417924352,0
1347184755199488000,1
1347494971004803584,0
1347626633106698496,1
1347699035109035776,0
1347706593677208064,0
1347715689630565120,0
1347743705071075840,0
1347801841506990848,0
1347818753608129536,0
1347851081680667392,0
1347864351400005120,0
1347877053736465152,1
1347888712871907072,0
1347910259701301248,1
1347943680974591744,0
1348032494059892224,1
1348082953901035264,0
1348359364763742976,0
1348401543407998976,1
1348407188774628608,0
1348419783424904192,1
1348425701379730944,0
1348431552890585088,1
1348450947070527744,1
1348465161837570816,0
1348485348077698048,1
1348489385260242432,0
1348524323582805248,0
1348560283453786368,0
1348561933975370496,0
1348562547998944768,1
1348587356212113920,0
1348591922985087232,0
1348600564104189440,0
1348603133597041152,0
1348614292192275712,1
1348668318308232960,0
1348714852976251904,1
1349067980329478400,1
1349088033054201856,1
1349094728208113152,1
1349102244393106432,0
1349106374197735680,1
1349143081213317888,1
1349144408534313216,1
1349150367003180032,0
1349172469197820160,0
1349193798676971008,1
1349194823897675264,1
1349233496821644800,1
1349234429266025472,0
1349234721332873984,1
1349281873871012352,0
1349289348643619840,1
1349300329997737472,1
1349301873930929920,0
1349349381822786304,1
1349359255562712576,1
1349384903484449536,0
1349408973352343040,1
1349429829875681024,1
1349699783575325440,1
1349807721870436352,1
1349808850811648256,0
1349823652154838528,0
1349864421868623104,1
1349869728438855936,1
1349882693381579776,0
1349943289066434816,0
1349956227075287040,0
1349969820340192768,0
1349975621703514880,0
1349982788023739648,0
1349992920138546432,1
1349993088088896000,0
1349996675946553856,0
1350025770371098880,0
1350040909955606528,0
1350047135438503936,0
1350087559255334400,1
1350093061765822720,0
1350128351108687616,1
1350166912577474304,1
1350187084172726272,0
1350192940010930432,0
1350483699158644992,0
1350541372418466560,0
1350555354405966848,0
1350565362587130880,0
1350572997524864512,1
1350586773412529920,1
1350623449733347840,1
1350656503305399552,1
1350662075903354368,0
1350669084304454400,0
1350672101816326912,1
1350674120344789248,0
1350677451258341376,0
1350690795190289664,1
1350732644188650240,0
1350752551297762304,1
1350775328872665600,1
1350775676896259328,0
1350852175103659520,0
1350891939813260288,1
1350893147926863360,0
1350900135369339904,0
1350904367953430272,1
1350905062525149696,0
1351215310991892224,1
1351218215515707136,0
1351223180064429312,1
1351227279653800704,0
1351252236225781504,1
1351276937837196288,1
1351282589245062656,1
1351287350283298816,0
1351296860018676992,0
1351361957787821568,0
1351444800060891904,1
1351446177446126080,0
1351457373568085248,0
1351505367254882304,0
1351521953351913216,0
1351594561902893824,0
1351627019748062720,1
1351752573919584000,0
1351948332341469440,0
1351972863953912320,1
1351992752761027328,0
1351996453918344704,0
1351996763788169216,0
1352022948111878400,0
1352026707774582272,0
1352033949005084672,0
1352152081088711424,1
1352166747792731392,0
1352169727296548864,1
1352185513553063936,0
1352231251752718848,0
1352238050952434688,0
1352240366868594176,1
1352267382562889984,1
1352668177083015424,1
1352721095368955904,1
1352734588475123200,1
1352806222668341504,0
1352825070681541632,1
1352839930100513536,1
1352870374838011392,1
1352878983177228032,1
1352892570810455808,0
1352906566455194624,0
1352937734495921664,0
1352958821997370368,1
1352990333567473920,1
1353005706943694592,0
1353116216870257408,0
1353435560314597120,0
1353456247062602752,0
1353490889855186432,1
1353506504536673792,1
1353507339550935296,0
1353515320929413376,0
1353534991530856704,0
1353577821299972352,1
1353580235868465664,0
1353591514918366464,0
1353613556444793856,1
1353615304815017984,0
1353647703428490240,0
1353654147833843456,1
1353660429743360256,0
1353673811838304256,1
1353714816082402304,1
1353717616862814208,0
1353735145474539008,0
1353754267602317312,1
1353761853202608640,1
1353784256447432448,0
1353785917373562112,0
1353796353804114432,1
1354121454969833216,1
1354125289325669888,0
1354137298983694336,0
1354193583584129792,1
1354223657048073984,0
1354245774279154688,0
1354309751578133504,0
1354328721569828352,1
1354329147095767808,1
1354343009029671936,1
1354406867661241344,0
1354417134332782080,1
1354446341317513472,1
1354567167763838208,1
1354857812168246272,0
1354861651067192576,0
1354879711796345088,0
1354891310496024320,1
1354930393469154560,0
1354969952683182848,0
1354971230573997312,0
1354975356193753600,1
1355004609939815424,1
1355043038164237312,1
1355046565030825216,0
1355116290461971712,1
1355120380282023680,0
1355121357756477696,1
1355123839143212800,0
1355137883431382784,0
1355185890621068032,1
1355190731668306176,1
1355242686540360960,0
1355244757532147968,0
1355271566298445312,1
1355292566730337024,0
1355596543667360256,1
1355620581509325568,0
1355645639644240640,1
1355677700005151488,0
1355684356635215616,1
1355696242802798592,1
1355705730256299520,0
1355718371071427840,0
1355737472916582656,0
1355743754091739392,0
1355766299984243200,0
1355769725226351104,0
1355774893268802560,0
1355785889615981312,0
1355828784961461760,0
1355833086937688576,0
1355867335502855680,1
1355868634156071936,0
1355897652940800768,1
1355945168656581120,0
1356321264822446592,0
1356324114372910336,1
1356341061663554560,1
1356355944833117440,1
1356377244603358464,1
1356384188716518912,0
1356384765617061376,0
1356393351798268160,0
1356434542177731584,0
1356454623429183488,0
1356465621804840448,1
1356472842147951360,0
1356497713462165504,0
1356508152724912896,0
1356522398753485824,1
1356530083006279424,0
1356543267070460416,0
1356546261760048640,1
1356559232408323584,1
1356564385877893376,1
1356567099295940608,0
1356583421912597760,0
1356587616773513472,1
1356652497781594880,0
1356687473962896640,0
1356714821224258816,0
1356726426049840128,1
1356749141398984448,0
1357068082654669312,0
1357153897299667200,1
1357159035908534528,0
1357162055762050816,0
1357163706853772288,0
1357166018828328192,1
1357185443218517504,1
1357189849358852864,0
1357199961533944320,0
1357202000195087360,0
1357202939020615424,0
1357212883727551488,1
1357233431599964928,1
1357264013906914816,0
1357306727066861056,1
1357308359943219456,1
1357328853305777920,0
1357332187345491712,1
1357344002178326016,0
1357419967188049408,0
1357445512478804480,0
1357795780756910336,0
1357825102073225472,1
1357837449632810240,0
1357845258360367872,1
1357853607366489344,1
1357872287192236032,0
1357942080421213952,0
1357945810691296512,0
1357992514186515712,0
1358005275963663360,1
1358009347457482240,0
1358021314009820672,1
1358037404620099584,0
1358038225562729984,1
1358059051660780032,1
1358070239437498112,1
1358082714029516544,0
1358092183675187456,1
1358126439706064128,0
1358529968990555904,0
1358543109710115840,0
1358543821962469632,0
1358552722216955648,0
1358579214298950400,0
1358609062413788160,1
1358611768349708800,1
1358626790807283712,1
1358633441478625280,0
1358649299489492736,0
1358660114410446080,1
1358679397216162304,0
1358693708837246464,0
1358704228211161088,1
1358733595005693440,0
1358749972518967040,0
1358776590845303808,1
1358809718739260928,0
1358820087911855872,1
1358877346885380096,1
1358893130010777600,1
1359229132985004800,1
1359264185032956160,1
1359274303588053504,1
1359283519153798656,0
1359338032227270656,0
1359351862717838848,1
1359356801578920448,0
1359367359337886720,0
1359413259532926208,0
1359430947214990336,0
1359438882545787136,1
1359446743166562304,0
1359447661228555776,0
1359459642080110848,0
1359464478550396160,0
1359474428700240384,0
1359488268141697536,1
1359492420678231552,1
1359509239319740928,0
1359519523467266048,0
1359550753308065024,1
1359572875278945536,1
1359576639826411520,1
1359581830708393472,1
1359582218906019328,0
1359582866229314560,0
1359592316973883136,1
1359627154234748928,0
1359630628768825344,1
1359640003025475840,1
1359653742202077696,0
1359941218424764672,0
1359958180575286528,0
1360000579480585984,1
1360019890016779520,0
1360022323903390464,1
1360024817129459456,0
1360027918636686080,0
1360037519873541888,1
1360059461826227968,0
1360061989247788544,1
1360090996354650624,1
1360100188562378496,0
1360100275306010624,0
1360104815406494720,1
1360107574192943104,1
1360107653768887040,1
1360113495999716096,0
1360122898482631680,0
1360128015908647168,1
1360130091770751488,0
1360131780307911680,1
1360168114448193024,0
1360168610594766592,0
1360186484769416192,1
1360220263414968320,1
1360235968464436480,0
1360254469614910720,1
1360258294118274048,0
1360345330867368960,0
1360391492287687424,0
1360683921366263808,0
1360691830472198656,0
1360713082188110080,1
1360725627573900800,1
1360740993249201664,1
1360746611060016128,0
1360760021720898816,0
1360785367722007552,0
1360786880737840640,0
1360800819415889408,0
1360816362941968640,1
1360828248883116032,1
1360859780163244544,1
1360880418731907584,1
1360894554782047488,0
1360897765520540672,1
1360914736417222656,0
1360920984227623168,0
1360929703113758976,1
1360935544517356032,1
1360977286523070208,0
1361002626445303808,0
1361011776522721024,1
1361013383981019136,1
1361041555019729920,0
1361063178078780928,0
1361165008316362752,1
1361169167896167936,0
1361172562771381248,0
1361174264647364352,0
1361385381218862336,1
1361405784785365504,0
1361412160077658368,0
1361416659122088960,1
1361485232831581952,0
1361489543113985536,0
1361541066136837632,1
1361579750421210368,1
1361587954124301056,1
1361590622052198144,1
1361590656611091456,0
1361597001827507200,1
1361620632392589312,1
1361621302425956096,0
1361627111418898944,1
1361633246386814464,0
1361656556405141760,1
1361679208855450880,1
1361692423061472000,1
1361773231547324928,0
1361775033913541888,1
1361841833610207488,0
1361952775441532928,0
1362110160009444864,0
1362140620581715712,1
1362160800686223872,1
1362169799241900032,0
1362183288587418624,1
1362185572551933440,0
1362203373918472704,0
1362265500011213568,0
1362328733483066368,0
1362351933937961472,0
1362366810291646720,1
1362403453356475648,0
1362429753426235136,0
1362460838435185408,1
1362488859791463168,1
1362494210829413120,0
1362508295038992896,0
1362560719247196416,1
1362640090038919168,1
1362853802268646400,0
1362920410105854720,0
1362935211187131136,1
1362992227457000192,1
1363052139233975808,0
1363057163445979904,0
1363109184765451264,1
1363113629357768960,0
1363117740143263232,0
1363118029415802624,1
1363122620606263040,0
1363130614269767424,0
1363196376314104064,0
1363551450231139072,0
1363552151113267712,1
1363577849640706816,0
1363613582535989248,0
1363629323942977024,1
1363633800625945088,1
1363635725103390208,1
1363640351140871424,1
1363642368109083904,1
1363642768588125440,1
1363643108877188608,0
1363651735812670464,1
1363654784096274176,0
1363662331206379776,0
1363666797830931712,1
1363712810671975424,1
1363713922827517952,0
1363730682500396032,0
1363745203538283264,0
1363774740591193344,0
1363800552645559296,1
1363806497460677632,0
1363852855295030016,0
1363888069148608768,1
1363932220935659520,1
1363964677899706624,0
1364011487780224256,0
1364299539093422080,0
1364302885150171392,0
1364321165092353024,0
1364340803076165632,0
1364350828685196032,0
1364353938127640320,0
1364361147122237440,0
1364366400048480768,0
1364371369287206400,0
1364373308055744000,0
1364413120568523776,1
1364448386058464000,0
1364473421884702464,0
1364475052085365248,1
1364479544244686848,1
1364483190354516736,1
1364492616675550720,1
1364519733676018432,0
1364531761366224128,1
1364535740782083328,0
1364691360791785472,0
1364728523380457472,0
1364989509919875328,0
1365049538588492544,0
1365053247912166656,0
1365064242878338560,0
1365070889157709056,0
1365072171544637184,0
1365113174979398656,0
1365142356126711552,1
1365179038537103872,0
1365179095324301824,1
1365184345703079936,0
1365188064006407168,1
1365190885346635520,1
1365194473203800832,0
1365210519859341824,1
1365248621498256896,1
1365306633638095616,1
1365306992973771008,1
1365326910254806784,0
1365331582858607104,0
1365339325976423680,0
1365391334205419776,1
1365688911882002176,0
1365763164963130624,0
1365763234209888256,0
1365771552458659840,1
1365788994410402560,1
1365790624172475648,1
1365846202145835264,1
1365866762612961792,0
1365901548193024000,1
1365907917128173568,0
1365910890390192896,0
1365919689310026496,1
1365923842850024448,1
1365928132668415744,1
1365928902989049600,0
1365931034943496960,1
1365936728848900864,1
1365969527919980800,1
1365984288354168064,0
1365984828557914368,1
1365997032680459776,0
1366018245179504640,0
1366038234002518272,0
1366056965364640256,0
1366125680807148288,1
1366354288410084864,0
1366357768720858112,1
1366424895269382144,0
1366462514512800768,1
1366481883970980864,0
1366497711240735744,1
1366518737192501760,0
1366523816468823040,0
1366542996191794688,0
1366553518044815104,1
1366615956086777344,0
1366624228065260800,1
1366642166961990144,1
1366649381001485824,1
1366655279565518848,0
1366684362447873536,0
1366713633613230336,0
1366715085227152896,1
1366725128634157312,0
1366726759561804800,0
1366727911897533696,0
1366730595159794176,0
1366753203393351168,0
1366824152625033472,0
1366846485006064896,1
1366895661630947840,0
1367130024572499968,1
1367224322780370176,0
1367227109530998528,0
1367257811990801920,0
1367280009971335424,0
1367287525319700480,0
1367340296282632192,0
1367356831626980608,0
1367367400942605568,0
1367391500444958720,0
1367462285860388352,0
1367473838686131968,0
1367476107343675648,0
1367484638975472384,0
1367624784602724096,1
1367627871420798208,0
1367915874204294400,0
1367932917141120768,1
1368098628737801728,0
1368110923468117760,1
1368119246489099264,0
1368135488112338176,0
1368203712591908864,0
1368292870357945088,0
1368323026803889664,1
1368389344665761536,0
1368629135062898432,0
1368631459723170560,1
1368634150324439808,0
1368657806389943296,0
1368659313662744576,1
1368681962498615552,1
1368702588577094912,0
1368709617297151488,1
1368710170962632192,0
1368721946821885440,0
1368722477956370944,0
1368734580099457024,0
1368746730482971648,0
1368758514157491968,1
1368760915356661248,0
1368768644699655168,0
1368791954877124352,1
1368793969129625088,1
1368795221802529280,1
1368798347049307136,0
1368798945253558272,1
1368801680373868032,1
1368803442855334656,0
1368858040241983744,0
1368864347495928832,1
1368867310504349440,1
1368880391106571008,0
1368892147085732352,0
1368894561351279872,0
1368997610105457152,0
1368998895362250240,0
1369015972385990912,0
1369035953583280384,1
1369050332536234240,1
1369109476121256960,1
1369388395902161152,1
1369407780746767104,1
1369422924972970240,1
1369435818329110784,1
1369453874028441344,1
1369483591733849088,0
1369489030754658304,1
1369493433744981504,0
1369499478337841152,1
1369535029435097600,0
1369579957149204224,0
1369596547203224064,0
1369614351777775360,1
1369623142318126336,1
1369625343898130944,1
1369626179488759552,1
1369627115925144832,1
1369649938791940608,0
1369650319143554304,0
1369683932603093504,1
1369711123576029696,0
1369718928431021824,0
1369729299877217792,0
1369730435169921280,0
1369742734453523456,0
1369747991957424896,0
1369756541508519168,1
1369772386196703744,0
1370067382341992192,1
1370081699315548672,0
1370114318186003968,1
1370151573849129472,1
1370151931354650624,0
1370161319222486016,1
1370163867457947648,1
1370166776245468672,1
1370168952461435904,1
1370208351037408000,1
1370210436879303680,0
1370212266209959168,1
1370245800466241792,1
1370284904700973056,0
1370286606459717888,0
1370297577705061120,0
1370304079314028800,1
1370306849663441152,0
1370319493696877312,0
1370341233940072704,1
1370349865221532160,0
1370368691502518016,0
1370409776126623488,0
1370412671248826112,1
1370425250129132544,1
1370433092113414656,0
1370456168569647360,1
1370475765489252608,0
1370482178044308736,0
1370483657097603840,0
1370492181364566016,1
1370545462169490688,1
1370554476735885824,0
1370787340682856448,1
1370803312249012480,0
1370822134309037056,0
1370854082735952128,0
1370856466300102912,0
1370870590684624384,0
1370913942821068544,0
1370924609104792576,0
1370972654095954432,0
1370983160492514560,0
1370989504684600576,0
1371006501809139456,0
1371012382603085056,0
1371043037164987904,0
1371043220451730432,0
1371044034978002688,1
1371061225294265600,0
1371078168184135680,1
1371090462380474368,1
1371103446994963200,1
1371115164476640000,1
1371171138396237568,1
1371179756523023872,1
1371221048616401152,1
1371235416330674432,1
1371239835701880832,0
1371537598619927040,0
1371567170957940992,1
1371608061670552064,0
1371717457288197120,0
1371729915312059904,0
1371748283623254528,1
1371768641871966464,0
1371775275496293120,0
1371782066290634752,1
1371817932573640192,0
1371827941005353216,1
1371843774363268864,0
1371865580056364288,1
1371881162635203328,0
1371914825023050240,0
1371987557908408576,0
1372127576037706496,0
1372224917332824832,0
1372265092123681792,0
1372323779984531456,0
1372351353005620224,0
1372421633974649600,1
1372437061310450944,1
1372445165088165376,1
1372452482884915712,0
1372517636364072192,1
1372521434018373376,1
1372523048036888320,0
1372525580828559104,0
1372548047137728256,0
1372567274586159104,1
1372645992114562304,1
1372682455475508736,0
1372718901343839232,0
1373000665452363008,1
1373042121974829568,1
1373136091341859840,0
1373144472959757568,1
1373151740828191744,1
1373161013632138496,0
1373203557594642432,1
1373205740644743936,1
1373209138851862784,1
1373245073182868224,0
1373264454258198784,0
1373270902720791040,1
1373270998714832896,0
1373332642743096576,1
1373332957606789376,0
1373340949317450752,0
1373340964483570176,0
1373357585850887168,1
1373438878878643200,0
1373639025358745344,0
1373669867318878976,0
1373677440757178112,1
1373709925086646272,1
1373741862958172928,0
1373742132318894336,1
1373754129693583872,0
1373759201252380416,1
1373786359556264704,0
1373816308796473088,0
1373818644119560704,1
1373823642194025728,0
1373827552654333952,0
1373856751878909440,0
1373856934361281792,1
1373860924477121280,1
1373880733340012800,0
1373884681271367936,1
1373897262490463232,1
1373913971173366784,0
1373915574071380992,0
1373917910279240704,0
1373918458464114688,0
1373930728133238528,0
1373933031844993792,1
1373978599228494080,1
1374002472362285056,1
1374008532372695552,0
1374015554153453824,1
1374019273821358848,0
1374049265320765952,0
1374108380151118080,1
1374119117002195200,0
1374122137218884864,1
1374125169547440640,0
1374125454195608576,0
1374141605636078336,0
1374469534033559808,1
1374504329536180480,1
1374506239542344192,0
1374512776334038784,0
1374516759451505664,0
1374519424301220096,0
1374521869921490688,1
1374567623901084416,0
1374582712313441280,0
1374588709874334720,1
1374593315710742272,0
1374609396311833856,0
1374638069494407168,1
1374639271047808768,1
1374643744474368768,1
1374659539344156160,0
1374666357098940160,1
1374671666513878528,0
1374722731219688448,0
1374746408292206592,0
1374752753274628608,0
1374779547240747776,1
1374782492220116480,1
1374784796580683008,0
1374813371317344000,1
1375194839020766720,0
1375199558236726272,1
1375202477194362624,0
1375207183204279552,0
1375207394137644800,0
1375210805308014080,0
1375258418377148160,0
1375297023808262912,1
1375323697253947136,0
1375327845229794304,1
1375334947722861056,0
1375337846422845440,0
1375360330134355200,0
1375367842265144832,0
1375375815314040064,1
1375394704802027776,1
1375395049470027520,0
1375427205182726656,0
1375429560598012928,0
1375451110364741376,0
1375454714860704000,0
1375514505572944896,0
1375524225857993216,1
1375530585779883520,1
1375534682286443008,1
1375604330476411648,1
1375684856333449984,0
1375817377513039104,0
1375921039610898176,0
1375924432967468800,0
1375942289722169344,0
1375957327243558912,0
1375958997538843904,0
1375993690078652672,0
1375997066811774976,1
1376023534341132544,0
1376036209416602880,0
1376063309478796032,1
1376067632986356224,0
1376068724129586688,0
1376090400430476032,1
1376093334800343552,0
1376099020856446464,1
1376100653406049792,1
1376123664344554240,0
1376124900034575616,0
1376144726734160640,0
1376206686040510208,1
1376258259080102144,0
1376263015167023616,0
1376266762016870400,0
1376277645984072192,0
1376289624151226880,0
1376381228978322432,0
1376552449015204096,1
1376605968687491584,1
1376629967129836032,1
1376662124946275840,0
1376678360691197440,0
1376701751701559808,0
1376718744044525568,0
1376800711379551744,1
1376801017830391552,0
1376834231821793024,1
1376839451668444928,0
1376878272358315264,1
1376891976585876480,0
1376899365705860608,1
1376941450719944704,1
1376945532216103424,1
1376956447610224640,1
1376992037019225344,1
1377358144261546496,1
1377365748625462272,1
1377384404531669248,0
1377422562193915648,1
1377468282288904960,0
1377493930938660352,1
1377527129317085440,1
1377570984229672192,0
1377586640917952512,0
1377592328534574080,0
1377607496862546944,1
1377634195677263616,0
1377663579538660864,0
1377671756693174016,0
1377688161829745664,0
1377755881972517632,0
1377806067619714560,1
1377808541359586048,1
1377809875710930176,1
1377810815059408896,0
1377811733175826688,1
1378012968383010304,0
1378109547502147328,0
1378112303208219904,0
1378116535339434496,0
1378140064617307392,0
1378199101642690048,1
1378241276380570880,1
1378269640769225216,0
1378278565421827584,0
1378284395477670912,0
1378290384467116544,0
1378372962995993600,0
1378428327255450112,0
1378462132356911104,0
1378646473685823744,1
1378721204302113024,1
1378724110016792576,0
1378727181503598080,0
1378794138820434432,1
1378815821201492736,0
1378819870668499968,1
1378836653532616960,0
1378848288899775744,1
1378860291160926976,0
1378862097217319168,0
1378869397745137920,1
1378922261041160448,0
1378929965995144192,0
1378935025592367872,1
1378951885348269824,0
1378968799372505088,0
1378982586925212672,1
1379008108972244480,0
1379011386718092800,1
1379013520179512832,0
1379014787426238720,0
1379019891060603648,1
1379026242721026048,0
1379032130600132352,1
1379089538514339072,0
1379106228943040000,1
1379143584180492288,1
1379172470365668608,0
1379184144960297472,0
1379188419032868096,1
1379488683066153216,0
1379495467611907840,0
1379513128554683392,1
1379518868758522112,0
1379556903238851584,1
1379570602604577792,0
1379579825569227264,0
1379582730254319104,0
1379672200911668736,0
1379688217233227264,1
1379739821677342464,1
1379757121819077632,0
1379796091111193088,0
1379798274582333440,0
1379800984047924992,0
1379840803410088448,0
1379863870059976704,0
1379889932538384640,0
1379909199701526272,0
1380251745198117376,0
1380261364038146304,1
1380290609326744320,1
1380292025919902720,1
1380292575890041088,0
1380304249777679616,1
1380330349950985472,0
1380334666484725760,0
1380340880590642176,1
1380374984924224256,0
1380378865606978816,0
1380388301844682496,1
1380390621595068160,0
1380392392558374912,0
1380424594672493568,0
1380433236542872576,1
1380449416998219520,1
1380449480858527232,0
1380449918401324288,0
1380456060239132928,1
1380462803865432064,1
1380467201448224256,1
1380482545678580736,0
1380495976542413824,0
1380562182209494272,1
1380940090187579648,1
1380960977396647936,0
1380963892650980864,0
1380976549865889280,1
1380997345544332800,0
1381021288245476864,0
1381048936410973184,0
1381049725179943680,1
1381070996617253120,1
1381079610499555328,1
1381083616191014912,1
1381133230449765632,0
1381162035942331648,0
1381188270852119296,1
1381197313483046656,1
1381199113825051904,0
1381201345557364480,1
1381240225263286272,0
1381242455788862208,1
1381249858013359104,0
1381252295569140736,0
1381264476634596864,0
1381281984673405184,0
1381346895697158912,1
1381658431524573696,1
1381665393490211072,1
1381673546089400064,1
1381680828174572032,0
1381715637338457600,1
1381723526251890176,0
1381727629088444928,0
1381747631439459840,0
1381757661684155392,0
1381760098916820992,0
1381762537042229248,0
1381785217135771392,1
1381789399146358016,0
1381802135498023168,1
1381830295397323008,1
1381830995758696192,0
1381867891472549376,1
1381886134750592000,0
1381887272348318464,0
1381889866557484288,1
1381915814580307200,1
1381916684751322624,0
1382009853279005440,0
1382018706095946240,1
1382036895827309824,0
1382050088768322560,0
1382092939565525248,0
1382115645815320320,0
1382219416446978816,1
1382402663870391808,0
1382469014564865024,0
1382509447688195072,1
1382552143077824000,0
1382555936002392320,0
1382570054004887296,0
1382572274928696832,0
1382581813944923904,1
1382596858446187520,0
1382647017561037056,0
1382648404829743872,1
1382657322982527488,1
1382669192459749632,0
1382691240340024064,1
1382695426124552704,1
1382704102540045056,0
1382714233563436800,1
1382721178125838336,1
1382828747167811584,1
1383057589138649344,1
1383108622371584000,0
1383132904873327616,1
1383158704531722240,1
1383204233281708800,0
1383255077392989184,0
1383279869099895296,0
1383318727682737664,0
1383329956004209152,0
1383385252748474368,0
1383395819216153088,0
1383397835150969088,0
1383414625511518464,1
1383427139174978304,1
1383463734042333440,0
1383493887638255360,0
1383518625755789056,1
1383583780779277824,1
1383857460179574528,1
1383877605500934144,0
1383903566734966016,0
1383904565096903680,0
1383908025299797760,1
1383922356030154752,0
1383929886047766016,1
1383957271139577600,0
1383987393531235584,1
1384007951377858048,1
1384017954178742272,1
1384037709053190400,1
1384041941263320576,0
1384081417766396160,0
1384099247429903616,1
1384101191317487616,0
1384104021567851008,0
1384114333525524992,0
1384123073591351296,0
1384234478792686336,0
1384258132606526976,0
1384258638094924800,0
1384262352379415552,0
1384305719788283392,0
1384348569949242624,1
1384547298140603136,0
1384637180947098880,0
1384647271844258304,0
1384652771163342592,0
1384665155792710144,0
1384677478501666816,1
1384700553801608704,0
1384741700126498816,0
1384752813509140224,1
1384758233704793600,1
1384758778123484416,0
1384826612162720256,0
1384826853645273600,1
1384830142582548736,1
1384830143017063936,1
1384831079678518016,1
1384831079882802176,1
1384831102389734656,1
1384831209969642752,1
1384848974576692480,1
1384859184069886976,0
1384864638495157504,0
1384899179981127168,0
1384923300248220416,0
1385239927938091776,0
1385353559178165504,1
1385372251314393344,1
1385380510987894528,0
1385395187774286336,0
1385466249821443072,0
1385490664339405568,1
1385491326103812096,0
1385506240982330880,0
1385526441136948992,1
1385535507534940672,0
1385536076220246016,0
1385555359363592192,0
1385565408187357696,0
1385565674210321408,0
1385575208989864704,1
1385579980173568256,1
1385586018764316416,1
1385634363879416832,0
1385647579692622592,0
1385648525278287872,0
1385669758858041856,1
1385690933740781056,1
1385698501320231680,1
1386026477326639872,0
1386030142928244480,0
1386039034983064064,1
1386053476982290944,0
1386056162536407040,0
1386068611015279360,0
1386081952216897536,1
1386100256897552128,1
1386103519169412352,0
1386115420521360896,1
1386132937894768384,1
1386134241063161088,0
1386155640441427200,1
1386166164674932224,0
1386169512661607680,1
1386223850182826496,1
1386253880887577600,1
1386261992920668160,0
1386267156599765760,1
1386274720166782464,0
1386284974433948416,0
1386292840475366400,1
1386307527706416384,0
1386329902363151616,1
1386391721112057088,0
1386393542779725056,1
1386443461880268544,0
1386746398963582976,0
1386747047946165504,1
1386759159018022400,0
1386762703089507840,0
1386774873317142784,1
1386776360065883904,0
1386782984695747072,1
1386784514369825792,0
1386790466691619072,1
1386803276169655040,0
1386803482537800448,1
1386805282568236544,1
1386823714188843776,1
1386838155026847744,1
1386838421735113472,0
1386857275777451520,1
1386862462202392832,1
1386869986362312704,1
1386914803128744192,1
1386920435031199232,0
1386920509541597184,1
1386924756237469184,0
1386931372301318912,0
1386953058200549632,1
1386958339532374272,0
1386965145486057728,0
1386981298253988608,0
1386996210430232576,0
1387035381729243904,0
1387114177743283456,0
1387169310554077184,0
1387203460034548992,1
1387249321661480448,0
1387257892754541568,0
1387277025023797760,1
1387435924376093952,1
1387492503390392320,1
1387506341662305024,1
1387530387861533440,0
1387585154367346688,0
1387638069641504768,1
1387682933601404672,0
1387686690108441856,1
1387692144927933696,0
1387698387306771712,0
1387705450597753856,0
1387711804793857024,1
1387726387920131584,0
1387741207793621504,0
1387745354865818368,0
1387772765767817472,0
1387773808340450048,0
1387837947170398208,0
1387843339577076480,1
1388196887943634944,1
1388243567892654336,0
1388278952011174656,1
1388363024920180736,1
1388365592632672512,0
1388415660421891072,0
1388416117507489536,0
1388419991299065344,1
1388438203022261248,1
1388451940710274816,0
1388462299874335232,1
1388464732821329152,0
1388467381626633472,1
1388483327342830848,1
1388496756122284288,0
1388504918248655872,0
1388530170111791104,0
1388535419907561216,1
1388553162478752000,1
1388558887260169472,1
1388579770076778752,0
1388605644339410176,0
1388877991410802944,0
1388948438433990400,1
1388969932359817728,1
1388981722539801344,0
1388981972448653056,0
1389023726299974400,0
1389025526465916160,0
1389062150844176896,0
1389083939751450368,1
1389089391282083072,0
1389121241562793216,0
1389152276482739712,1
1389162658880356608,1
1389169411155545856,0
1389176191031879680,1
1389207251428623616,0
1389222211657211904,0
1389255717857516032,1
1389271771242441728,0
1389276221057901568,1
1389291823061082112,0
1389305774733240320,1
1389307777223187712,0
1389340669744093440,1
1389341035108920576,0
1389341695716922112,0
1389375927751042048,0
1389384835364533248,0
1389386526569209088,0
1389445841920014336,1
1389614888206955008,1
1389677225430867200,0
1389692378318473984,1
1389693110865622528,1
1389725871866635776,1
1389786761782872576,1
1389801005615158272,1
1389831813102781952,1
1389840530315577088,1
1389861871781459968,1
1389889871463295232,0
1389909013758933248,1
1389925682672832256,1
1389929694296927232,0
1389961153926610176,1
1389965401807421952,0
1389972235820253184,0
1389977617115272960,1
1390002042011393536,1
1390002431105909248,1
1390045640193118720,1
1390047042594043648,0
1390059954921647872,0
1390069936661098496,0
1390300899112019456,0
1390315979870327296,0
1390352805848475136,1
1390363130690383872,1
1390363508752642048,0
1390388546139900416,0
1390389178334147840,0
1390391508742944768,0
1390403840790750976,1
1390411091319261952,1
1390437030296953344,0
1390438772686229248,0
1390441926355684352,0
1390443657025283328,1
1390485844098889984,0
1390491119357493504,0
1390503637734874368,0
1390515519183246336,0
1390520898682404864,0
1390528686351302144,1
1390529619491667456,0
1390540558540269056,1
1390549048941035008,0
1390581696616616192,0
1390605171586257408,0
1390618471170593280,1
1390648116908727296,0
1390648451262312960,0
1390664644215805440,0
1390702411175564544,0
1390717601292370176,1
1390724165268384000,0
1390744807039166464,0
1390771136840352768,0
1390779349642776576,1
1390818455620433152,0
1391041991980902144,1
1391072864246851584,0
1391081482568685312,1
1391110068416066304,1
1391116413100576512,0
1391116838118080512,1
1391124909330866944,0
1391138412229596160,0
1391176370950119936,1
1391193267384079104,1
1391193545744322560,0
1391220285842668544,1
1391224899160677888,1
1391235807905678336,0
1391247575223882496,1
1391249031268678144,0
1391256270426275072,1
1391256924763286784,1
1391275703666781440,0
1391286106898074112,0
1391304448601463040,0
1391307712169019904,0
1391347922321038848,1
1391351099544458496,1
1391387592272937728,1
1391502010854268672,1
1391785610282093312,0
1391819233127549184,0
1391842483589022464,0
1391858481250289152,1
1391917417785583872,1
1391924002105961728,0
1391947936748591616,0
1391978885597590784,1
1391990811215054848,0
1391994270000071936,0
1392013400000749824,1
1392013861487517696,1
1392021667917248512,0
1392027832592825856,1
1392038137728064000,1
1392042009317684224,0
1392046515775332864,1
1392060861292022528,1
1392060927477746688,0
1392061988818972672,0
1392063174316344320,0
1392081878508261632,0
1392104887679569664,0
1392107810931488256,1
1392109703335006208,0
1392112555215025152,0
1392114771235961600,1
1392123254347658240,1
1392130725619430400,0
1392140301873963520,0
1392161469088896000,1
1392199097771976704,0
1392240286183463168,0
1392285413061512448,0
1392447066955635712,0
1392501721462973696,1
1392540895604955904,1
1392574203464253952,0
1392583719062866944,0
1392685273477836544,0
1392690206992270080,0
1392730572940323328,1
1392764548724389632,1
1392955553363359488,0
1392959854569827584,0
1393081245978873600,1
1393268580353751552,0
1393276726703584768,1
1393292080552972032,1
1393303713307089408,1
1393350516441639424,0
1393395995274965248,0
1393427607498546432,1
1393460724832219392,0
1393460962551532032,0
1393463724187613184,0
1393469378706826752,1
1393494410696289024,1
1393499380489074432,0
1393538397017363968,1
1393547136658846976,1
1393549507259826944,0
1393553842837930240,0
1393591581743837696,1
1393667432209896448,1
1393679937248183296,1
1393947160105606144,0
1393963062468145920,0
1393963064660233472,0
1394002418802666496,1
1394020237338831104,1
1394025052972236288,0
1394037266853708032,1
1394050138143965696,0
1394050589918976256,1
1394054864849904384,1
1394072859882127360,1
1394077724220230400,0
1394083960179087616,1
1394090721990259968,1
1394109656630507776,0
1394118844563242240,0
1394119137754080768,0
1394136630703457280,0
1394136805134654208,1
1394139342873300736,0
1394147886786110976,0
1394161614387370240,0
1394176193400585728,1
1394181870120838656,0
1394183124743078400,0
1394183927995931136,1
1394184733548274432,0
1394198651094643968,1
1394211072691355648,0
1394215960280665600,1
1394225336236044032,1
1394272924729377792,1
1394307539522426368,0
1394319397043838464,0
1394321759325778688,1
1394323138941639168,0
1394368935616050176,1
1394387379524910336,1
1394438503907973888,0
1394675225248726784,1
1394693787693854208,1
1394699919550374400,1
1394702066240944640,1
1394729825587052288,0
1394730688601681152,0
1394730807081422080,1
1394747444937784320,1
1394747914045361152,0
1394771090641512704,0
1394772823094070272,1
1394777286218371072,0
1394790215346095360,0
1394798951830725376,0
1394826029501750784,0
1394855300633855232,0
1394865251369905408,1
1394869710584032768,0
1394872325533000448,0
1394883753905197312,0
1394888291424352768,1
1394893402593831168,0
1394899712938043136,0
1394902556733773056,0
1394910473947949056,0
1394913000350205952,0
1394949638635987712,0
1394958772050947328,0
1394962823428367872,0
1394970416117286400,1
1394975712525370112,0
1395009241202780160,1
1395017363425073664,1
1395018189683255296,0
1395036919624182016,0
1395091920063486976,0
1395113998914671616,1
1395132531848806400,1
1395175094589586176,0
1395390080726057728,0
1395437079269765888,1
1395441150034352384,1
1395453983393587712,0
1395457501456413440,1
1395462081206726656,0
1395500098007058176,0
1395526212278783232,0
1395549556600530176,0
1395567315075348480,0
1395591268214692352,0
1395600578753459200,1
1395613462750761472,1
1395622643329771008,0
1395624718238664448,0
1395627153055467264,0
1395633616178702080,1
1395634697090903552,0
1395635835880685056,0
1395637805575181312,0
1395681033934616576,0
1395687269993747456,0
1395689849969103616,1
1395720553332057344,1
1395767704789764608,0
1395792802417683456,0
1395849820086047488,0
1395875240848881408,0
1395886176931421952,0
1396073172031378176,1
1396110028155190528,1
1396146736505344000,1
1396170732683339520,1
1396173406883550976,1
1396189276972746496,0
1396209624784424192,1
1396211750366674688,1
1396213641493885952,0
1396245074935982592,1
1396251175121744640,1
1396253666049980928,1
1396264269842449920,1
1396290599934735616,0
1396310906582162688,0
1396327737946518784,1
1396337198299776512,0
1396350711998717440,1
1396351857208228864,1
1396355907779557888,1
1396374307493498368,0
1396387026314823680,0
1396392236574032640,0
1396413218397650688,0
1396465090705890048,1
1396512113451106304,0
1396535606057105920,1
1396544668776876288,1
1396549147436713216,1
1396892816063297536,0
1396908203649314048,0
1396928324871089664,1
1396931645129879296,1
1396936959831092480,0
1396944025259866624,0
1396961561632146432,0
1396974270299833088,1
1396976365556947968,1
1397039274004201728,1
1397045321170665728,1
1397045958091795712,0
1397054266233923072,0
1397060436715048448,0
1397067823516559360,0
1397081362690817280,0
1397113119478231808,1
1397115831825098496,0
1397134117210877696,0
1397148914438897152,1
1397154295489971712,1
1397165102821082368,1
1397171080933631232,1
1397186423575627008,1
1397191356261617920,0
1397208462088554240,1
1397211281304952320,1
1397607403487185408,0
1397627318234205696,0
1397628160021943296,0
1397641271850705920,1
1397652352996424960,0
1397721951045533952,1
1397764504351932928,0
1397786495224846336,0
1397789024069533184,0
1397789546127321344,1
1397797234104713472,0
1397820786998237696,0
1397854027297918464,0
1397865050546053888,0
1397866785900099328,0
1397873347367036672,1
1397876825416042496,1
1397975314974069760,0
1398062247488069888,1
1398062393401745664,1
1398064998943227392,0
1398378664892367872,0
1398387243139826944,0
1398397297640318720,0
1398499845922956288,0
1398530360238639104,0
1398540971423135232,0
1398568305519910912,1
1398577614372754432,1
1398581894541147648,1
1398634343262455296,0
1398678884417019392,1
1398719834880463360,0
1398783606598246400,1
1399035524722765568,1
1399037690992166144,1
1399102634618581760,0
1399104479624010240,0
1399107218958955520,0
1399133806359881216,0
1399136711494047744,0
1399153979483858944,0
1399191424939169536,0
1399213649787681280,0
1399223033563847936,0
1399225298587391744,1
1399233052715216640,1
1399265855470198784,0
1399267103225971712,0
1399269202456080896,0
1399289058589082624,0
1399298895897807360,1
1399339223157352192,1
1399361563920940800,0
1399362467820419072,0
1399398537748620544,1
1399405846101748480,0
1399767815527787520,0
1399807329462087424,1
1399838102665438976,1
1399841673970734336,1
1399845131396843264,0
1399881564660581120,0
1399883145082253312,1
1399888332899304960,0
1399904261152927488,0
1399932583793295616,0
1399958203396377856,1
1399976254364383488,0
1399976450183634176,0
1400016596976241408,1
1400022526692501760,0
1400035204618905088,0
1400064066972167936,0
1400064085534953472,1
1400070721969753600,1
1400458277409819648,0
1400558195399557376,0
1400566171663624704,0
1400666250937146624,1
1400670935606929408,0
1400671052108451840,0
1400703183804569856,1
1400707343901862144,0
1400722526344863744,0
1400731892615985664,1
1400736626298155520,0
1400754835079836928,1
1400755776669862400,1
1400766402508869632,1
1400770074527408128,1
1400774737359170560,1
1400775057075531520,1
1400798716602229504,1
1400828849092919040,1
1400843610927553536,0
1400852835176465920,0
1400875092681608448,1
1400904726000540416,0
1400914383379255808,0
1400920952436930304,0
1400988868675251968,1
1401239526861744128,0
1401250599130388480,0
1401279934507995136,1
1401284368954004736,1
1401291587452658688,0
1401292597341560064,1
1401329824697278976,0
1401346727720040704,1
1401380667005583616,1
1401385287536021760,0
1401407192758178816,0
1401407269074513664,0
1401416864304212480,0
1401437049941455104,1
1401471276441606144,0
1401482396821922816,0
1401492495074232832,1
1401536701808635392,0
1401614335810894080,1
1401667490510514432,1
1401938198279443456,1
1401938376529553920,0
1401943813943166208,1
1401949977324460288,1
1401958095141945600,0
1401960026617555456,0
1402022529337924352,0
1402048246744844288,1
1402049033925144320,0
1402103294418453760,1
1402126037840937728,1
1402150418849154560,1
1402168333233426432,0
1402169717323970560,0
1402190105514217728,1
1402195368099089152,0
1402229664422896384,0
1402257990150185216,1
1402343383121781760,1
1402357227571252480,0
1402393090933467648,1
1402629009694212096,0
1402676772036587520,0
1402789170806480896,0
1402806039506982656,1
1402807326172165888,0
1402884277778726912,1
1402905063253357824,1
1402928640822190848,0
1402949396759028992,0
1402976154267492352,0
1402995777342693888,0
1403019764702225152,0
1403157795146140416,0
1403225858662785024,1
1403423956404838912,1
1403439539481815552,0
1403442950262594048,1
1403512575421350400,1
1403584919599913728,0
1403596800079046144,1
1403598878929946624,1
1403651486275761152,0
1403676710492944384,0
1403697682541262336,0
1403740353380215296,0
1403747597891311360,0
1403831655640840192,0
1404115251619502848,1
1404177086656014592,1
1404182627809896192,0
1404205379633134336,1
1404254894126665472,0
1404262263596049408,0
1404300603386480384,1
1404308379521453568,1
1404312542691989504,0
1404371615297026048,1
1404380751117452032,0
1404413946605611776,0
1404422500956806912,0
1404424618731695872,0
1404425801551843584,1
1404430107654142720,0
1404442790319512576,0
1404474457916070656,0
1404496461268751360,1
1404756504381817600,0
1404869310232022784,1
1404875212640322304,0
1404877494880464384,0
1404883645024811520,1
1404895118889499392,1
1404904213092085504,1
1404905186869726208,1
1404918434012621568,0
1404949484460215296,0
1404985931954242048,0
1405025438651784448,1
1405036825158836224,1
1405042479734198528,0
1405059318876028416,1
1405059524813120256,0
1405062631042859008,1
1405069770272559616,0
1405138049924557056,1
1405140053762170624,0
1405140509213973504,1
1405161333687469824,1
1405162437222707968,0
1405196458603552000,1
1405213664964925184,0
1405221271349671424,1
1405221475931186432,1
1405295121532433920,0
1405308345426363392,1
1405312658172432128,0
1405558866762983936,0
1405579279108050688,0
1405587306850453504,1
1405609645006029824,0
1405631121035875584,0
1405631677503155456,0
1405641180866958080,1
1405676036405501440,1
1405753897509283840,0
1405756229223907328,1
1405814399537390080,0
1405834898329453056,1
1405841884477656064,0
1405844557168691968,1
1405855687455353344,0
1405859058846287360,0
1405881782543792384,0
1405892300164867072,0
1405914450505923072,0
1405942733533388800,0
1405974188086511872,0
1405997987861914624,1
1406003242430192384,1
1406279038773530368,0
1406298155485511168,0
1406327094224436736,0
1406347472485523456,0
1406366957082134016,1
1406373022779132160,0
1406379342645585664,1
1406381399465449984,0
1406396912083166208,0
1406418128073871104,1
1406434776863101440,0
1406450236801323520,0
1406450725771121920,1
1406463296533623296,0
1406474455368236544,0
1406487751935533824,1
1406496558073501952,1
1406501662866047744,1
1406506751307960832,1
1406506751384742912,1
1406506770887770368,1
1406506786557899776,1
1406507439552314112,1
1406513166806452224,0
1406528637560035584,1
1406534903512956928,0
1406539930877307392,0
1406543140200351488,0
1406544119247598848,1
1406545232139677952,1
1406560587101584896,1
1406581149841195264,0
1406628503393530880,0
1406694858809291264,1
1406765566186810880,0
1406782345482929920,0
1406984091917783040,0
1407009515357283328,0
1407012716592487424,1
1407045532797053696,1
1407239930016958976,1
1407244505171177472,1
1407309561955828736,0
1407734439689878272,0
1407745325037101824,0
1407786496926463232,0
1407790410079725056,1
1407878627567829248,1
1407882411722107904,0
1407896956825265408,0
1407903590595422208,0
1407904299240171264,0
1407912357298948096,0
1407985743424840192,1
1408066255686282496,0
1408081569772850944,0
1408185428813606400,0
1408204085630973184,0
1408211135137702144,1
1408214225688453376,0
1408465640014867712,0
1408556132566080512,1
1408566884314980352,1
1408576379377519360,1
1408587573969069824,1
1408677643012054272,1
1408697184610542848,0
1408699863274646528,0
1408721469622168320,0
1408777306063570944,0
1408787842186864640,0
1408871381350612480,0
1409196888417577728,0
1409212725897591296,0
1409221241920238080,0
1409259524413075200,1
1409262175736794624,1
1409272734926354688,1
1409274854260723456,0
1409277221371384832,1
1409343654890467584,1
1409344300535397376,0
1409356464011669248,0
1409363527040278272,1
1409368609783589120,1
1409395579390770944,0
1409404766762553600,1
1409412795741118208,0
1409414083823922688,1
1409418721778377728,0
1409427164788533760,1
1409456469804295680,0
1409481749140857856,1
1409489059829678848,0
1409500884624606976,0
1409526154102605056,1
1409567629516350976,1
1409645798205015808,1
1409942613421716480,1
1409955707749743104,0
1409976568967135744,1
1410003049974374144,0
1410061242468724992,1
1410071987810374144,1
1410073061341213440,0
1410076766444232448,1
1410080936858774272,1
1410087494097601792,1
1410090606516267776,1
1410093478225504768,1
1410126954004683776,1
1410152794349488384,1
1410160399668586752,1
1410160451844429056,0
1410191419246651648,1
1410240614980165120,1
1410307975729537536,0
1410326770055411712,0
1410329866226741760,0
1410611734454339328,1
1410646482557222144,1
1410655038645125888,0
1410662044764945408,1
1410684724261227264,1
1410705399736122368,0
1410710177775471360,1
1410712179265367808,0
1410732047581773312,0
1410733508326006016,0
1410757248931918080,0
1410772233980217600,0
1410777813303835904,0
1410781079837219840,1
1410805100941638400,0
1410811207971136256,0
1410815519729028096,0
1410833991149570816,1
1410845157889242368,1
1410845418923965952,1
1410873078158973952,0
1410941872113495552,1
1410946056157540352,0
1410989882705446400,1
1411120773064309504,1
1411336330387614720,1
1411358279635809536,0
1411406265330022912,0
1411445308917602560,1
1411463653655080704,1
1411469456223162880,0
1411522886352677376,0
1411523990757256960,0
1411529762207972864,1
1411565042817635328,1
1411625253606865920,1
1411661491903467776,1
1411664107813933824,1
1411717734359086336,1
1411733682012217344,1
1411738293563699968,1
1411739770065063424,0
1411747295594091776,0
1412033333680053760,0
1412078772462620928,1
1412161313662094080,0
1412163688180261120,1
1412197536891627008,0
1412214947796893184,1
1412276664846860544,0
1412279044162311168,0
1412281898342619136,1
1412293853599805952,0
1412296442167914240,0
1412302113695394048,0
1412304672222007808,0
1412305049060098816,1
1412305352294473984,1
1412305572868892160,1
1412305814436352768,1
1412339598679365376,0
1412348270856457216,1
1412384369167405568,1
1412388702794172160,1
1412392323643417856,1
1412407764610958592,1
1412418965279674112,1
1412449786554151936,0
1412456426319446528,0
1412464553236615936,1
1412493704762483456,0
1412560826987308544,0
1412565449957908480,0
1412736182417296384,0
1412824819429150464,1
1412849877700122112,0
1412867977966700032,1
1412920951160894208,1
1412997832723584768,0
1412999080639798528,0
1413004722094260480,0
1413032320418962944,0
1413048550636209920,1
1413054200981357824,1
1413056978362375680,1
1413064425998070272,0
1413074969840364288,1
1413084774960381440,1
1413134597841320704,1
1413140958984287232,0
1413173438549431040,1
1413203825717403136,0
1413206442818459904,1
1413235137903265792,0
1413259254211757824,1
1413497704086662144,1
1413572747880864512,0
1413643023164712192,0
1413668924050692864,0
1413727081628138752,0
1413737793496599040,0
1413740077713004800,0
1413817969444102912,0
1413851622924749056,0
1413856031024084736,1
1413895646095399168,0
1413926382662816768,1
1414018870256009472,1
1414312709672640768,1
1414319012616852224,1
1414324248527122432,1
1414331506638120192,0
1414338927169425664,0
1414381183021316096,1
1414385118187715840,1
1414405750875414272,0
1414421386461541120,1
1414426102999022336,0
1414427234684442112,1
1414430373250680576,0
1414432332654862336,0
1414462575003133440,0
1414475391072495360,1
1414479428754691328,0
1414496568524460032,1
1414505004080408576,1
1414541147844833792,0
1414567209616528128,1
1414605049660088576,0
1414609347138061056,1
1414655428221421312,1
1414691918113623808,0
1414981641594854400,1
1414983966318656256,1
1415009709951600128,0
1415031964843649792,0
1415039987757037824,1
1415106982904816896,0
1415142617664466176,1
1415147008991479296,0
1415161812646101760,1
1415163573214960128,1
1415173255886619136,0
1415182083986096384,1
1415214539699072512,0
1415223778189992192,1
1415225440875713280,1
1415244363403465728,1
1415251459745350656,0
1415255736624711936,0
1415306667081144320,0
1415333108182923776,1
1415389118694206976,0
1415400924267624704,1
1415417774745322496,0
1415439633686136576,0
1415467307490841856,1
1415723993032077312,1
1415790518941267712,1
1415790519109891328,1
1415790535947750400,1
1415790538507715328,1
1415790549886516224,0
1415792368895983360,0
1415800574227680000,1
1415807843865553408,1
1415886756702047232,1
1415889241026981120,1
1415892267099286016,1
1415895490649987072,1
1415896897265791744,1
1415900439314648832,1
1415905135006541312,1
1415913199177888768,0
1415920067046534912,1
1415947824162204160,0
1415952782521028608,1
1415971902741549824,0
1415984770114878208,1
1415993710370094080,0
1416073031364971520,1
1416095280646599168,0
1416147779428447744,1
1416169292959579904,1
1416435787631145984,1
1416470695391714304,1
1416480290197639168,1
1416485283837816576,0
1416494592674629120,0
1416495095577778176,1
1416496589121206016,0
1416510586362118144,1
1416520749629300736,1
1416535424728989952,1
1416539227711026944,1
1416541082201414400,0
1416541705004044800,1
1416577058579058944,0
1416601691438205952,1
1416625565300844544,0
1416628663292874496,1
1416637883208823808,1
1416655170056107776,1
1416725070764973568,0
1416799080837086464,1
1416821214419533312,1
1416840626973914880,1
1416884561996320000,1
1417192988091759616,0
1417210768956215040,1
1417238074963214080,0
1417264809330040576,0
1417291065076352512,1
1417291249985292032,0
1417339134852011008,1
1417345914294685952,0
1417349916240114688,1
1417362272829920000,0
1417368323787152896,0
1417394993030084352,0
1417396398454430464,0
1417415853289643776,0
1417426671926701568,1
1417426677781309440,0
1417441981476884480,0
1417483358230982400,1
1417536286624781312,0
1417552429222799360,0
1417574928325436416,1
1417883871686415360,0
1417920200867214080,1
1417974331028702208,0
1418008860762336256,1
1418025603502012672,0
1418080371791766272,0
1418094071668071424,0
1418113780811254784,0
1418137249651709696,0
1418195500040838400,0
1418222135961034752,0
1418223339877113344,0
1418276850104079616,0
1418283039781202432,0
1418288849978448896,0
1418294913210430208,0
1418382637798164992,1
1418634324155948288,0
1418655034122502144,0
1418665788125383168,1
1418684420329949184,1
1418690917314203648,1
1418705846622682624,0
1418712161267353600,1
1418712342359553280,1
1418714575284087040,0
1418731516670317824,1
1418844606466504704,1
1418862580981039360,0
1418904473911008000,0
1418906084008063232,1
1418910452115307776,1
1418911709584900352,1
1418918782605637888,0
1418924383463920896,1
1418939047119069952,0
1418980255127009024,0
1418981939522187520,1
1418991119209120768,0
1418994427046144768,1
1419363134985041920,1
1419367092671112704,1
1419383530101547008,0
1419402573998380800,0
1419407871349270528,1
1419425915020750848,0
1419436123649243904,0
1419464052042429440,0
1419469615970642688,0
1419495196830155264,0
1419526622983643136,0
1419556817993120768,1
1419595025219174400,0
1419600704396770560,1
1419607202097500416,0
1419623497891003136,0
1419637296318632192,1
1419645919600757248,0
1419706325884339200,1
1419718987506187776,1
1419796504337633792,0
1420061289967213568,0
1420074647174470144,1
1420092323109279232,0
1420108845096813312,0
1420124563284572416,1
1420139088579019008,0
1420142823993048576,1
1420161588043023616,0
1420173278119007488,0
1420203416986752768,0
1420219040733189632,1
1420223075144545536,1
1420258639533441536,0
1420267589207938816,1
1420272695588715520,0
1420305413474959104,0
1420307738160509184,1
1420319604277103616,0
1420355908239314176,0
1420385473704602112,1
1420420356028026880,0
1420528903405019136,0
1420756756413336064,1
1420780221943650560,0
1420785572653637120,0
1420816950172845824,0
1420819560777073664,0
1420840325698211584,0
1420861039309523712,1
1420863904107215616,0
1420891746940842240,0
1420963626880515328,0
1420967849630948352,1
1421009669767124992,1
1421012656718037248,0
1421031468953597184,1
1421043945243531776,0
1421068352063385856,0
1421088347439314944,1
1421104071638341632,0
1421112087523136256,0
1421128910266350848,0
1421138143921922304,0
1421147460793617152,1
1421160673217495552,0
1421260240756574464,1
1421488034662506240,0
1421548487753397504,1
1421551448460513792,1
1421570406884840192,0
1421584811843806976,1
1421621124429926400,1
1421642406558788352,1
1421676076982696704,1
1421686782007454208,1
1421690061036192768,0
1421696839104082944,0
1421697247611254784,0
1421722182206787328,0
1421760938850466816,0
1421783712273920512,0
1421798276012223488,0
1421896015539645440,1
1421916316524990976,1
1422258154829735680,1
1422265186994624512,0
1422266737791125760,0
1422292468840765440,1
1422300027607652352,0
1422317044361510144,0
1422387353499827712,1
1422390959401136640,0
1422391434083452672,0
1422429695651602944,0
1422437677431253248,0
1422452823791989760,1
1422464387115558144,0
1422518654960446464,0
1422537555636064000,0
1422543436042892800,1
1422548675250140928,1
1422571982917791488,1
1422578601122030848,0
1422584245579686912,0
1422586616742942464,0
1422974172215853056,1
1422983683823037696,1
1423018918521851392,1
1423019057401521152,1
1423042942480992256,0
1423045507392360448,1
1423108381837626368,0
1423203729771180544,0
1423208585681258240,0
1423214341265761280,0
1423216027300801280,0
1423243908847968256,1
1423266883355518720,1
1423462607846341120,1
1423674998638785024,1
1423724159070842624,0
1423773629854748416,1
1423775310084758016,1
1423788523314891520,1
1423791204567073024,0
1423798811109369856,1
1423906370160553984,0
1423941388947074048,0
1423967589270637312,1
1423989864751998976,1
1424029762398807040,1
1424075893107801856,0
1424088467979430912,1
1424460728137858560,1
1424482254017196800,0
1424510743844222464,1
1424514157287656192,1
1424518037640638720,0
1424559806175771648,0
1424582042334075136,0
1424608265255982592,0
1424609462371281664,0
1424679020293465344,0
1424683501221516800,0
1424693628048271616,0
1424694324823873792,1
1424699802711229696,1
1424735798139369728,0
1424762763880353024,1
1424763575330347008,0
1424781159773477376,0
1424803536760173568,1
1424810472191243776,1
1424832226339838208,1
1425124392959388416,1
1425142100848940800,0
1425161662618338816,0
1425187579266456320,1
1425217141033448192,1
1425241106493981440,1
1425250900916848640,1
1425294334217739776,1
1425334278186566400,0
1425358758886636288,1
1425382762099516928,1
1425384410853261568,1
1425398248944931328,1
1425419116742676480,0
1425541731223339008,0
1425583903055586048,0
1425586551166573568,0
1425785020832728832,0
1425895167655826432,0
1425906412894655232,0
1425912152412407808,0
1425927706533600768,0
1426036077119110144,1
1426036157888154624,0
1426095864092908800,1
1426116492586841088,1
1426130507507408640,0
1426143527616428032,0
1426151039890284544,1
1426178053361425920,0
1426206690529794560,1
1426225670973302528,0
1426232247560109312,1
1426237080475497728,1
1426256525558659584,1
1426282892286609920,0
1426598046099098368,1
1426618433122039296,0
1426629375337215232,0
1426666354264289280,0
1426675172868684288,1
1426801362334507264,1
1426810116279861504,0
1426835392423177984,0
1426866768974090752,0
1426879896775315456,1
1426880379734777344,1
1426926736586282496,1
1426959456146638336,1
1426960190307165184,0
1427347082262689280,0
1427348514518434560,1
1427368351996784896,1
1427377702439533824,0
1427394948498795264,1
1427411282851144192,1
1427416349400984576,1
1427427944692780544,1
1427429162374995456,1
1427443708156727040,0
1427447180998785280,0
1427466015164118272,1
1427478832102101760,1
1427492669997317888,0
1427500373234409216,1
1427506195407133952,1
1427511977719946752,1
1427529124720003840,0
1427533406472074496,0
1427536863929835264,0
1427576857580966400,1
1427612081522409472,0
1427640557523611392,0
1427650073759660288,0
1427700311293570816,1
1427702003115109376,0
1428068194334049536,0
1428177298701290240,0
1428220555306000128,0
1428270361249588480,0
1428344434999209728,1
1428412152291775232,1
1428428912725764352,0
1428456315296328448,0
1428717546602114048,1
1428739737278264064,1
1428804862995924736,0
1428863606645000960,0
1428952202536339456,0
1429039112032435968,1
1429041686444042496,0
1429049100836098048,0
1429064376437547776,1
1429112407140643328,0
1429487982376365824,1
1429503280170299136,1
1429579380321977600,1
1429582054074794496,0
1429620870538105344,0
1429642763146019584,1
1429654626818833920,1
1429664598475549952,1
1429664931314567936,0
1429668864650794240,0
1429677481634872832,0
1429689502172101376,1
1429736345678848768,0
1429739098700452608,1
1429743038490977792,1
1429748110546860544,0
1429761196206781952,1
1429781670684960768,0
1429816305245621760,1
1429826741209181440,0
1429856488247877632,1
1429864362770823424,0
1429896849005323520,0
1429899823187268608,0
1429906590850135552,0
1430215885718667264,1
1430225714446681600,0
1430230955254984960,0
1430252010861724672,1
1430255526461093888,1
1430296815312398080,1
1430301905026995200,0
1430319349967538944,1
1430325650991563776,1
1430352023007418368,1
1430353076407755520,0
1430384776325034752,1
1430387281571992576,1
1430394062848062976,1
1430414722141397760,0
1430498744329480192,0
1430505948050641664,1
1430549695559778816,0
1430619063558786048,0
1430624254347689472,0
1430696743402365184,1
1430932320653939200,0
1430948206526072320,0
1430951908872435456,0
1430959466948855296,1
1430973042233181696,0
1430973122535245824,0
1431006337821579264,0
1431014210487338240,1
1431065384541632256,0
1431103906135785472,0
1431108696844877568,0
1431138131735665152,1
1431139418180210176,1
1431142763000544256,1
1431151649121986816,1
1431175786334979584,0
1431179580653741056,0
1431198901847768832,0
1431217222608644864,0
1431260403394307840,1
1431648447880633088,0
1431651554195419136,1
1431663022399485696,0
1431665743192247552,1
1431669425793424640,0
1431759674822036736,1
1431807730883333376,0
1431815312174435328,1
1431817520193508096,1
1431832343722378496,0
1431835578900227840,1
1431904364049491968,1
1431909818031658240,1
1432044544917851904,1
1432339572356439296,0
1432381596546974720,1
1432400291307624960,1
1432423904442642176,0
1432463916340082176,0
1432470467049013760,0
1432471795625822720,1
1432477179661148672,0
1432499928264761600,1
1432530778855407104,0
1432556452613132032,0
1432563043480752640,0
1432605013584570368,0
1432633457674829056,0
1432636199498373376,0
1432672288025746688,1
1432676701976203264,0
1432756892912401920,1
1432784812982845440,1
1433105667911435776,0
1433164834579272704,1
1433221576111203840,0
1433279621764772352,1
1433318662818684672,0
1433379545108976384,0
1433809287336019712,1
1433843179453320192,1
1433872840973602560,1
1434139398426892544,1
1434176737406095104,1
1434201273415383040,1
1434528539035634432,0
1434613173951404544,1
1434712782970937856,1
1434776336023586304,1
1434854381495523584,0
1434868898563398144,1
1434938711502491904,1
1435255340417362688,1
1435282913735397632,1
1435300309176403712,0
1435302044822675712,0
1435323551987815424,1
1435352707396474112,0
1435466659818624000,0
1435470737679778048,0
1435477736112646656,1
1435491823260639232,1
1435519992624612352,1
1435534308334950400,0
1435558238952762368,1
1435566680978526976,0
1435600126455612928,1
1435611849880163584,1
1435645131427286272,1
1435654795430043648,0
1436014247213269760,0
1436018487081390592,0
1436112387019512320,1
1436208519681363712,1
1436213337549282048,1
1436223790727352064,1
1436241436305986048,1
1436245528971246336,1
1436250353782435328,0
1436269543088216064,1
1436303181214639616,1
1436374448482073856,0
1436374978059397888,1
1436400402438226176,0
1436466571170168064,1
1436735005110841856,0
1436741764017945088,0
1436753178030607360,0
1436769455022949376,0
1436777897501108224,0
1436783208932048384,1
1436785981297906944,0
1436836348042326016,0
1436843170763020032,0
1436878932720431616,0
1436887231077976576,1
1436988147382767104,1
1437001330720203776,1
1437022805768877568,0
1437072103149364224,0
1437479534750505472,0
1437501604341135360,1
1437511316524887808,0
1437534115350417152,0
1437565340703720192,0
1437589591138227712,1
1437604024030560000,1
1437628879199070464,1
1437672094120384768,1
1437696441898836736,0
1437718753052012800,0
1437870948447000832,1
1438242112565640448,1
1438294585011070464,1
1438476928111630080,0
1438481355765120768,1
1438535542895910400,0
1438553534361497088,0
1438743197687052032,1
1438936099412566272,0
1438970880168736000,1
1439053566152442880,1
1439099758664045312,1
1439099874315542528,0
1439128350682489600,0
1439130435372972032,0
1439187404789981952,0
1439248780979257088,1
1439281771913764608,1
1439311314958258176,1
1439314876060768768,1
1439330912899025408,0
1439417789689826304,1
1439587834052184576,0
1439611503213845248,1
1439680696740978176,1
1439693109556899840,1
1439712496464748800,0
1439719294024217344,1
1439817213350224896,1
1439829805128148480,0
1439862290108353280,0
1439870004508381440,1
1439876688920534784,0
1439917675628611328,1
1439964760084532224,1
1439969933088227840,0
1439970978838531584,0
1440122013998181120,0
1440294970820890880,0
1440319255575340032,0
1440335673772336128,0
1440392934846388736,0
1440413749769669888,1
1440435527405770240,0
1440437288647440640,0
1440445766596626944,1
1440494882783429376,0
1440514753327696384,1
1440522178207253504,0
1440537138129745664,1
1440543826809530624,1
1440555183981261312,1
1440599984616097536,0
1440635629278165504,0
1440650692276841216,1
1440656012821562624,1
1440757340850182400,1
1441089651607771136,0
1441090341530716928,1
1441100919655781632,1
1441123021393428736,0
1441143019542381056,0
1441163294196328704,1
1441170851334552320,0
1441212459864029184,1
1441228973189741056,1
1441238098333626112,1
1441242623231475200,0
1441272999254124800,0
1441274668250886912,0
1441285619300407808,0
1441347995135836416,1
1441362667689844480,1
1441369202520009216,1
1441389442134435072,0
1441404136628302848,0
1441429994549104896,1
1441449670385982976,1
1441830435054915840,0
1441836053192581376,1
1441836114368546304,0
1441846525547642624,1
1441851568658383872,0
1441854101361707776,1
1441864496877263360,0
1441864578383316224,1
1441872664660937728,1
1441875064863299584,1
1441900027760780544,0
1441949314810966016,1
1441973306775690752,1
1441976000653079040,1
1441980618888874496,0
1442002512673310720,1
1442009226892268032,1
1442028859519606272,1
1442075099080402944,0
1442116654778417920,0
1442188014125991936,0
1442356746398325760,1
1442517064778127616,1
1442528924402640128,0
1442545882311661312,1
1442577825392855296,0
1442586212263612160,0
1442590139360251392,0
1442714453163244288,0
1442757506068077568,0
1442761211863502080,0
1442765660776119040,0
1442790625632154880,0
1442807288982658816,0
1443406038323859200,1
1443414368881022976,1
1443478444938629632,1
1443481407060628992,0
1443498202967911936,0
1443546466497933056,1
1443565569755439872,1
1443592388037484032,0
1443608432382326272,0
1443972546882213120,1
1444046601301479168,1
1444082087106107136,1
1444191104047568384,1
1444206443691275776,0
1444224791157168896,1
1444228129675597312,0
1444269966025337344,0
1444315900193532160,0
1444407015431577344,0
1444421897137243136,1
1444460682360551424,0
1444669461603523584,1
1444687694235047936,1
1444739258275500800,0
1444751672572067072,0
1444772016504537856,0
1444789414643264768,0
1444836391113547520,1
1444888043063563520,1
1444910141839671808,1
1444931862522336256,1
1445042093045768192,1
1445053010655268352,1
1445078169822629120,0
1445082426114129152,0
1445104338992665344,1
1445252703269547520,1
1445252804884451584,1
1445449519932047616,1
1445491052999535872,1
1445491333589427712,1
1445491338015905024,1
1445508766228893696,1
1445528037824018688,1
1445564883680591872,0
1445609778724848896,0
1445665922532212736,1
1445681981647416320,0
1445695122609469184,0
1445723228745404928,1
1445745392292041472,1
1445745991694002176,1
1445795843072911360,0
1445807213448658432,1
1445827805431069440,0
1445861027182247168,0
1446062937628785920,1
1446134991607246592,1
1446202699114443008,0
1446209577912377088,1
1446223302893273600,0
1446249132911205632,1
1446348165466893056,0
1446352009520329728,0
1446401253075672064,1
1446441998189362944,1
1446465719287286784,1
1446866857947580416,0
1446926920080458240,1
1446961095831458816,0
1447013821260631296,1
1447018373314865152,0
1447038215002490368,0
1447062637784542976,1
1447066951207682816,0
1447074730744905216,0
1447079829416526080,1
1447083877192274944,0
1447084036301236224,0
1447095342338282752,1
1447097744830794752,1
1447100161468478464,1
1447106772886093568,0
1447108018225853184,1
1447157211255709440,0
1447205567397137664,1
1447581018566997504,1
1447588721110600704,1
1447624491884287232,0
1447661617733302016,0
1447670944405423872,1
1447687813350864384,1
1447688078117924864,1
1447766074103720960,1
1447776073001455104,1
1447836679559876608,1
1447841316946111232,1
1447875318694937856,0
1447897990477925120,0
1447900982253589760,1
1448364277060154368,1
1448428680121021184,0
1448436440814556160,1
1448532374421247232,0
1448564295425490944,1
1448569923110489088,0
1448621444478374144,0
1449055414581357312,1
1449119799531980288,0
1449221594777112320,1
1449222403226709248,1
1449322139027838464,0
1449332052470315520,1
1449348132594824448,0
1449355699769826304,0
1449355820247202304,0
1449356606731736576,1
1449357591596589056,0
1449375191546533888,0
1449543918543450624,0
1449550891208929536,1
1449753600564593664,1
1449776052840713216,1
1449792113663723008,0
1449809304425216768,1
1449869298890009088,1
1449931205677259776,1
1449957011442572288,1
1449963371296044032,0
1449983667357420544,0
1449987222232525568,1
1449989374999385600,0
1449996843240387840,0
1450048266165656832,0
1450063773719919360,0
1450121150457118208,0
1450167545627709696,0
1450272417815293184,1
1450505927574140160,1
1450555675653987328,1
1450582013488503296,1
1450586433681911552,1
1450599118750996992,1
1450626234813230080,0
1450627673777403648,1
1450638294339708928,0
1450665922577639424,0
1450691703145130752,0
1450701049585609984,0
1450722050520882688,1
1450753569497255168,1
1450790059723731712,1
1451310705103316992,0
1451337185517114624,0
1451338566147616000,0
1451379046716779520,1
1451401171000084992,1
1451427802410870784,1
1451445324107691520,0
1451454649404822528,1
1451457994344612352,0
1451489675611209728,1
1451554510137408000,0
1451614863542259200,0
1451638439805068288,0
1451651614060664832,1
1451665019318334976,0
1451667940653844992,0
1451889224852325888,0
1451969516395572480,1
1451999449122261760,0
1452028838513475072,1
1452043080245117440,1
1452072210959671296,1
1452106910325632768,0
1452131663510278912,1
1452177897100486912,1
1452199979536056576,0
1452324031924095232,1
1452392642257769216,1
1452406338405902080,1
1452650796201760000,0
1452719196848997888,1
1452737963074949888,0
1452811808729013248,1
1452835958223491584,1
1452844594218184704,1
1452847843817932800,1
1452871497049355264,0
1452882048535831040,0
1452883048791016960,1
1452897483328739840,0
1453055425996975104,0
1453247989686406912,1
1453356575467448832,1
1453395518523897344,1
1453412616607242240,1
1453542218353998336,1
1453552505954959616,1
1453567860020650496,0
1453577288196987392,1
1453618031156983808,0
1453712678915047680,1
1453942754904987904,0
1453945880417010688,0
1454161054936271360,0
1454165800654321920,0
1454170940900853248,1
1454175041258051072,0
1454214902383808000,0
1454249721211608320,1
1454339291259550720,0
1454356263098260224,0
1454380122210104064,1
1454404244984863488,0
1454428885438473984,0
1454492747604401408,0
1454557285443988480,1
1454887868397449216,0
1454893933812489728,1
1454905211771132672,0
1454969951345967616,1
1454985755215746560,1
1454994196618466304,1
1455043534265565440,0
1455046764488726784,1
1455055287821258240,1
1455084055267345664,0
1455148967429351936,1
1455157347908298752,1
1455444585194930176,1
1455553697481446912,1
1455574134850169856,1
1455578418144836096,1
1455581675753892352,0
1455617003750484736,0
1455657564436046336,1
1455660283009696000,0
1455663681669947648,0
1455665987492816896,1
1455679877687017472,1
1455697112733231360,1
1455699995646594816,1
1455733031463433216,0
1455747478161303552,1
1455748062730713088,0
1455767474260390144,1
1455774328401864960,1
1455800853191457024,1
1455813623064559872,0
1455815824783427840,0
1455825478527443456,0
1455831250319442688,1
1455840891246586880,1
1455869510993030144,1
1455882164696493056,0
1455924253092193536,1
1456296717706569472,1
1456321520594847488,1
1456327681598746112,0
1456366022573353216,1
1456398922704353792,0
1456409339440257024,1
1456488871831361792,0
1456498911064353024,1
1456513568797329920,1
1456514934077515008,0
1456522849924686848,1
1456525404894383872,0
1456539168591470336,1
1456548070452098560,0
1456557506553140736,0
1456561652871234816,0
1456563878543707904,0
1456566767190877184,0
1456567062074001920,0
1456661153929597952,1
1457023754670644736,1
1457048747210537216,1
1457063872933643008,1
1457073976130419968,1
1457102675618780672,0
1457121060733690880,0
1457168115503529984,1
1457179120727268096,1
1457182691306270208,0
1457188497895229952,1
1457191515531054848,1
1457209368482267392,0
1457211192096822784,1
1457222433841192448,1
1457230180563790080,0
1457233698447720192,0
1457239575754468608,0
1457252598731303424,1
1457255708835879680,1
1457350750427042816,0
1457362316300187136,1
1457394298328790528,0
1457395101920676864,0
1457487728069853440,0
1457491426072909312,1
1457647163533356800,1
1457755406242694144,0
1457779831274651648,0
1457785377151536128,0
1457793373117580288,1
1457801627277684736,1
1457816121642007552,1
1457874734166556672,1
1457900074850702336,1
1457928050881608960,1
1457931954605630720,1
1457941399841061888,1
1457970222594093824,1
1457983471427389952,1
1457987141007883264,0
1458019536015995392,1
1458039592392679424,1
1458046593974498048,0
1458048496996382720,0
1458059384434601728,1
1458063996420749824,0
1458073949806131712,0
1458083765348356096,1
1458095883930751488,0
1458139269042351360,1
1458476532911648000,1
1458513348566247680,0
1458527382890127104,0
1458530181442956800,1
1458642458331652096,1
1458645836376951040,1
1458666555721363200,0
1458726862427609856,0
1458732764784900864,1
1458734168125764864,1
1458741972330994944,1
1458747854466639104,1
1458757166269445888,1
1458760511985566720,1
1458853003116194304,1
1458920891492258816,0
1459110977954847232,0
1459326149609740544,0
1459376560844466432,0
1459437042435817472,0
1459441516463081984,1
1459443170183607552,0
1459489308421147648,0
1459545399874716672,0
1459596624692863488,1
1459661976960879104,0
1459722565097045504,1
1459936232689312768,0
1459962370930509824,1
1459974010914576384,1
1459974774461682176,1
1459989577633903872,0
1460017679389422592,1
1460056416716666624,0
1460074856889095680,1
1460090688206118144,0
1460108112656482560,0
1460109576270565632,1
1460112764878808832,0
1460143582152452608,1
1460153562137997312,1
1460158186620317952,0
1460258265170424320,0
1460263244303191296,0
1460264053852353792,1
1460267185509153024,1
1460665939819813888,1
1460717695866504192,1
1460723614925856256,1
1460732018626855424,1
1460738402934133504,0
1460749948434247424,0
1460754468340445952,0
1460758083213095936,1
1460775580074277376,1
1460778860971743488,1
1460786716740042752,1
1460798526950106112,1
1460809373022650368,1
1460817895724021248,1
1460857142086537984,1
1460976585254839296,1
1461051059407571712,0
1461417173198320896,1
1461440452967392768,1
1461453052876529152,1
1461464035056854016,0
1461503435362191872,1
1461509208293445120,1
1461530325411813376,0
1461562302246289920,0
1461594606887357696,1
1461620282430507520,0
1461660341288162816,0
1461663507956047104,0
1461704569280734464,0
1461706380749615360,1
1461772339165182464,1
1462096591595781888,0
1462124460114606592,1
1462132610504743680,1
1462142452282335744,1
1462149575471542784,1
1462153491771233024,1
1462174186958971136,0
1462185620073263616,0
1462186269731991552,0
1462190129132763392,1
1462202572006020352,0
1462256535794873856,1
1462262518599908096,1
1462282573374033408,1
1462289033637315328,0
1462313703345126144,1
1462320857213808640,0
1462345271151098880,0
1462359317191733760,1
1462359666773037824,0
1462420165744388352,1
1462424418615867392,0
1462453290985929472,0
1462520204714201600,0
1462816710792124416,1
1462872901719863040,0
1462896815729327616,1
1462903478422829312,0
1462918219381211136,0
1462952557926008320,1
1462972885361510144,1
1463052862194741248,0
1463088612172172544,1
1463489779520062976,0
1463571710231197184,1
1463598759678522624,1
1463711550211915008,0
1463712564952963328,1
1463770505002556160,1
1463796628489255168,0
1463833671984832256,0
1463857833413282560,1
1463862857959592192,0
1463876389864624384,1
1463927832760072192,0
1463936026915697664,0
1463939697180430592,0
1464220292992334592,1
1464300341756088320,0
1464388424240512000,1
1464410711230688768,0
1464508401462249728,0
1464516719216846080,1
1464523272659512832,0
1464523393677980928,0
1464680965167125504,0
1464780619372417536,1
1465005258517031424,1
1465037928789143296,0
1465039383848480256,0
1465048619328136704,0
1465071543036578816,1
1465078635466197248,1
1465092043281581568,0
1465138282066473984,1
1465147672523451392,1
1465216540328378624,0
1465273183671315712,0
1465297411158958848,1
1465320086712111104,0
1465343961864455936,1
1465356643698038272,1
1465388850817475328,0
1465796780155946752,0
1465809425963951616,0
1465840099391029248,0
1465883986247678976,0
1465884771132723712,1
1465909610541501184,0
1465914481395874304,0
1465973731499464192,0
1466020906165515264,1
1466021210795530496,1
1466085409596527104,1
1466089303138196480,1
1466091403817941760,0
1466447757990814464,0
1466454914626423552,1
1466490339450818304,0
1466513213837755392,0
1466518264395003648,0
1466652380857703680,0
1466658479076154112,1
1466669334693307136,1
1466672171398564608,1
1466679071762484992,1
1466691334562166784,0
1466708891498060544,1
1466726796361120768,0
1466891233692215552,1
1467142420408169728,1
1467146380448011264,0
1467192316794017792,1
1467205187524057600,0
1467209156711002880,1
1467220738312280064,1
1467222385845882368,1
1467223481026125824,0
1467229194831572992,1
1467283463384922880,0
1467287467681275136,1
1467306701635071744,0
1467312907813549312,1
1467316052840931584,0
1467333189547403008,0
1467383219180999168,0
1467420124073195776,1
1467461052196783872,0
1467586888044492288,0
1467758506467176704,1
1467866619121009920,0
1467929181002618112,1
1467984200893202176,1
1468006627422435328,1
1468039565340691456,1
1468040953458279424,1
1468054808145556992,0
1468065705499874560,1
1468066211278868992,0
1468097805457456384,0
1468129241600365824,1
1468136896424920832,0
1468149494469575424,1
1468162305677172480,0
1468163831947450112,1
1468281779292436480,1
1468325378890445056,0
1468343972901820672,1
1468408337707950336,1
1468417284970912768,1
1468771206844315904,1
1468786853363870720,0
1468825596123382784,0
1468834970728737280,1
1468854323931840512,1
1468883343482905856,1
1468891815630553344,1
1468989658656066304,1
1469012274118236160,1
1469300659812079104,1
1469347380828889088,0
1469381270413765632,1
1469388969093159168,1
1469420326362568192,0
1469480747196640000,0
1469491887423766784,0
1469568569550554624,1
1469585454150296832,0
1469655070667121664,0
1469735659646540800,1
1470048787470359552,1
1470055297541478656,1
1470180691860964096,0
1470181598403015936,0
1470185753758894080,0
1470226705420436736,1
1470241977639391232,0
1470243806214255104,1
1470251997939767040,0
1470257556995507968,0
1470263869718042368,1
1470265778792390656,0
1470267957974931456,1
1470273585000376320,0
1470275959601855232,0
1470313120775665152,1
1470319743231314944,1
1470334904990785536,0
1470353453839468800,1
1470945357288683776,0
1470993998550210048,1
1471000688649038080,0
1471001105147813376,1
1471004754660719872,0
1471008376533720832,0
1471017416423534080,1
1471019010357412608,1
1471019038467808768,0
1471023243773269248,0
1471059178611234816,0
1471064551907664896,0
1471072780644656128,0
1471083985835888384,1
1471115927480405248,0
1471570266339880704,0
1471575970202176256,1
1471579627204068096,1
1471600942882133760,0
1471620325665255680,0
1471624358398224896,1
1471654211450147584,1
1471677534486186240,1
1471685899634069248,0
1471695048236092928,1
1471741611967725568,1
1471829256786794496,1
1471840061769027072,1
1471903308370259200,1
1471903747368939520,1
1472191653661270016,1
1472225589076032768,0
1472287909690191360,1
1472365971344256512,0
1472398418766725888,1
1472408319187804416,1
1472408864832003840,1
1472409629529939712,1
1472426802664605184,1
1472434156114792448,1
1472440341186579200,0
1472448673386341632,0
1472454170446126336,1
1472454230731405824,1
1472460839729884416,1
1472464476598304512,1
1472469371485419264,1
1472507203355878656,1
1472598383004589312,1
1472986109127629056,0
1472996546097118464,1
1473032204157583616,0
1473032497198735872,0
1473172082373605888,1
1473256684106769152,1
1473260953670046720,1
1473275044938173696,1
1473308610949212672,1
1473321745556078592,0
1473325056781436160,1
1473337326836070912,1
1473341440317057536,1
1473724127773396736,0
1473725606206016512,1
1473726705576337920,1
1473746508726377728,1
1473803855454196224,0
1473812677103143936,1
1473816149570748160,0
1473856786365927168,1
1473962607939421184,0
1473986404188109312,0
1474078413102528768,1
1474418316964560896,1
1474638746282180352,1
1474687915105569536,0
1474813641707086336,0
1475121765332984320,1
1475159083985064448,0
1475160271292276736,1
1475200084622316032,1
1475216570518224640,0
1475281044756758016,1
1475291532407908608,1
1475309867981313280,1
1475320486230951936,1
1475320520331808256,1
1475321621737191424,0
1475321886902945536,1
1475323687643045632,0
1475327479759020800,1
1475328691747298560,1
1475399088718857472,1
1475409577436479232,1
1475428009336451072,1
1475445983757711360,1
1475460612337991680,0
1475800925911609088,1
1475887952593781248,1
1475944753313005312,0
1475988538365528832,0
1476016933732903936,1
1476028032854774272,1
1476055966794014464,1
1476068764034535424,0
1476147270782740224,0
1476281597383359744,1
1476545542325855232,0
1476586459418910720,1
1476599756963916544,0
1476617833761764608,1
1476618987062794752,0
1476623253007719936,1
1476625048090489856,1
1476631081768865792,1
1476655179631209472,1
1476660367118381056,1
1476671615299530496,1
1476672928705160192,1
1476676436340881920,0
1476681994692463360,1
1476690990400319232,0
1476757170639368960,1
1476782780655169792,0
1476782782468269312,1
1476795126237113856,0
1476797178381004800,0
1476804813354754304,0
1476834144529349888,1
1476846662491362816,0
1476856388438573824,0
1476898805894895360,1
1476906483738223360,1
1476929889522932992,1
1476965401655977984,1
1477004919826616576,0
1477331461586774016,1
1477339755865660416,1
1477355593527123712,0
1477372192522788864,0
1477373264892534016,1
1477373757905402880,1
1477378251486187264,1
1477385912590382080,1
1477463880148533504,0
1477467578516764160,1
1477475685932615168,0
1477492520539120896,1
1477527538295396864,1
1477529591026959872,0
1477545436680335104,0
1477551406729834752,0
1477568802666514432,0
1477591497328852224,0
1477597899976888576,1
1477605224664857344,0
1477640927019868416,1
1477676311057594880,1
1478010338749844480,0
1478035460349204480,0
1478049762268127232,1
1478077105511464448,1
1478077965161366016,1
1478080338695213312,1
1478082688591288576,1
1478086899661592064,0
1478220833394423040,1
1478278691328518144,0
1478280883786784256,1
1478295936974065152,1
1478301198593482240,1
1478304807596461056,1
1478318769409971712,1
1478324453849715712,0
1478342222315229696,0
1478375275933640704,0
1478479692759113728,1
1478763428005975296,0
1478775106280235776,1
1478779225216959232,1
1478850107764901376,1
1478864900462863104,0
1478909432788278016,0
1479040914455662848,1
1479109752953018112,1
1479471268201716992,0
1479477049277566720,0
1479665749371551488,1
1479669583735176960,1
1479706248368688640,0
1479718141257844224,0
1479733530258034176,1
1479857519622953472,0
1479859823677192448,1
1480209513249126144,1
1480244971150181632,1
1480271092414077184,1
1480293096374115584,1
1480302312018040576,1
1480314645258517504,1
1480315414158465280,1
1480340101655995648,0
1480349419004541440,1
1480399579787334400,1
1480403155743145984,0
1480431342736375808,0
1480437971942866432,0
1480458111923741952,0
1480460317997915648,1
1480483745921613568,0
1480511621565042944,1
1480550749817676288,0
1480569160029718784,1
1480774868691200256,0
1480850939159572736,0
1480973282826499840,0
1480997773945112576,0
1481032415399426560,0
1481053878357749760,1
1481088731857832448,0
1481100066941540096,1
1481109497162240768,0
1481118391722676992,1
1481121181736679936,0
1481145643692280064,0
1481153647043939840,0
1481154852487622400,1
1481164589492126976,1
1481224465707701504,0
1481258499429674496,0
1481264605956023552,1
1481270485783564544,1
1481354197197400576,1
1481390001205213696,0
1481414412431281664,0
1481666250064142592,1
1481705549116210688,1
1481710572898842112,0
1481714090549839104,0
1481730943832958464,1
1481732119415575808,1
1481736136143064832,1
1481737447832296448,1
1481738484831604992,1
1481793825249481472,1
1481829320266142208,1
1481836358779627520,1
1481839537929597184,1
1481848754926782464,1
1481862844187891712,1
1481865027055501824,0
1481865297396405248,1
1481875703779784192,0
1481883463277398784,1
1481891486279111936,1
1481894037532610816,1
1481895749990068736,1
1481907902127154432,0
1481913254742037760,0
1481934874855276800,0
1481953024083397376,1
1481964334699808768,0
1481965372210101248,1
1482430554635324160,1
1482443202968760832,0
1482449942801036032,0
1482457958039876608,1
1482488089151048448,1
1482547809683387136,0
1482562966631984384,1
1482570123115668224,1
1482608363740742912,0
1482617051414700288,1
1482621473173309184,0
1482624833145660672,1
1482625189096493056,0
1482625793255835904,0
1482641575100152576,1
1482650089956510720,0
1482651556181342720,0
1482654404702048000,1
1482721839884109568,1
1482723153597634816,0
1482723742953529088,0
1482738478929846528,1
1482738764353457664,1
1482738889175013632,1
1482776116234697472,1
1482877521761872896,1
1483120617357025280,1
1483125975541677824,0
1483161827613122048,1
1483226421925331200,1
1483247146014219264,1
1483268319068717568,0
1483286554043405312,1
1483311390700196096,1
1483332525158759424,1
1483383969236205824,0
1483410925793854208,1
1483429943787602176,0
1483449718554081536,0
1483484989666575872,1
1483498816324368128,1
1483958486271464448,1
1484035344054054400,0
1484059224038842880,0
1484062607450613760,1
1484070135337836800,0
1484084287394185472,0
1484153784265177088,1
1484173272900830208,1
1484234177033910528,0
1484653502128000512,1
1484753540030477824,0
1484808060980336640,0
1484820989971816448,1
1484822775312772608,0
1484885566377784832,1
1484889087961803264,1
1484908171937529344,1
1484946995571278592,1
1484952716408557568,1
1485104689791278336,1
1485127703315844096,1
1485254404403263488,0
1485301743716916736,0
1485439287261214208,0
1485607556352279296,0
1485612224132926720,0
1485622212909678080,1
1485622423650470912,0
1485651548383213824,1
1485664657878440448,0
1486052757350234624,0
1486080689086556672,1
1486108587382828800,1
1486110795120181504,1
1486142530287411200,1
1486204260868836096,0
1486208860910223104,0
1486220825134124544,0
1486229062694772736,1
1486229780214420992,0
1486231998471356416,1
1486239171352264192,1
1486285031268286208,1
1486324123590788864,1
1486552820760289280,1
1486775203871111936,1
1486803267516137472,1
1486811343271002112,0
1486836255105955328,1
1486973607126921728,1
1487048376125433600,1
1487079415374431744,1
1487095982383465216,0
1487101174434503168,0
1487567045512393216,1
1487592236569632512,1
1487594509326697216,1
1487602046772009472,1
1487608100673630976,1
1487612175005134336,1
1487622581250909440,0
1487670964858200832,1
1487680443288722432,1
1487689485035591168,1
1487753337348786944,1
1488244207323667968,0
1488320019911490304,0
1488526507643742464,1
1488592704640950272,1
1489002189498916864,1
1489102688089991680,1
1489142480050320128,0
1489187284723470080,1
1489195357696498944,0
1489201712894498048,1
1489620117514726656,0
1489661870541835520,0
1489697856497008896,0
1489768506731497728,1
1489777002063217664,1
1489847299971812864,0
1489882137149963776,1
1489968326385524992,1
1490121468450699520,0
1490412127110019584,0
1490454491954977792,0
1490458779253195520,1
1490583693107138560,0
1490603008907712256,1
1490623759727383296,0
1490627318053838848,0
1490630428758244864,1
1490638593597235200,1
1490647718991833088,0
1490786115121055232,1
1490813850936757760,0
1491131900856606976,0
1491168297003145984,1
1491255727832384768,0
1491268640173306880,1
1491298248143775744,1
1491302560904486400,1
1491306371391925248,1
1491306833580934144,1
1491407712527591936,0
1491408090856076288,0
1491803717947084032,0
1491813463371559936,0
1491829135102355200,0
1491842672998376960,1
1491869928351270144,0
1491870508185225728,1
1491910609614938112,0
1492058218441924096,0
1492206552381806592,1
1492567385819811584,1
1492575848712917248,1
1492627043928621312,0
1492628810893947392,0
1492641394922794240,0
1492779333108847104,1
1492788913851077376,1
1492875127526013696,1
1492928094976233472,1
1493068488960961792,0
1493237488374214144,1
1493318391890423552,1
1493332963157921536,1
1493342980839402240,1
1493412227927637504,1
1493459108415341056,1
1493478741599009536,1
1493557883788175360,0
1493601529347305728,1
1494072164405781760,0
1494187281659463680,0
1494209203410023424,1
1494212275356106496,0
1494270286806698496,0
1494715132813488896,1
1494785488782802944,1
1494789116382523392,0
1494846415009120768,0
1494888786814097664,0
1494988042841788928,1
1494998048441330176,1
1495001993964524544,1
1495257979606002176,1
1495439218335485184,1
1495447515400784640,0
1495466031373594368,0
1495486418374892032,1
1495504460501178112,1
1495569632300078848,0
1495664354890288896,1
1495683836488792320,1
1495827723946739968,0
1496192029963361280,1
1496251936452782080,1
1496271398569434368,1
1496296915521607424,1
1496314657131201792,1
1496389772462593280,1
1496446065792868864,1
1496493537570103808,1
1496496477676192512,0
1496532846874321920,1
1496831086008862464,0
1496880753636616704,1
1496925812339549184,1
1496946632606892800,0
1497011842742434560,0
1497028095583262464,1
1497063284434157312,0
1497089577795610624,1
1497095626908575232,1
1497103003331565312,0
1497115965136804864,0
1497124740707964416,1
1497172675335539200,1
1497213466308064512,1
1497219264407048704,1
1497592777872285440,1
1497676590412461312,1
1497680790072571136,1
1497709223313172224,1
1497714172495429888,0
1497829111384592640,1
1497881297254606336,1
1498036001563004928,1
1498117496058309888,0
1498361351187355904,1
1498388912321354496,0
1498413704568468480,1
1498440458925034496,1
1498456683626087680,1
1498492174323164928,1
1498562072616504320,1
1498629575669446912,1
1498681745307182592,0
1498813507875357696,1
1498958983335085824,1
1499069676124490496,0
1499170019690776832,0
1499203258382230528,1
1499233285533856000,1
1499238919960593408,1
1499253953873627136,1
1499275563749009408,1
1499309039610340352,1
1499379810102190848,1
1499841594032980992,1
1499869076092844544,1
1499875824504244224,1
1499908495247042560,1
1499994778765826560,0
1500071729733957888,1
1500184282725363456,1
1500505217457713408,1
1500535939272319744,1
1500561052078796800,1
1500564756698060032,1
1500620072766787328,1
1500630534657519360,1
1500653872692179200,1
1500687297827493888,1
1500694626334603008,1
1500700998370579968,1
1500709116646317056,1
1500721996852579584,1
1500729053395691264,1
1500729283923963648,1
1500761497493506560,1
1500765236245535744,1
1500767720026945536,0
1500792981911552000,1
1500820811928445696,1
1500825541867695360,1
1500840965141137408,0
1500843219821208576,1
1500897731890916352,1
1501271054027096320,0
1501290165850563840,1
1501308194061793280,1
1501312779645943808,0
1501313412702268416,0
1501329084285301504,1
1501331863312707072,1
1501334729099007232,1
1501410662762488832,1
1501467026650144512,1
1501491204309698304,1
1501493073627798272,1
1501507402776463104,1
1501516600665091328,1
1501606240103869184,1
1501653547105723392,0
1501655011544422656,0
1501683003009263104,0
1502007387018117120,1
1502016560531843840,1
1502024306597943808,1
1502050043680936960,1
1502095168422521088,0
1502142547445158400,0
1502149357791389696,1
1502153992559833600,0
1502170678364783360,0
1502268654365267968,0
1502374280111174400,1
1502747945089692928,1
1502759415747812864,1
1502801795706548224,0
1502819551082866944,1
1502827468038029568,0
1502840429534258688,1
1502891211900064256,1
1502922026466272768,1
1502932585769612544,1
1502966401943723776,0
1503020398276580608,0
1503035125892837888,1
1503086135445655808,0
1503451755401144064,1
1503566612353491712,1
1503570186050728704,0
1503571987087206400,1
1503582689151482624,1
1503605861609432576,1
1503612849986405632,0
1503640281985084928,0
1503652784468966912,1
1503736089663728384,1
1503745088932935424,1
1504086715156632064,1
1504312563434107648,1
1504359379297687040,1
1504373250029478400,0
1504444516751567360,1
1504602810191254784,0
1504644536263985920,1
1504850427070330112,1
1504987677434907136,1
1505064504519170304,1
1505113977259845120,1
1505137199567517952,0
1505140947264890624,0
1505174591763849984,1
1505198392553063936,0
1505204774823728128,1
1505277311284204800,1
1505636614153837056,0
1505662949374429696,1
1505665553367680256,1
1505716705700023552,1
1505777569926019072,1
1505794216208098304,1
1505831694220884224,1
1505875261775229696,1
1505893228199372800,1
1505927779515964672,1
1506348439719141632,1
1506385112456690944,1
1506387209279571456,1
1506392015715294208,0
1506561685653003520,1
1506564292423337472,1
1506564560361940992,1
1506578397454590976,1
1506590703121355520,1
1506590707223044608,0
1506640268834271744,0
1506645361631685632,1
1506657782651309824,1
1506678689820827904,1
1506699761871784960,0
1506709149597727488,1
1507043115562553600,1
1507107619421561600,1
1507192724721346304,1
1507194540448849152,0
1507217939638307584,0
1507246482521531392,1
1507251058243394816,1
1507280385426504960,1
1507304914571794176,1
1507314217906168320,1
1507331173668902912,1
1507339119005414656,1
1507352184017720064,1
1507383631619449344,1
1507740279572476928,1
1507754553142364928,1
1507777474484822272,1
1507860831744371968,1
1507912557852753152,1
1507918351283098112,1
1507942038258611456,1
1507952624600154368,1
1507984923041071104,1
1507991158097328384,0
1508034799580958720,1
1508053195435584000,1
1508183196053274368,1
1508212318866557952,0
1508529357425089024,0
1508554192747044096,1
1508554408813673472,1
1508554766854379008,1
1508554973174153728,1
1508578792863988992,0
1508670340949000960,1
1508717577888142080,1
1508738335397514752,1
1508816683242128384,0
1508881104263238656,1
1509264731966854144,0
1509269634094351104,1
1509308259924301568,1
1509392114869132288,0
1509474222466311168,1
1509487722980053504,1
1509593603030556672,1
1509730804669690368,1
1510060895766817792,1
1510126880389310976,1
1510131187833426944,0
1510239051389688064,1
1510244782317388544,1
1510610169520181248,1
1510657493264533504,1
1510813749073236480,1
1510828808811914752,1
1510885353559250176,1
1510900756513441024,1
1510906057265231872,1
1510909856530132480,1
1510915898536333056,1
1510921054688314368,1
1510931966317621504,1
1510945422401415424,1
1510997147823775232,1
1511025158280666368,0
1511034246801030656,1
1511049998558634496,0
1511052415435185664,1
1511055993879059456,0
1511400784270737920,1
1511409017220918272,0
1511453181112098560,1
1511573482518902784,1
1511574397771497472,1
1511593544679884032,1
1511612705139649792,1
1511666395989904896,1
1512016276676283136,1
1512162871300801024,0
1512187106668701184,0
1512221146984467456,0
1512250872519213312,0
1512298130828119552,1
1512324757446394880,1
1512349542144202752,1
1512570573220259072,0
1512867093754414592,0
1512884179374331648,1
1512900815701734144,0
1513098849591372800,1
1513161341751416064,0
1513183105671772160,1
1513237550023390464,1
1513578579665413376,1
1513579449157948672,0
1513650860463875840,1
1513737410507872512,1
1513764822405992448,1
1513942991870332672,0
1513984895342739712,0
1514302441884890624,1
1514354241795930624,1
1514371930851322112,1
1514375690666703360,1
1514435352725379584,1
1514451423263226880,1
1514454718011034368,1
1514478250282148096,0
1514533253479380480,1
1514545376354283776,1
1514589270162510336,1
1514664783027515904,1
1514667969552898304,1
1514669583658505984,1
1514701392450577664,0
1514726066294779392,1
1515050660339348992,0
1515081301866946816,1
1515121863803717632,1
1515164240539830016,1
1515204185419084288,0
1515207956352630528,1
1515330426330332160,1
1515370609073244672,1
1515432973641137152,1
1515687161297551616,1
1515693269396896256,0
1515763849551202816,1
1515786292403857920,0
1515806347498736896,1
1515842492546125568,1
1515869238671833856,1
1515874554386907136,1
1515901772930299648,1
1515906735085796864,1
1515910042166432768,0
1515922429647284736,1
1515944310774894592,1
1515981478985176832,1
1516025281799044608,1
1516082011144950528,1
1516475351795159552,1
1516487815340481280,1
1516517023056969216,1
1516525061123243776,1
1516592776127849984,0
1516594313937307136,1
1516596421917447936,1
1516622895339739136,1
1516674059227470592,0
1516684895253744640,1
1516933905808642048,1
1517179954479764480,1
1517257517794045952,1
1517280769385452032,0
1517298146917629696,1
1517346047725417984,1
1517352957426298624,1
1517356725691232512,1
1517374351354995712,1
1517382632514353152,1
1517396642621881600,1
1517506129634694144,0
1517588715676192000,1
1517896586985043968,0
1517959508001852160,1
1517964247980793856,1
1517976912172083456,1
1518007945206709248,0
1518056252272612096,1
1518112827604226048,1
1518154989294023680,1
1518262821736265728,0
1518298088878147072,1
1518303943960532224,1
1518678228291261184,1
1518682633239383296,0
1518688563299876864,0
1518692990614325504,1
1518696143236814592,1
1518725350197487360,1
1518728990319310080,1
1518734942716759808,1
1518760198783259136,1
1518767728068046080,1
1518799321480008448,1
1518802573029815040,1
1518874527694498048,1
1518992745323879168,1
1519063165673944576,1
1519332096742200576,1
1519410049017672960,1
1519430751916200704,1
1519508561653029120,1
1519513171969834240,0
1519537675229542912,1
1519628356035393536,1
1519632453001310720,0
1519677985493599232,1
1520052078850323712,1
1520197785107247360,1
1520278879800121856,1
1520300045743939840,1
1520313325573788928,1
1520445789604406784,1
1520467932774459136,1
1520488523417373440,1
1520804060491093504,1
1520843871167896576,0
1520879427398667008,1
1520946787221233152,0
1520966564331953408,1
1520967419712350464,1
1520970686143131392,1
1520990837368674560,0
1520991952119627008,1
1521027070944436480,1
1521060428237688320,1
1521193045285230592,1
1521524692981673472,1
1521565635220925440,1
1521592266584598528,1
1521599702271869952,1
1521621117311906816,0
1521626824886784000,1
1521650578841521408,1
1521669122148851200,1
1521734583878988800,1
1521751544982141696,1
1521757328578964224,1
1521760047232232192,1
1521794094904345600,1
1521803431562541824,0
1521809540595497216,1
1521826871847982848,0
1521845385486469376,1
1521921003603514880,1
1522034887988304640,0
1522383031919924480,1
1522467745302040320,1
1522559595302276096,1
1522584422476616448,1
1522668918281182976,1
1523024831258034176,1
1523064594702948864,0
1523139024097230592,0
1523144399381763328,1
1523146347734839296,0
1523154980117594880,1
1523156729637401088,1
1523175889596808192,0
1523207223783561216,1
1523209985627028224,1
1523306929673758720,1
1523307525075994880,1
1523720318126072832,1
1523731328119933184,1
1523754166398118656,1
1523782264704827904,1
1523787118178812416,0
1523801085518673152,1
1523888649275589120,1
1523910842150205440,0
1524055854507059712,0
1524058780246261248,0
1524380174649306112,1
1524380195696323584,1
1524446701724267008,1
1524448105519376896,1
1524497415917954304,1
1524505927926477056,1
1524543607037760256,1
1524560864282694912,1
1524620043422490880,1
1524678318885807616,1
1524713377474363392,1
1525149658841147136,1
1525250414038945280,1
1525269558639494656,1
1525320473482096896,1
1525396404250928896,0
1525434843801698560,1
1525460410650710784,0
1525518924069235200,0
1525520922689205248,1
1525592805819918592,0
1525967797632934656,1
1526078988483329536,1
1526093209844580096,1
1526138959753547776,1
1526171846305997568,1
1526209635400346624,1
1526219564438935296,1
1526248708101775872,1
1526266144729877504,1
1526266351334803200,1
1526349668124002816,0
1526360974895091456,0
1526610298696754176,1
1526636992386767616,1
1526670351845303040,1
1526670430028152064,1
1526680022376604416,1
1526779733856319744,1
1526782071138610688,0
1526799710447250432,1
1526820498033520896,1
1526891086774744320,1
1526997555290919680,1
1527010745568352256,1
1527357164785957376,1
1527390437701503488,1
1527476800711422464,1
1527502057063858944,0
1527516142203545600,1
1527524190027039232,0
1527630302397591808,1
1527632452155144448,1
1527665267410739712,1
1527665814345240832,0
1527684782689294336,1
1527735762806827264,1
1528041974637047552,1
1528050063438636288,1
1528051346106738432,1
1528054267632474112,1
1528105035977561856,1
1528117896885396480,1
1528130494074641664,1
1528148875644631296,0
1528216661020946432,1
1528238186053148928,1
1528276770262446080,1
1528306439180671232,1
1528309225112311552,1
1528322388055814400,0
1528330548690561792,0
1528413699098849792,1
1528799135841271040,1
1528831677190940160,1
1528892582520443648,1
1528914723571672832,1
1528949946222209280,1
1528950795506733056,1
1529004317767176704,1
1529010049146741760,0
1529012464199767808,1
1529016518746505216,1
1529029916188217856,1
1529117603648608000,1
1529141995812080128,1
1529211925218473984,1
1529533744162978048,1
1529560904737564416,1
1529590679515596288,0
1529799676561649152,1
1529820457264727808,1
1530022384824993536,1
1530417924958955008,0
1530457314755056896,1
1530462140110842624,1
1530504399553755392,1
1531001814991980032,1
1531145933204386304,1
1531146361576822016,0
1531181154762454016,1
1531226741640971008,1
1531237214808413696,1
1531267541590538752,1
1531673644511518976,1
1531742009805873408,1
1531782728120124160,1
1531821024030917120,1
1531822784836023040,1
1531840290514863360,1
1531880554968599040,1
1531891653210224128,1
1531929203091773440,1
1531949733855680768,1
1532053877772874240,1
1532309488011414016,1
1532441945970026240,1
1532467282112673792,0
1532498763824070656,1
1532516815384711424,1
1532584942436995328,1
1532608873712868096,1
1532611325024544000,1
1532646036809657088,1
1532649287980451840,0
1533137004046321920,1
1533155588671634432,1
1533186736000559104,1
1533229757800170752,1
1533235085925429504,0
1533301480767073024,1
1533377797954239488,1
1533416608746045952,0
1533457298163736320,1
1533558352249134336,1
1533872105509573376,1
1533893219422503424,1
1533894639054801920,1
1534096666768473600,1
1534705412832803328,1
1534772837001703936,1
1534892836734544896,1
1535328268663815936,1
1535458579313524736,0
1535500770016573184,1
1535520552889909760,1
1535565834707585280,1
1535620347328823040,1
1535647224346857472,1
1535654521637449216,1
1536110309646975744,1
1536201810991523840,1
1536236939778681856,1
1536239972987097088,1
1536247884423909632,1
1536316179313087744,1
1536388195152248320,1
1536403533128955392,0
1536425546389846528,0
1536481849968487168,1
1536818323778957824,1
1536853164877832448,1
1536862858713586176,1
1536914085486098688,1
1536983144946827776,1
1537017255802975744,1
1537144776587165184,1
1537151244273270016,1
1537155179314691584,1
1537479703289880832,1
1537586346627445504,1
1537588619787061504,1
1537703542621574656,1
1537714657971995904,1
1537755153738496256,1
1537835743813129728,1
1538310473067981824,1
1538395145907101952,1
1538454460408139776,1
1538975335183806720,1
1538997400214712832,1
1539035460970473472,1
1539060997198198272,1
1539065206608352768,1
1539103577686451712,1
1539111262167312896,1
1539225733278244864,1
1539277235368968704,1
1539848357351341056,1
1539934851803343360,1
1539989474056423680,1
1540001688275185152,0
1540462263315721472,1
1540775251479134976,1
1541106254552762368,1
1541160733317417728,1
1541225376067612160,1
1541240866926218496,0
1541295269226670080,0
1541303756054169088,1
1541317945092559616,0
1541354706310341632,0
1541359136481095424,1
1541366027081961216,1
1541888490479313920,1
1541913336032701184,1
1541917138424311808,1
1541967750323670784,0
1542013235326633984,1
1542027382628228352,1
1542036588468094720,1
1542053492694448384,1
1542119937774867968,1
1542127996046383360,1
1542155984265333248,1
1542175745508104448,1
1542220337397134592,1
1542465159125259776,1
1542512877769790720,1
1542635020533958912,1
1542673976932787712,1
1542677528264628736,1
1542722515088012032,1
1542765611967728896,1
1542790845115115776,1
1542948289379854592,1
1543008367257839872,1
1543376338999167232,1
1543395164307935744,1
1543397771602975232,1
1543422475938583296,1
1543430919942057472,0
1543432947136468736,1
1543434882051327488,1
1543477938972241664,1
1543505820981394944,1
1543557261667927808,1
1543559604384157952,1
1543572069303096576,1
1543607174154881792,1
1543869257010370048,1
1544112466803212800,1
1544116683822894080,0
1544144307049488384,0
1544209272893864192,1
1544353279482879232,1
1544718698757891840,1
1544968934696806400,1
1544970771383450880,1
1544979821878355712,1
1545086780018082560,1
1545435532112182016,1
1545622937447159552,1
1546392277755855360,0
1546477020556306688,1
1546492466251749888,1
1546497443867811328,1
1546976162150138112,0
1547074681147693824,1
1547090333901862656,1
1547100173583274496,1
1547177088820235520,1
1547189109272627456,1
1547242261256581888,1
1547309720210489344,1
1547321111416057088,1
1547709289327363584,1
1547773382202824192,1
1547805214030994944,1
1547818513145433600,1
1547861833594378752,1
1547865019877704704,1
1547890713369806080,0
1547920114686160384,1
1547971137629958144,1
1547988961122872832,1
1548026581438765056,1
1548413078353084672,1
1548419115849221632,1
1548432992842279424,1
1548494526939073280,1
1548589473680512256,1
1548620689841185792,1
1549173236709682688,1
1549206068614742528,1
1549254705036348928,1
1549258782735517440,1
1549497310401523968,1
1549527273030231552,0
1550017250950259200,0
1550101520639006720,1
1550209978887334144,1
1550225452312651776,1
1550603664845943296,1
1550620581813242368,1
1550624766470921984,1
1550737165231720704,1
1550775967825425920,1
1550779798654473728,0
1550872793152613376,1
1550886380977340416,1
1551347350239077888,1
1551432880100308480,1
1551482998718310400,1
1551537988822859520,1
1551552050809838080,1
1551948930587824128,1
1552091059879217152,1
1552100020459544576,1
1552187031908392704,1
1552230236990000640,1
1552256474198850560,1
1552269967820692224,1
1552348076843762432,1
1552367892338621440,1
1552390434712003328,1
1552742640805232640,1
1552763080927624960,1
1552776874884302336,1
1552958207166375680,1
1552987852385013504,1
1553003001388606720,1
1553495351457021184,1
1553602240825620480,1
1553663470479351808,1
1553680232914559232,1
1553717226480763392,1
1553847359826200320,1
1553891903712086272,1
1554216043771673088,1
1554361193618893568,1
1554378512886163456,1
1554463818542407680,1
1554972849732534784,1
1555194127935857408,1
1555824887477464064,1
1555920047453872640,1
1556412771551769344,1
1556453031658759424,1
1556510344114383104,1
1556513596950076928,0
1556537085977901568,1
1556568740886628352,1
1556586575632334336,1
1556661084842109184,1
1556717707971270912,1
1557094786073116928,1
1557148988048590592,1
1557174771606421760,1
1557221373983612928,1
1557311508484108288,1
1557449025945886720,1
1557830432031552512,1
1557890192391823872,1
1557941896532242688,1
1558152154294596864,1
1558194623927703296,1
1558595407369884416,1
1558707713277326848,1
1558944173140151040,1
1558984896271761152,1
1559236148948416512,1
1559337300447753728,1
1559359175974263296,1
1559424684162498304,1
1560274872471446272,1
1560304054786429952,1
1560395969745147392,1
1560755380398248448,1
1561501365325962240,1
1561782906589747968,1
1561797155735803648,1
1562306445687429632,1
1562328810278135040,1
1562333699722738688,1
1562415481857145600,1
1562430048871021568,1
1562583380316460288,1
1562981129330274048,1
1562984850549502208,1
1563015915830428416,1
1563273321066031104,1
1563310459463690240,1
1563732977963249152,1
1563735913142869760,1
1563789288029100032,1
1563795576083829504,1
1563879734749482496,1
1564413190340712704,1
1564436628169362688,1
1564454005081472768,1
1564500814610244096,1
1564702245863925760,1
1564704500239111424,1
1565185336396326400,1
1565202431434283776,1
1565280937401916672,1
1565395823231460864,1
1566035264590536192,1
1566253653600016128,1
1566480323116044032,1
1566482061626382336,1
1566587455476319744,1
1566592063221279232,1
1566655258742848768,1
1566864775412656896,1
1567442559276674560,1
1567985020762104576,1
1567997700786121728,1
1568018083397582848,1
1568044578377848320,1
1568158949214060800,1
1568262401861864192,1
1568300512521542144,1
1568328587609208320,1
1568885094899412992,1
1569572720099313664,1
1570913582628326912,1
1571034403974507776,1
1571039552241010688,1
1571069690180999168,1
1571188859671635200,1
1571649684039380736,1
1571667450418377216,1
1571741460213922560,1
1571753371675024384,1
1572437268340766464,1
1572750190866861824,1
1573244335257906432,1
1573326296490812416,1
1573823607681493760,1
1573846765443138304,1
1574070096007097600,1
1574770823586377216,1
1575285790338710272,1
1575572507606053120,1
1575873508388498688,1
1575892212138777856,1
1576015473979960832,0
1576875858640328448,1
1577589599074886144,1
1578109695535889920,1
1578971592041377280,1
1579609568908167680,1
1579814480753707264,1
1581074474093778176,1
1581768573437473024,1
1581979388580116480,1
1583458907829092096,1
1585662491660270336,1
1622309975796192512,0
1622336561106789632,0
1622390872278199040,1
1622392200888110592,0
1622394337403477504,0
1622394350270209024,1
1622394371832997888,1
1622394412793705984,0
1622533338758465536,1
